(1, 1, 1, 0, 0, 0, 1, 0, 5, 5, 0, 1, 3, 0, 0)|-0.0735421343543482
(1, 1, 1, 0, 0, 0, 1, 0, 5, 5, 0, 0, 3, 0, 0)|-0.06484712232665447
(1, 1, 1, 0, 0, 0, 1, 0, 5, 5, 1, 0, 0, 0, 0)|-0.042202663828050956
(0, 1, 2, 0, 0, 0, 1, 0, 5, 5, 0, 0, 3, 0, 0)|-0.07012749228820422
(0, 1, 2, 0, 0, 0, 1, 0, 5, 5, 0, 1, 3, 0, 0)|-0.07407634994620473
(0, 1, 2, 0, 0, 0, 1, 0, 5, 5, 1, 0, 0, 0, 0)|-0.05158312689115177
(0, 0, 2, 0, 0, 0, 2, 0, 5, 5, 0, 0, 3, 0, 0)|-0.07950355397513478
(0, 0, 2, 0, 0, 0, 2, 0, 5, 5, 0, 1, 3, 0, 0)|-0.08402822886932378
(0, 0, 2, 0, 0, 0, 2, 0, 5, 5, 1, 0, 0, 0, 0)|-0.07023764691574953
(0, 0, 2, 0, 0, 0, 2, 0, 5, 5, 1, 0, 1, 0, 0)|-0.07564587619388105
(0, 0, 1, 0, 0, 0, 2, 0, 5, 5, 0, 2, 3, 0, 0)|-0.10198342769480492
(0, 0, 1, 0, 0, 0, 2, 0, 5, 5, 0, 1, 3, 0, 0)|-0.20593733364083455
(0, 0, 1, 0, 0, 0, 2, 0, 5, 5, 0, 0, 3, 0, 0)|-0.11494279443491037
(0, 0, 1, 0, 0, 0, 2, 0, 5, 5, 0, 2, 3, 1, 0)|-0.2931931084683218
(0, 0, 1, 0, 0, 0, 2, 0, 5, 5, 0, 1, 3, 1, 0)|-0.16899567692604034
(0, 0, 1, 0, 0, 0, 2, 0, 5, 5, 1, 0, 1, 0, 0)|-0.2802470250769604
(0, 0, 1, 0, 0, 0, 2, 0, 5, 5, 1, 0, 1, 1, 0)|-0.0834275133180093
(0, 0, 1, 0, 0, 0, 2, 0, 5, 5, 1, 0, 0, 1, 0)|-0.1716765427744311
(0, 0, 1, 0, 0, 0, 2, 0, 5, 5, 1, 0, 2, 1, 0)|-0.029563668884283956
(0, 0, 1, 0, 0, 0, 2, 0, 5, 5, 1, 0, 0, 0, 0)|-0.15747385649836496
(0, 0, 1, 0, 0, 0, 2, 0, 5, 5, 1, 0, 2, 0, 0)|-0.14094679960477877
(0, 0, 1, 0, 0, 0, 2, 0, 5, 5, 1, 1, 1, 0, 0)|-0.07542434813664949
(0, 0, 1, 0, 0, 0, 2, 0, 5, 5, 1, 1, 0, 0, 0)|-0.08516446787784576
(1, 0, 1, 0, 0, 0, 2, 0, 5, 5, 0, 0, 3, 0, 0)|-0.07403485368762035
(1, 0, 1, 0, 0, 0, 2, 0, 5, 5, 0, 1, 3, 0, 0)|-0.07488876174226328
(1, 0, 1, 0, 0, 0, 2, 0, 5, 5, 1, 0, 0, 0, 0)|-0.05321321033791158
(1, 0, 1, 0, 0, 0, 2, 0, 5, 5, 1, 0, 1, 0, 0)|-0.05755366195936468
(0, 0, 2, 0, 0, 0, 2, 0, 5, 5, 1, 1, 1, 0, 0)|-0.09283912709834777
(0, 0, 2, 0, 0, 0, 2, 0, 5, 5, 1, 1, 0, 0, 0)|-0.07364299097156135
(1, 0, 2, 0, 0, 0, 2, 0, 5, 5, 0, 0, 3, 0, 0)|-0.06812827948547481
(1, 0, 2, 0, 0, 0, 2, 0, 5, 5, 0, 1, 3, 0, 0)|-0.06876820250459648
(1, 0, 2, 0, 0, 0, 2, 0, 5, 5, 1, 0, 0, 0, 0)|-0.060594719059895615
(1, 0, 2, 0, 0, 0, 2, 0, 5, 5, 1, 0, 1, 0, 0)|-0.05781771684356623
(2, 0, 2, 0, 0, 0, 2, 0, 5, 5, 0, 0, 3, 0, 0)|-0.0626509589122375
(2, 0, 2, 0, 0, 0, 2, 0, 5, 5, 0, 1, 3, 0, 0)|-0.06674361306016419
(2, 0, 2, 0, 0, 0, 2, 0, 5, 5, 1, 0, 0, 0, 0)|-0.053264116195646694
(2, 0, 2, 0, 0, 0, 2, 0, 5, 5, 1, 0, 1, 0, 0)|-0.05460346980166956
(3, 0, 2, 0, 0, 0, 2, 0, 5, 5, 0, 0, 3, 0, 0)|-0.049504946808354974
(2, 0, 2, 0, 0, 0, 2, 0, 5, 5, 2, 0, 0, 0, 0)|-0.03467496107532166
(3, 0, 2, 0, 0, 0, 2, 0, 5, 5, 0, 0, 3, 1, 0)|-0.03599330984876903
(3, 0, 2, 0, 0, 0, 2, 0, 5, 5, 1, 0, 0, 1, 0)|0.0
(3, 0, 2, 0, 0, 0, 2, 0, 5, 5, 1, 0, 1, 1, 0)|-0.004088302132808448
(3, 0, 2, 0, 0, 0, 2, 0, 5, 5, 0, 1, 3, 1, 0)|-0.03519244349179146
(3, 0, 2, 0, 0, 0, 2, 0, 5, 5, 1, 0, 2, 1, 0)|-0.012792543507888809
(3, 0, 2, 0, 0, 0, 1, 0, 5, 5, 1, 0, 1, 0, 0)|-0.029855260280029456
(3, 0, 2, 0, 0, 0, 1, 0, 5, 5, 1, 0, 2, 0, 0)|-0.02308550821310923
(3, 0, 2, 0, 0, 0, 2, 0, 5, 5, 1, 1, 1, 1, 0)|-0.0040569995128463855
(3, 0, 2, 0, 0, 0, 2, 0, 5, 5, 1, 1, 2, 1, 0)|-0.010636970670072543
(3, 0, 2, 0, 0, 0, 1, 0, 5, 5, 1, 1, 1, 0, 0)|-0.02593689474725784
(3, 0, 2, 0, 0, 0, 1, 0, 5, 5, 1, 1, 2, 0, 0)|0.894820282509685
(3, 0, 2, 0, 0, 0, 1, 0, 5, 5, 2, 0, 0, 0, 0)|-0.016817901583384982
(3, 0, 2, 0, 0, 0, 1, 0, 5, 5, 2, 0, 1, 0, 0)|-0.01890558697896521
(4, 0, 2, 0, 0, 0, 1, 0, 5, 5, 1, 0, 1, 0, 0)|0.014540717911658294
(4, 0, 2, 0, 0, 0, 1, 0, 5, 5, 1, 1, 1, 0, 0)|0.11616573887155963
(4, 0, 2, 0, 0, 0, 1, 0, 5, 5, 2, 0, 0, 0, 0)|-0.013986161271932597
(4, 0, 2, 0, 0, 0, 1, 0, 5, 5, 1, 0, 2, 0, 0)|-0.01291859518698389
(4, 0, 2, 0, 0, 0, 1, 0, 5, 5, 1, 1, 2, 0, 0)|0.17767412979352953
(4, 0, 2, 0, 0, 0, 1, 0, 5, 5, 2, 0, 1, 0, 0)|-0.004285756966483159
(0, 0, 2, 0, 0, 0, 2, 0, 5, 5, 1, 1, 2, 0, 0)|-0.060239984823160446
(0, 0, 2, 0, 0, 0, 2, 0, 5, 5, 1, 2, 2, 0, 0)|-0.027062688792621754
(0, 0, 2, 0, 0, 0, 2, 0, 5, 5, 1, 2, 3, 0, 0)|-0.026762256168852302
(0, 0, 2, 0, 0, 0, 2, 0, 5, 5, 1, 1, 3, 0, 0)|-0.0845366970553589
(0, 0, 2, 0, 0, 0, 2, 0, 5, 5, 1, 1, 3, 1, 0)|-0.041938707808599617
(0, 0, 2, 0, 0, 0, 2, 0, 5, 5, 1, 2, 3, 1, 0)|-0.004831603755524334
(0, 0, 2, 0, 0, 0, 2, 0, 5, 5, 1, 0, 3, 1, 0)|-0.05008002939370414
(0, 0, 2, 0, 0, 0, 2, 0, 5, 5, 1, 1, 2, 1, 0)|-0.09311058087114296
(0, 0, 2, 0, 0, 0, 2, 0, 5, 5, 1, 0, 3, 0, 0)|-0.08516658287753269
(0, 0, 2, 0, 0, 0, 2, 0, 5, 5, 2, 0, 1, 0, 0)|-0.05892220465626784
(0, 0, 2, 0, 0, 0, 2, 0, 5, 5, 1, 0, 2, 0, 0)|-0.07308747152779498
(0, 0, 2, 0, 0, 0, 2, 0, 5, 5, 1, 0, 2, 1, 0)|-0.0413992010326773
(0, 0, 2, 0, 0, 0, 2, 0, 5, 5, 2, 0, 1, 1, 0)|-0.013374585006169823
(0, 0, 2, 0, 0, 0, 2, 0, 5, 5, 1, 0, 1, 1, 0)|-0.05953943214288407
(0, 0, 2, 0, 0, 0, 2, 0, 5, 5, 1, 1, 1, 1, 0)|-0.0530770321033734
(0, 0, 2, 0, 0, 0, 2, 0, 5, 5, 2, 0, 0, 0, 0)|-0.07526722646760367
(0, 0, 2, 0, 0, 0, 2, 0, 5, 5, 2, 0, 2, 0, 0)|-0.047348031469440846
(0, 0, 2, 0, 0, 0, 2, 0, 5, 5, 2, 0, 0, 1, 0)|0.12255122318651201
(0, 0, 2, 0, 0, 0, 2, 0, 5, 5, 2, 1, 0, 0, 0)|-0.06843689514899015
(1, 0, 2, 0, 0, 0, 2, 0, 5, 5, 1, 1, 2, 0, 0)|-0.05367769202612752
(1, 0, 2, 0, 0, 0, 2, 0, 5, 5, 1, 0, 2, 0, 0)|-0.056311644783370196
(1, 0, 2, 0, 0, 0, 2, 0, 5, 5, 1, 1, 1, 0, 0)|-0.06273328153848294
(1, 0, 2, 0, 0, 0, 2, 0, 5, 5, 2, 0, 1, 0, 0)|-0.03120723183207208
(1, 0, 2, 0, 0, 0, 2, 0, 5, 5, 2, 0, 0, 0, 0)|-0.053259953483506366
(1, 0, 2, 0, 0, 0, 2, 0, 5, 5, 2, 0, 2, 0, 0)|0.07854338385132309
(1, 0, 2, 0, 0, 0, 2, 0, 5, 5, 2, 1, 2, 0, 0)|0.7302851204516652
(1, 0, 2, 0, 0, 0, 2, 0, 5, 5, 2, 1, 1, 0, 0)|-0.03951290901640033
(1, 0, 2, 0, 0, 0, 1, 0, 5, 5, 2, 1, 1, 0, 0)|0.9252718826976891
(1, 0, 2, 0, 0, 0, 1, 0, 5, 5, 2, 1, 2, 0, 0)|0.0
(2, 0, 2, 0, 0, 0, 2, 0, 5, 5, 1, 0, 2, 0, 0)|-0.04341505575267989
(2, 1, 2, 0, 0, 0, 2, 0, 5, 5, 1, 0, 2, 0, 0)|-0.024434598495650217
(2, 1, 2, 0, 0, 0, 2, 0, 5, 5, 1, 1, 2, 0, 0)|-0.022817037384938933
(2, 1, 2, 0, 0, 0, 2, 0, 5, 5, 2, 0, 0, 0, 0)|-0.012556897911428729
(2, 1, 2, 0, 0, 0, 2, 0, 5, 5, 1, 0, 1, 0, 0)|-0.038322118144151256
(2, 1, 2, 0, 0, 0, 2, 0, 5, 5, 1, 1, 1, 0, 0)|-0.032148184259236705
(2, 1, 2, 0, 0, 0, 2, 0, 5, 5, 1, 0, 0, 0, 0)|-0.041381575019650715
(2, 1, 2, 0, 0, 0, 2, 0, 5, 5, 2, 0, 1, 0, 0)|-0.021475705869240472
(3, 1, 2, 0, 0, 0, 2, 0, 5, 5, 1, 0, 2, 0, 0)|-0.022920152340802087
(2, 1, 2, 0, 0, 0, 2, 0, 5, 5, 2, 1, 1, 0, 0)|-0.022992746876678218
(2, 1, 2, 0, 0, 0, 2, 0, 5, 5, 2, 1, 2, 0, 0)|-0.026374261984259986
(2, 1, 2, 0, 0, 0, 2, 0, 5, 5, 2, 0, 2, 0, 0)|-0.029429235607469746
(2, 1, 2, 0, 0, 0, 1, 0, 5, 5, 2, 1, 1, 0, 0)|-0.004269571537411276
(2, 1, 2, 0, 0, 0, 1, 0, 5, 5, 2, 0, 2, 0, 0)|-0.002410781295854523
(2, 1, 2, 0, 0, 0, 2, 0, 5, 5, 2, 0, 2, 1, 0)|-0.0071672502051762154
(2, 1, 2, 0, 0, 0, 2, 0, 5, 5, 2, 0, 1, 1, 0)|0.0
(2, 1, 2, 0, 0, 0, 2, 0, 5, 5, 2, 1, 2, 1, 0)|-0.004045317774217581
(2, 1, 2, 0, 0, 0, 2, 0, 5, 5, 2, 1, 1, 1, 0)|0.0
(2, 1, 2, 0, 0, 0, 1, 0, 5, 5, 2, 1, 2, 0, 0)|-0.012830194198211624
(2, 1, 2, 0, 0, 0, 2, 0, 5, 5, 2, 1, 2, 2, 0)|-0.004067539553508207
(2, 1, 2, 0, 0, 0, 1, 0, 5, 5, 2, 1, 2, 1, 0)|0.0
(2, 1, 2, 0, 0, 0, 2, 0, 5, 5, 2, 0, 2, 2, 0)|-0.004316942239149343
(2, 1, 2, 0, 0, 0, 2, 0, 5, 5, 2, 1, 1, 2, 0)|0.0
(2, 1, 2, 0, 0, 0, 2, 0, 5, 5, 2, 0, 1, 2, 0)|0.0
(2, 1, 2, 0, 0, 0, 1, 0, 5, 5, 2, 0, 2, 1, 0)|-0.005675347731716922
(2, 1, 2, 0, 0, 0, 1, 0, 5, 5, 2, 0, 1, 1, 0)|-0.0027586135396265865
(2, 0, 2, 0, 0, 0, 2, 0, 5, 5, 2, 0, 1, 0, 0)|-0.04117215298100907
(2, 0, 2, 0, 0, 0, 2, 0, 5, 5, 2, 0, 2, 0, 0)|-0.02911118772381432
(2, 0, 2, 0, 0, 0, 2, 0, 5, 5, 2, 1, 2, 0, 0)|-0.029517863325677608
(2, 0, 2, 0, 0, 0, 2, 0, 5, 5, 2, 1, 1, 0, 0)|-0.029466115848672713
(2, 0, 2, 0, 0, 0, 2, 0, 5, 5, 2, 1, 2, 1, 0)|-0.021941087203521448
(2, 0, 2, 0, 0, 0, 2, 0, 5, 5, 2, 1, 1, 1, 0)|-0.019819707378452716
(2, 0, 2, 0, 0, 0, 2, 0, 5, 5, 2, 0, 1, 1, 0)|-0.021821928396299674
(3, 1, 2, 0, 0, 0, 2, 0, 5, 5, 1, 0, 3, 0, 0)|-0.006213529356030955
(3, 1, 2, 0, 0, 0, 2, 0, 5, 5, 1, 1, 2, 0, 0)|-0.022261581683125448
(3, 1, 2, 0, 0, 0, 2, 0, 5, 5, 2, 0, 0, 0, 0)|-0.03398869154825577
(3, 1, 2, 0, 0, 0, 2, 0, 5, 5, 2, 0, 1, 0, 0)|-0.03386135040464121
(4, 1, 2, 0, 0, 0, 2, 0, 5, 5, 1, 0, 3, 0, 0)|0.0
(3, 1, 2, 0, 0, 0, 2, 0, 5, 5, 2, 1, 1, 0, 0)|0.0
(3, 1, 2, 0, 0, 0, 2, 0, 5, 5, 2, 1, 2, 0, 0)|-0.0039012782819275865
(3, 1, 1, 0, 0, 0, 2, 0, 5, 5, 1, 1, 2, 0, 0)|-0.002450934701768641
(3, 1, 1, 0, 0, 0, 2, 0, 5, 5, 1, 1, 1, 0, 0)|0.0
(3, 1, 1, 0, 0, 0, 2, 0, 5, 5, 1, 0, 1, 0, 0)|-0.004045823980926168
(3, 1, 1, 0, 0, 0, 2, 0, 5, 5, 1, 2, 2, 0, 0)|0.0
(1, 1, 1, 0, 0, 1, 2, 0, 5, 5, 1, 1, 2, 0, 0)|-0.007831714805566097
(1, 1, 1, 1, 0, 0, 2, 0, 5, 5, 1, 1, 2, 0, 0)|-0.007978150071032308
(1, 1, 1, 0, 1, 0, 2, 0, 5, 5, 1, 1, 2, 0, 0)|-0.008159513254646254
(1, 1, 1, 0, 1, 0, 2, 0, 5, 5, 1, 1, 1, 0, 0)|-0.019638869763100163
(1, 1, 1, 0, 1, 0, 2, 0, 5, 5, 1, 0, 1, 0, 0)|-0.006583768516000465
(1, 1, 1, 0, 1, 0, 2, 0, 5, 5, 1, 2, 2, 0, 0)|-0.007816475601335852
(1, 1, 1, 0, 1, 0, 2, 0, 5, 5, 1, 2, 3, 0, 0)|-0.007654921064043744
(1, 1, 1, 0, 1, 0, 1, 0, 5, 5, 1, 2, 3, 0, 0)|-0.005804923883425423
(1, 1, 1, 0, 1, 0, 1, 0, 5, 5, 1, 2, 2, 0, 0)|0.0
(1, 1, 1, 0, 1, 0, 1, 0, 5, 5, 1, 1, 2, 0, 0)|0.0
(1, 0, 1, 0, 1, 0, 2, 0, 5, 5, 1, 2, 3, 0, 0)|-0.012693340507043982
(1, 0, 1, 0, 1, 0, 2, 0, 5, 5, 1, 2, 2, 0, 0)|-0.029563379672915092
(1, 0, 1, 0, 1, 0, 2, 0, 5, 5, 1, 1, 2, 0, 0)|-0.023965808937341695
(1, 0, 1, 0, 1, 0, 2, 0, 5, 5, 1, 1, 1, 0, 0)|-0.027821089338487946
(1, 0, 1, 0, 1, 0, 2, 0, 5, 5, 1, 0, 1, 0, 0)|-0.025091160017270967
(1, 0, 1, 0, 1, 0, 2, 0, 5, 5, 1, 0, 0, 0, 0)|-0.024599960303687596
(2, 0, 1, 0, 1, 0, 2, 0, 5, 5, 0, 0, 3, 0, 0)|-0.017014779937855
(2, 0, 1, 0, 1, 0, 2, 0, 5, 5, 0, 1, 3, 0, 0)|-0.02040395652610625
(2, 0, 1, 0, 1, 0, 2, 0, 5, 5, 1, 0, 0, 0, 0)|0.07246853280562669
(2, 0, 1, 0, 1, 0, 2, 0, 5, 5, 1, 0, 1, 0, 0)|-0.018209482471285836
(3, 0, 1, 0, 1, 0, 2, 0, 5, 5, 0, 0, 3, 0, 0)|-0.02060242530892741
(2, 1, 1, 0, 1, 0, 2, 0, 5, 5, 1, 0, 1, 0, 0)|-0.014267482642464299
(2, 1, 1, 0, 1, 0, 2, 0, 5, 5, 1, 1, 1, 0, 0)|-0.016999459551780286
(2, 1, 1, 0, 1, 0, 2, 0, 5, 5, 1, 1, 2, 0, 0)|-0.008158080096555751
(2, 1, 1, 0, 1, 0, 2, 0, 5, 5, 1, 0, 0, 0, 0)|-0.015886003404572115
(2, 1, 1, 0, 1, 0, 2, 0, 5, 5, 1, 2, 2, 0, 0)|-0.008250247723589288
(2, 1, 1, 0, 1, 0, 2, 0, 5, 5, 1, 2, 3, 0, 0)|-0.012622142762984354
(2, 1, 1, 0, 1, 0, 2, 0, 5, 5, 1, 1, 3, 0, 0)|-0.006120715899414011
(2, 2, 1, 0, 1, 0, 2, 0, 5, 5, 1, 1, 2, 0, 0)|-0.01017227996996961
(2, 2, 1, 0, 1, 0, 2, 0, 5, 5, 1, 0, 2, 0, 0)|-0.012612016311138239
(2, 2, 1, 0, 1, 0, 2, 0, 5, 5, 1, 1, 3, 0, 0)|-0.011434247417482755
(2, 2, 1, 0, 1, 0, 2, 0, 5, 5, 1, 0, 1, 0, 0)|-0.005630459306184489
(2, 2, 1, 0, 1, 0, 2, 0, 5, 3, 1, 0, 1, 0, 0)|-0.002249726401891969
(2, 2, 1, 0, 1, 0, 2, 0, 5, 3, 1, 0, 2, 0, 0)|-0.0038858489099107677
(2, 2, 1, 0, 1, 0, 2, 0, 5, 3, 1, 1, 2, 0, 0)|0.0
(2, 2, 1, 0, 1, 0, 2, 0, 5, 3, 1, 1, 3, 0, 0)|0.0
(2, 2, 1, 0, 1, 0, 1, 0, 5, 3, 1, 0, 2, 0, 0)|-0.0022777655433307217
(2, 2, 1, 0, 1, 0, 1, 0, 5, 3, 1, 1, 2, 0, 0)|0.0
(2, 2, 1, 0, 1, 0, 1, 0, 5, 3, 1, 1, 3, 0, 0)|0.0
(2, 2, 1, 0, 1, 0, 1, 0, 5, 3, 1, 0, 1, 0, 0)|0.0
(2, 1, 1, 0, 1, 0, 2, 0, 5, 3, 1, 0, 2, 0, 0)|-0.004197394925896908
(2, 1, 1, 0, 1, 0, 2, 0, 5, 3, 1, 1, 2, 0, 0)|0.0
(2, 1, 1, 0, 1, 0, 2, 0, 5, 3, 1, 1, 3, 0, 0)|0.0
(2, 1, 1, 0, 1, 0, 2, 0, 5, 3, 1, 0, 1, 0, 0)|-0.005774353826003451
(2, 1, 1, 0, 1, 0, 2, 0, 5, 3, 1, 0, 3, 0, 0)|0.0
(2, 1, 1, 0, 1, 0, 1, 0, 5, 3, 1, 0, 1, 0, 0)|-0.003881017084463611
(2, 1, 1, 0, 1, 0, 1, 0, 5, 3, 1, 0, 2, 0, 0)|-0.002223536301499563
(2, 0, 1, 0, 1, 0, 2, 0, 5, 3, 1, 0, 2, 0, 0)|-0.00359484779443959
(2, 0, 1, 0, 1, 0, 2, 0, 5, 3, 1, 1, 2, 0, 0)|0.0727845620285902
(2, 0, 1, 0, 1, 0, 2, 0, 5, 3, 1, 0, 3, 0, 0)|0.0
(2, 0, 1, 0, 1, 0, 2, 0, 5, 3, 1, 1, 3, 0, 0)|0.0009882402419799123
(2, 0, 1, 0, 1, 0, 2, 0, 5, 3, 1, 0, 1, 0, 0)|0.0
(2, 0, 1, 0, 1, 0, 1, 0, 5, 3, 1, 1, 2, 0, 0)|0.36443856366711697
(2, 0, 1, 0, 1, 0, 1, 0, 5, 3, 1, 0, 2, 0, 0)|0.0
(2, 0, 1, 0, 1, 0, 1, 0, 5, 3, 1, 1, 3, 0, 0)|0.08428463900000001
(2, 0, 1, 0, 1, 0, 1, 0, 5, 3, 1, 0, 3, 0, 0)|0.0
(2, 0, 1, 0, 1, 0, 0, 0, 5, 3, 1, 1, 2, 0, 0)|0.0
(1, 1, 2, 0, 0, 0, 2, 0, 5, 5, 1, 0, 2, 0, 0)|-0.023207017954934607
(1, 1, 2, 0, 0, 0, 2, 0, 5, 5, 2, 0, 1, 0, 0)|-0.02479799133542958
(1, 1, 2, 0, 0, 0, 2, 0, 5, 5, 1, 0, 1, 0, 0)|-0.02886128982871393
(1, 1, 2, 0, 0, 0, 2, 0, 5, 5, 2, 0, 0, 0, 0)|-0.01921214457493185
(1, 1, 2, 0, 0, 0, 2, 0, 5, 5, 2, 0, 2, 0, 0)|-0.020485471178473377
(1, 1, 2, 0, 0, 0, 2, 0, 5, 5, 2, 0, 2, 1, 0)|-0.004036339545687233
(1, 1, 2, 0, 0, 0, 2, 0, 5, 5, 2, 0, 1, 1, 0)|-0.007685970314772955
(1, 1, 2, 0, 0, 0, 2, 0, 5, 5, 2, 1, 1, 1, 0)|-0.004094573899317226
(1, 1, 2, 0, 0, 0, 2, 0, 5, 5, 2, 1, 2, 1, 0)|-0.00396677380120351
(1, 1, 2, 0, 0, 0, 1, 0, 5, 5, 2, 0, 2, 0, 0)|0.0
(1, 1, 2, 0, 0, 0, 1, 0, 5, 5, 2, 1, 2, 0, 0)|-0.0031860134815208663
(1, 0, 2, 0, 0, 0, 2, 0, 5, 5, 2, 0, 3, 0, 0)|-0.009166024971597263
(1, 0, 2, 0, 0, 0, 1, 0, 5, 5, 2, 0, 3, 0, 0)|-0.020371031642980382
(1, 0, 2, 0, 0, 0, 1, 0, 5, 5, 2, 0, 2, 0, 0)|-0.006317272605367194
(1, 0, 1, 0, 0, 0, 1, 0, 5, 5, 1, 0, 3, 0, 0)|-0.014749082441573368
(1, 0, 1, 0, 0, 0, 1, 0, 5, 5, 1, 1, 2, 0, 0)|0.004184135973938347
(0, 0, 2, 0, 0, 0, 1, 0, 5, 5, 1, 1, 2, 0, 0)|0.1508132759780464
(0, 0, 2, 0, 0, 0, 1, 0, 5, 5, 1, 0, 2, 0, 0)|0.29098286871654305
(0, 0, 2, 0, 0, 0, 1, 0, 5, 5, 1, 0, 3, 0, 0)|-0.0996279597698905
(0, 0, 2, 0, 0, 0, 1, 0, 5, 5, 1, 1, 1, 0, 0)|-0.038374171095784816
(0, 0, 2, 0, 0, 0, 1, 0, 5, 5, 1, 0, 1, 0, 0)|-0.04634031921410336
(0, 0, 2, 0, 0, 0, 1, 0, 5, 5, 2, 0, 1, 0, 0)|-0.025312164276728312
(0, 0, 2, 0, 0, 0, 1, 0, 5, 5, 2, 0, 0, 0, 0)|-0.030411688899450638
(1, 0, 2, 0, 0, 0, 1, 0, 5, 5, 1, 0, 1, 0, 0)|-0.036464187873036104
(0, 0, 2, 0, 0, 0, 1, 0, 5, 5, 2, 1, 0, 0, 0)|-0.017898475066595886
(1, 0, 2, 0, 0, 0, 1, 0, 5, 5, 1, 1, 1, 0, 0)|-0.02795027227037435
(1, 0, 2, 0, 0, 0, 1, 0, 5, 5, 1, 1, 2, 0, 0)|-0.013091062103194094
(1, 0, 2, 0, 0, 0, 1, 0, 5, 5, 1, 0, 2, 0, 0)|-0.03120856502621733
(1, 0, 2, 0, 0, 0, 1, 0, 5, 5, 2, 0, 1, 0, 0)|0.29888566179449383
(1, 0, 2, 0, 0, 0, 1, 0, 5, 5, 2, 0, 0, 0, 0)|0.8041002988635049
(2, 0, 2, 0, 0, 0, 1, 0, 5, 5, 1, 1, 2, 0, 0)|0.049632685534921936
(1, 0, 2, 0, 0, 0, 1, 0, 5, 5, 2, 1, 0, 0, 0)|-0.0027571850041194098
(2, 0, 2, 0, 0, 0, 1, 0, 5, 5, 1, 1, 1, 0, 0)|-0.015617461172238287
(2, 0, 2, 0, 0, 0, 1, 0, 5, 5, 1, 0, 2, 0, 0)|-0.024629341099660404
(2, 0, 2, 0, 0, 0, 0, 0, 5, 5, 1, 1, 2, 0, 0)|0.0
(2, 0, 2, 0, 0, 0, 1, 0, 5, 5, 1, 1, 3, 0, 0)|-0.01858978840883504
(2, 0, 2, 0, 0, 0, 1, 0, 5, 5, 1, 0, 3, 0, 0)|-0.01651186121619558
(2, 0, 2, 0, 0, 0, 1, 0, 5, 5, 1, 0, 1, 0, 0)|-0.025515990076687
(2, 0, 2, 0, 0, 0, 1, 0, 5, 5, 2, 0, 1, 0, 0)|-0.03857128994266533
(2, 0, 2, 0, 0, 0, 1, 0, 5, 5, 2, 0, 2, 0, 0)|-0.020878312661815203
(2, 0, 2, 0, 0, 0, 1, 0, 5, 5, 2, 1, 1, 0, 0)|-0.013262279481557018
(2, 0, 2, 0, 0, 0, 1, 0, 5, 5, 2, 1, 2, 0, 0)|-0.01023212875392251
(2, 1, 2, 0, 0, 0, 1, 0, 5, 5, 2, 0, 1, 0, 0)|-0.006584416805962687
(2, 0, 2, 0, 0, 0, 2, 0, 5, 5, 2, 0, 2, 1, 0)|-0.017715613584846877
(2, 0, 2, 0, 0, 0, 2, 0, 5, 5, 2, 1, 0, 0, 0)|-0.012345158797922463
(2, 0, 2, 0, 0, 0, 2, 0, 5, 5, 2, 0, 0, 1, 0)|-0.020975106814798035
(2, 0, 2, 0, 0, 0, 2, 0, 5, 5, 2, 1, 0, 1, 0)|-0.012622550821642941
(3, 0, 2, 0, 0, 0, 2, 0, 5, 5, 1, 1, 2, 0, 0)|-0.03318507726376911
(3, 0, 2, 0, 0, 0, 2, 0, 5, 5, 1, 1, 1, 0, 0)|-0.03569042643130799
(3, 0, 2, 0, 0, 0, 2, 0, 5, 5, 1, 0, 1, 0, 0)|-0.038746387547958075
(3, 0, 2, 0, 0, 0, 2, 0, 5, 5, 1, 0, 2, 0, 0)|-0.03363435185498141
(3, 0, 2, 0, 0, 0, 2, 0, 5, 5, 2, 0, 1, 0, 0)|-0.019551771687805964
(3, 0, 2, 0, 0, 0, 2, 0, 5, 5, 2, 0, 0, 0, 0)|-0.03869284228021009
(4, 0, 2, 0, 0, 0, 2, 0, 5, 5, 1, 1, 2, 0, 0)|-0.01258328469566081
(3, 0, 2, 0, 0, 0, 2, 0, 5, 5, 2, 1, 0, 0, 0)|-0.00019022840077568626
(3, 0, 2, 0, 0, 0, 1, 0, 5, 5, 2, 1, 0, 0, 0)|0.0004257638529974277
(4, 0, 2, 0, 0, 0, 1, 0, 5, 5, 1, 0, 3, 0, 0)|0.0
(4, 0, 2, 0, 0, 0, 0, 0, 5, 5, 1, 1, 2, 0, 0)|0.0
(4, 0, 2, 0, 0, 0, 0, 0, 5, 5, 1, 1, 1, 0, 0)|0.0
(4, 1, 2, 0, 0, 0, 1, 0, 5, 5, 1, 1, 1, 0, 0)|-0.004187624873601855
(4, 1, 2, 0, 0, 0, 1, 0, 5, 5, 1, 1, 2, 0, 0)|-0.005664701162759314
(4, 1, 2, 0, 0, 0, 1, 0, 5, 5, 1, 0, 1, 0, 0)|0.0
(4, 1, 2, 0, 0, 0, 1, 0, 5, 5, 1, 0, 2, 0, 0)|-0.002637916457043095
(4, 0, 2, 0, 0, 0, 2, 0, 5, 5, 1, 0, 2, 0, 0)|0.06197878583670478
(4, 0, 2, 0, 0, 0, 2, 0, 5, 5, 1, 0, 1, 0, 0)|-0.023899669718799667
(4, 0, 2, 0, 0, 0, 2, 0, 5, 5, 1, 1, 1, 0, 0)|-0.018265188002705122
(4, 0, 2, 0, 0, 0, 2, 0, 5, 5, 1, 1, 0, 0, 0)|-0.014026087171214603
(4, 0, 2, 0, 0, 0, 2, 0, 5, 5, 1, 0, 0, 0, 0)|-0.029228907998910047
(4, 0, 1, 0, 0, 0, 2, 0, 5, 5, 1, 1, 1, 0, 0)|-0.0022443826964636364
(4, 0, 1, 0, 0, 0, 2, 0, 5, 5, 1, 0, 1, 0, 0)|-0.003884612051495254
(4, 0, 1, 0, 0, 0, 2, 0, 5, 5, 1, 1, 2, 0, 0)|0.0
(4, 0, 1, 0, 0, 0, 2, 0, 5, 5, 1, 0, 2, 0, 0)|0.0
(4, 0, 1, 0, 0, 0, 2, 0, 5, 5, 1, 1, 0, 0, 0)|0.0
(4, 0, 1, 0, 0, 0, 1, 0, 5, 5, 1, 1, 1, 0, 0)|0.0
(2, 0, 1, 0, 0, 1, 2, 0, 5, 5, 1, 1, 1, 0, 0)|-0.004198688374714298
(2, 0, 1, 1, 0, 0, 2, 0, 5, 5, 1, 1, 1, 0, 0)|0.0
(2, 0, 1, 0, 1, 0, 2, 0, 5, 5, 1, 1, 1, 0, 0)|-0.018899675841246404
(2, 0, 1, 0, 1, 0, 2, 0, 5, 5, 1, 1, 2, 0, 0)|-0.013735321578951049
(2, 0, 1, 0, 1, 0, 2, 0, 5, 5, 1, 0, 2, 0, 0)|-0.013499531192057912
(2, 0, 1, 0, 1, 0, 2, 0, 5, 5, 1, 1, 0, 0, 0)|-0.012879906190054883
(2, 0, 1, 0, 1, 0, 1, 0, 5, 5, 1, 1, 1, 0, 0)|0.03474335497130987
(2, 0, 1, 0, 1, 0, 1, 0, 5, 5, 1, 1, 2, 0, 0)|-0.014240047135711646
(2, 0, 1, 0, 1, 0, 1, 0, 5, 5, 1, 2, 2, 0, 0)|-0.011797061653789472
(2, 0, 1, 0, 1, 0, 1, 0, 5, 5, 1, 0, 2, 0, 0)|0.006995290108133673
(2, 0, 1, 0, 1, 0, 1, 0, 5, 5, 1, 1, 3, 0, 0)|0.0
(2, 0, 1, 0, 1, 0, 1, 0, 5, 5, 1, 0, 3, 0, 0)|0.20581640384246203
(2, 0, 1, 0, 1, 0, 0, 0, 5, 5, 1, 0, 3, 0, 0)|0.0
(0, 1, 2, 0, 0, 0, 1, 0, 5, 5, 1, 0, 1, 0, 0)|-0.05121178348027254
(1, 1, 2, 0, 0, 0, 1, 0, 5, 5, 0, 0, 3, 0, 0)|-0.040734761342479116
(0, 1, 2, 0, 0, 0, 2, 0, 5, 5, 1, 1, 1, 0, 0)|-0.0422773108030737
(0, 1, 2, 0, 0, 0, 2, 0, 5, 5, 1, 0, 1, 0, 0)|-0.044373023485120816
(0, 1, 2, 0, 0, 0, 2, 0, 5, 5, 1, 0, 0, 0, 0)|-0.038555474325115816
(1, 1, 2, 0, 0, 0, 2, 0, 5, 5, 0, 0, 3, 0, 0)|-0.04748397798256668
(1, 1, 2, 0, 0, 0, 2, 0, 5, 5, 0, 1, 3, 0, 0)|-0.051706113460662666
(1, 1, 2, 0, 0, 0, 2, 0, 5, 5, 0, 2, 3, 0, 0)|-0.05336859336644901
(1, 1, 2, 0, 0, 0, 2, 0, 5, 5, 0, 2, 3, 1, 0)|-0.01531989166133756
(1, 1, 2, 0, 0, 0, 1, 0, 5, 5, 0, 2, 3, 0, 0)|-0.00730859204569329
(1, 1, 2, 0, 0, 0, 2, 0, 5, 5, 0, 1, 3, 1, 0)|-0.04564554263485171
(1, 1, 2, 0, 0, 0, 1, 0, 5, 5, 0, 1, 3, 0, 0)|-0.03383316908476039
(1, 0, 2, 0, 0, 0, 2, 0, 5, 5, 0, 2, 3, 0, 0)|-0.051483689531146855
(1, 0, 2, 0, 0, 0, 1, 0, 5, 5, 0, 2, 3, 0, 0)|-0.005282902674750699
(1, 0, 2, 0, 0, 0, 1, 0, 5, 5, 0, 1, 3, 0, 0)|-0.04574821430486529
(1, 0, 2, 0, 0, 0, 1, 0, 5, 5, 0, 0, 3, 0, 0)|-0.05271207428861403
(1, 0, 2, 0, 0, 0, 1, 0, 5, 5, 1, 0, 0, 0, 0)|-0.03084906448718036
(2, 0, 2, 0, 0, 0, 1, 0, 5, 5, 0, 0, 3, 0, 0)|-0.0035526507208448496
(2, 0, 2, 0, 0, 0, 1, 0, 5, 5, 0, 1, 3, 0, 0)|-0.02554695208293857
(2, 0, 2, 0, 0, 0, 1, 0, 5, 5, 1, 0, 0, 0, 0)|-0.026251417599211336
(3, 0, 2, 0, 0, 0, 1, 0, 5, 5, 0, 0, 3, 0, 0)|-0.016165633881816587
(3, 0, 2, 0, 0, 0, 1, 0, 5, 5, 0, 1, 3, 0, 0)|-0.018601414214781634
(3, 0, 2, 0, 0, 0, 1, 0, 5, 5, 1, 0, 0, 0, 0)|-0.015161821775155111
(4, 0, 2, 0, 0, 0, 1, 0, 5, 5, 0, 0, 3, 0, 0)|-0.012996243698073217
(4, 0, 2, 0, 0, 0, 1, 0, 5, 5, 0, 1, 3, 0, 0)|-0.019807545259206534
(4, 0, 2, 0, 0, 0, 1, 0, 5, 5, 1, 0, 0, 0, 0)|-0.0061606745428480275
(5, 0, 2, 0, 0, 0, 1, 0, 5, 5, 0, 0, 3, 0, 0)|-0.0268321718471964
(5, 0, 2, 0, 0, 0, 1, 0, 5, 5, 0, 1, 3, 0, 0)|-0.02483465409752499
(5, 0, 2, 0, 0, 0, 1, 0, 5, 5, 1, 0, 0, 0, 0)|0.0
(5, 1, 2, 0, 0, 0, 1, 0, 5, 5, 1, 0, 0, 0, 0)|-0.007394214184042187
(5, 1, 2, 0, 0, 0, 1, 0, 5, 5, 1, 0, 1, 0, 0)|-0.008084025948252084
(6, 1, 2, 0, 0, 0, 1, 0, 5, 5, 0, 0, 3, 0, 0)|-0.0029860135351983687
(5, 1, 2, 0, 0, 0, 1, 0, 5, 5, 1, 1, 1, 0, 0)|-0.007346955477667569
(5, 1, 2, 0, 0, 0, 1, 0, 5, 5, 1, 0, 2, 0, 0)|-0.011940165456628557
(5, 0, 2, 0, 0, 0, 2, 0, 5, 5, 1, 0, 2, 0, 0)|-0.018537517723886614
(5, 0, 2, 0, 0, 0, 2, 0, 5, 5, 1, 1, 1, 0, 0)|-0.012762832583106185
(5, 0, 2, 0, 0, 0, 2, 0, 5, 5, 1, 0, 1, 0, 0)|-0.013996551557236931
(5, 0, 2, 0, 0, 0, 2, 0, 5, 5, 1, 0, 0, 0, 0)|-0.013515489386042771
(5, 1, 2, 0, 0, 0, 2, 0, 5, 5, 1, 0, 0, 0, 0)|-0.011354132825925197
(5, 1, 2, 0, 0, 0, 2, 0, 5, 5, 1, 0, 1, 0, 0)|-0.0128685538801733
(6, 1, 2, 0, 0, 0, 2, 0, 5, 5, 0, 0, 3, 0, 0)|0.0
(5, 1, 2, 0, 0, 0, 2, 0, 5, 5, 1, 1, 1, 0, 0)|-0.009694745283423817
(5, 1, 2, 0, 0, 0, 2, 0, 5, 5, 1, 0, 2, 0, 0)|-0.0062901357050185605
(6, 1, 2, 0, 0, 0, 1, 0, 5, 5, 0, 1, 3, 0, 0)|0.0
(6, 1, 2, 0, 0, 0, 1, 0, 5, 5, 1, 0, 0, 0, 0)|0.0
(6, 1, 2, 0, 0, 0, 0, 0, 5, 5, 0, 0, 3, 0, 0)|0.0
(6, 0, 2, 0, 0, 0, 2, 0, 5, 5, 0, 0, 3, 0, 0)|-0.012066817057759653
(6, 0, 2, 0, 0, 0, 2, 0, 5, 5, 0, 1, 3, 0, 0)|-0.006522917466041997
(6, 0, 2, 0, 0, 0, 2, 0, 5, 5, 1, 0, 0, 0, 0)|0.0
(6, 0, 2, 0, 0, 0, 2, 0, 5, 5, 1, 0, 2, 0, 0)|-0.004692401285754667
(6, 0, 2, 0, 0, 0, 2, 0, 5, 5, 1, 0, 1, 0, 0)|-0.011329980760433967
(6, 0, 2, 0, 0, 0, 2, 0, 5, 5, 2, 0, 0, 0, 0)|-0.009894468396105041
(6, 0, 2, 0, 0, 0, 2, 0, 5, 5, 2, 0, 1, 0, 0)|-0.014019326114877998
(7, 0, 2, 0, 0, 0, 2, 0, 5, 5, 1, 0, 1, 0, 0)|-0.006338969649446103
(7, 0, 2, 0, 0, 0, 2, 0, 5, 5, 1, 0, 2, 0, 0)|-0.007656702909374841
(6, 0, 2, 0, 0, 0, 2, 0, 5, 5, 2, 0, 2, 0, 0)|-0.008402938006039294
(7, 0, 2, 0, 0, 0, 2, 0, 5, 5, 2, 0, 0, 0, 0)|-0.007514757703214908
(7, 0, 2, 0, 0, 0, 2, 0, 5, 5, 2, 0, 1, 0, 0)|0.0
(8, 0, 2, 0, 0, 0, 2, 0, 5, 5, 1, 0, 1, 0, 0)|-0.004199881854240664
(8, 0, 2, 0, 0, 0, 2, 0, 5, 5, 1, 1, 1, 0, 0)|0.0
(8, 0, 2, 0, 0, 0, 2, 0, 5, 5, 2, 0, 0, 0, 0)|-0.004197443454672434
(8, 0, 2, 0, 0, 0, 2, 0, 5, 5, 1, 0, 0, 0, 0)|0.0
(8, 0, 2, 0, 0, 0, 2, 0, 5, 5, 1, 0, 2, 0, 0)|-0.005802265479693201
(8, 0, 2, 0, 0, 0, 2, 0, 5, 5, 1, 1, 2, 0, 0)|0.0
(8, 0, 2, 0, 0, 0, 2, 0, 5, 5, 2, 0, 1, 0, 0)|-0.005774898481172095
(9, 0, 2, 0, 0, 0, 2, 0, 5, 5, 1, 0, 2, 0, 0)|0.0
(8, 0, 2, 0, 0, 0, 2, 0, 5, 5, 2, 1, 1, 0, 0)|-0.0038871916830719544
(8, 0, 2, 0, 0, 0, 2, 0, 5, 5, 2, 1, 0, 0, 0)|-0.0022928359491801824
(8, 0, 1, 0, 0, 0, 2, 0, 5, 5, 1, 1, 0, 0, 0)|-0.004364843879779801
(8, 0, 1, 0, 0, 0, 2, 0, 5, 5, 1, 1, 1, 0, 0)|0.0
(8, 0, 1, 0, 0, 0, 2, 0, 5, 5, 1, 0, 0, 0, 0)|0.0
(7, 0, 2, 0, 0, 0, 2, 0, 5, 5, 1, 1, 0, 0, 0)|0.0
(6, 0, 1, 0, 0, 1, 2, 0, 5, 5, 1, 1, 0, 0, 0)|0.0
(6, 0, 1, 1, 0, 0, 2, 0, 5, 5, 1, 1, 0, 0, 0)|0.0
(6, 0, 1, 0, 1, 0, 2, 0, 5, 5, 1, 1, 0, 0, 0)|-0.0076536911310864375
(7, 0, 1, 0, 1, 0, 2, 0, 5, 5, 0, 0, 3, 0, 0)|0.0
(6, 0, 1, 0, 1, 0, 2, 0, 5, 5, 1, 0, 0, 0, 0)|-0.005790839645733906
(6, 0, 1, 0, 1, 0, 2, 0, 5, 5, 1, 1, 1, 0, 0)|-0.00406791206944763
(6, 0, 1, 0, 1, 0, 2, 0, 5, 5, 1, 0, 1, 0, 0)|-0.004321123113890339
(6, 0, 0, 0, 1, 0, 2, 0, 5, 5, 0, 3, 3, 0, 0)|-0.007162997911227135
(5, 0, 1, 0, 1, 0, 2, 0, 5, 5, 0, 1, 3, 0, 0)|0.0
(4, 0, 0, 0, 1, 1, 2, 0, 5, 5, 0, 3, 3, 0, 0)|0.0
(4, 0, 0, 1, 1, 0, 2, 0, 5, 5, 0, 3, 3, 0, 0)|0.0
(4, 0, 0, 0, 2, 0, 2, 0, 5, 5, 0, 3, 3, 0, 0)|-0.03905833794867716
(4, 0, 0, 0, 2, 0, 1, 0, 5, 5, 0, 3, 3, 0, 0)|-0.0036990409327250853
(4, 0, 0, 0, 2, 0, 1, 0, 5, 3, 0, 3, 3, 0, 0)|-0.00018115524943979012
(4, 0, 0, 0, 2, 0, 1, 0, 5, 2, 0, 3, 3, 0, 0)|0.05952746251017708
(4, 0, 0, 0, 2, 0, 1, 0, 5, 0, 0, 3, 3, 0, 0)|0.7907006550433845
(0, 0, 2, 0, 0, 0, 1, 0, 5, 5, 1, 1, 3, 0, 0)|-0.05305390961501468
(0, 0, 2, 0, 0, 0, 1, 0, 5, 5, 2, 0, 2, 0, 0)|-0.035613362362222345
(0, 0, 2, 0, 0, 0, 1, 0, 5, 5, 2, 1, 1, 0, 0)|-0.03257692423222378
(0, 0, 2, 0, 0, 0, 1, 0, 5, 5, 2, 1, 2, 0, 0)|-0.03395828976391419
(0, 0, 1, 0, 0, 0, 1, 0, 5, 5, 1, 1, 1, 0, 0)|0.023266418220180315
(0, 0, 1, 0, 0, 0, 1, 0, 5, 5, 1, 0, 1, 0, 0)|-0.02261507565512784
(0, 0, 1, 0, 0, 0, 1, 0, 5, 5, 1, 0, 2, 0, 0)|-0.03169030030704082
(0, 0, 1, 0, 0, 0, 1, 0, 5, 5, 1, 1, 2, 0, 0)|-0.007427286008247446
(0, 0, 1, 0, 0, 0, 1, 0, 5, 5, 1, 0, 3, 0, 0)|-0.03809644893495325
(0, 0, 1, 0, 0, 0, 1, 0, 5, 5, 1, 1, 3, 0, 0)|-0.05823581666388389
(0, 0, 1, 0, 0, 0, 1, 0, 5, 5, 1, 0, 0, 0, 0)|0.004033810807935407
(0, 0, 1, 0, 0, 0, 1, 0, 5, 5, 1, 1, 0, 0, 0)|0.006944800883780979
(1, 0, 1, 0, 0, 0, 1, 0, 5, 5, 0, 1, 3, 0, 0)|0.054400694142584846
(1, 0, 1, 0, 0, 0, 1, 0, 5, 5, 0, 0, 3, 0, 0)|0.04119204652740911
(1, 0, 1, 0, 0, 0, 1, 0, 5, 5, 0, 2, 3, 0, 0)|0.018260112868329653
(0, 0, 2, 0, 0, 0, 1, 0, 5, 5, 0, 0, 3, 0, 0)|-0.05693584734873144
(0, 0, 2, 0, 0, 0, 1, 0, 5, 5, 0, 1, 3, 0, 0)|-0.0394583053237849
(0, 0, 2, 0, 0, 0, 1, 0, 5, 5, 1, 0, 0, 0, 0)|-0.042713289942710626
(0, 0, 2, 0, 0, 0, 1, 0, 5, 5, 1, 1, 0, 0, 0)|-0.042718464352082874
(0, 1, 2, 0, 0, 0, 1, 0, 5, 5, 1, 1, 0, 0, 0)|-0.021583119669607777
(1, 0, 2, 0, 0, 0, 1, 0, 5, 5, 1, 1, 0, 0, 0)|-0.02957041833538203
(2, 0, 2, 0, 0, 0, 1, 0, 5, 5, 2, 0, 0, 0, 0)|-0.020098468586170086
(2, 0, 2, 0, 0, 0, 1, 0, 5, 5, 2, 1, 0, 0, 0)|0.039384799446628975
(5, 0, 2, 0, 0, 0, 1, 0, 5, 5, 1, 0, 2, 0, 0)|-0.021637922239442046
(5, 0, 2, 0, 0, 0, 1, 0, 5, 5, 1, 0, 1, 0, 0)|-0.021030426280138504
(5, 1, 2, 0, 0, 0, 1, 0, 5, 5, 1, 0, 3, 0, 0)|-0.014325130036524542
(5, 1, 2, 0, 0, 0, 1, 0, 5, 5, 2, 0, 1, 0, 0)|0.0
(5, 1, 2, 0, 0, 0, 1, 0, 5, 5, 2, 0, 1, 1, 0)|-0.007485980984679359
(5, 1, 2, 0, 0, 0, 1, 0, 5, 5, 2, 0, 0, 1, 0)|0.0
(5, 1, 2, 0, 0, 0, 0, 0, 5, 5, 2, 0, 1, 0, 0)|0.0
(5, 0, 2, 0, 0, 0, 2, 0, 5, 5, 2, 0, 1, 1, 0)|-0.003870353206822022
(5, 0, 2, 0, 0, 0, 2, 0, 5, 5, 2, 0, 2, 1, 0)|-0.002103851928417757
(5, 0, 2, 0, 0, 0, 2, 0, 5, 5, 2, 0, 0, 1, 0)|0.0
(5, 0, 2, 0, 0, 0, 1, 0, 5, 5, 2, 0, 1, 0, 0)|-0.006255689224433992
(5, 0, 1, 0, 0, 0, 2, 0, 5, 5, 1, 0, 2, 0, 0)|-0.002265021426863965
(5, 0, 1, 0, 0, 0, 2, 0, 5, 5, 1, 0, 1, 0, 0)|0.0
(3, 0, 1, 0, 0, 1, 2, 0, 5, 5, 1, 0, 2, 0, 0)|-0.007716238229509469
(3, 0, 1, 1, 0, 0, 2, 0, 5, 5, 1, 0, 2, 0, 0)|0.0
(3, 0, 1, 0, 1, 0, 2, 0, 5, 5, 1, 0, 2, 0, 0)|-0.00727694771395786
(3, 0, 1, 0, 1, 0, 2, 0, 5, 5, 1, 0, 1, 0, 0)|-0.011336689001965931
(3, 0, 1, 0, 1, 0, 2, 0, 5, 5, 1, 0, 0, 0, 0)|-0.007824875429355244
(3, 0, 1, 0, 1, 0, 2, 0, 5, 5, 1, 1, 1, 0, 0)|-0.011418368079715456
(3, 0, 1, 0, 1, 0, 2, 0, 5, 5, 1, 1, 0, 0, 0)|-0.0023184068663409814
(4, 0, 1, 0, 1, 0, 2, 0, 5, 5, 0, 1, 3, 0, 0)|-0.00464896518156646
(4, 0, 1, 0, 1, 0, 2, 0, 5, 5, 0, 0, 3, 0, 0)|-0.010842482396929965
(4, 0, 1, 0, 1, 0, 2, 0, 5, 5, 1, 0, 1, 0, 0)|-0.004198669072077004
(4, 0, 1, 0, 1, 0, 2, 0, 5, 5, 1, 0, 0, 0, 0)|-0.005788654007598243
(4, 1, 1, 0, 1, 0, 2, 0, 5, 5, 1, 0, 0, 0, 0)|-0.004043134120081197
(4, 1, 1, 0, 1, 0, 2, 0, 5, 5, 1, 0, 1, 0, 0)|-0.004028974209352389
(4, 1, 1, 0, 1, 0, 2, 0, 5, 5, 1, 1, 0, 0, 0)|0.0
(5, 1, 1, 0, 1, 0, 2, 0, 5, 5, 0, 1, 3, 0, 0)|0.0
(4, 1, 1, 0, 1, 0, 2, 0, 5, 5, 1, 0, 0, 0, 1)|-0.004043031650742949
(4, 1, 1, 0, 1, 0, 2, 0, 5, 5, 1, 0, 1, 0, 1)|-0.0040418816020532985
(4, 1, 1, 0, 1, 0, 2, 0, 5, 5, 1, 1, 0, 0, 1)|0.0
(5, 1, 1, 0, 1, 0, 2, 0, 5, 5, 0, 1, 3, 0, 1)|0.0
(4, 1, 1, 0, 1, 0, 1, 0, 5, 5, 1, 0, 1, 0, 1)|-0.0038841100937417354
(4, 1, 1, 0, 1, 0, 1, 0, 5, 5, 1, 0, 0, 0, 1)|-0.0022582502103449505
(4, 0, 1, 0, 1, 0, 2, 0, 5, 5, 1, 0, 0, 0, 1)|-0.0039805578927216735
(4, 0, 1, 0, 1, 0, 2, 0, 5, 5, 1, 0, 1, 0, 1)|0.0
(4, 0, 1, 0, 1, 0, 2, 0, 5, 5, 1, 1, 0, 0, 1)|0.0
(5, 0, 1, 0, 1, 0, 2, 0, 5, 5, 0, 1, 3, 0, 1)|0.0
(4, 0, 1, 0, 1, 0, 1, 0, 5, 5, 1, 0, 0, 0, 1)|-0.00334071709003
(4, 0, 1, 0, 1, 0, 1, 0, 5, 5, 1, 0, 1, 0, 1)|0.07173171700258389
(4, 0, 1, 0, 1, 0, 1, 0, 5, 5, 1, 1, 1, 0, 1)|0.13445325134873903
(4, 0, 1, 0, 1, 0, 1, 0, 5, 5, 1, 1, 0, 0, 1)|0.0
(5, 0, 1, 0, 1, 0, 1, 0, 5, 5, 0, 1, 3, 0, 1)|0.0
(4, 0, 1, 0, 1, 0, 1, 0, 5, 5, 1, 0, 2, 0, 1)|0.11382511269124047
(4, 0, 1, 0, 1, 0, 1, 0, 5, 5, 1, 1, 2, 0, 1)|0.08845326014221165
(4, 0, 1, 0, 1, 0, 0, 0, 5, 5, 1, 0, 1, 0, 1)|0.0
(4, 0, 1, 0, 1, 0, 0, 0, 5, 5, 1, 1, 1, 0, 1)|0.0
(4, 0, 1, 0, 1, 0, 0, 0, 5, 5, 1, 0, 2, 0, 1)|0.0
(0, 0, 2, 0, 0, 0, 2, 0, 5, 5, 2, 1, 1, 0, 0)|-0.05478589603770847
(0, 0, 2, 0, 0, 0, 0, 0, 5, 5, 2, 1, 0, 0, 0)|0.0
(0, 0, 2, 0, 0, 0, 1, 0, 5, 5, 1, 0, 2, 1, 0)|0.8929368065164535
(0, 0, 2, 0, 0, 0, 1, 0, 5, 5, 2, 0, 0, 1, 0)|-0.023702849702364068
(0, 0, 2, 0, 0, 0, 1, 0, 5, 5, 2, 0, 1, 1, 0)|-0.019019151503216036
(1, 0, 2, 0, 0, 0, 1, 0, 5, 5, 1, 0, 2, 1, 0)|-0.012187311804274983
(0, 0, 2, 0, 0, 0, 0, 0, 5, 5, 2, 0, 0, 0, 0)|0.0
(0, 0, 2, 0, 0, 0, 1, 0, 5, 5, 2, 1, 1, 1, 0)|-0.021330879837795257
(0, 0, 2, 0, 0, 0, 1, 0, 5, 5, 2, 1, 2, 1, 0)|-0.01566348647600817
(0, 0, 2, 0, 0, 0, 1, 0, 5, 5, 2, 0, 2, 1, 0)|-0.02201269304817457
(0, 1, 2, 0, 0, 0, 1, 0, 5, 5, 2, 1, 0, 0, 0)|0.00934831630020479
(0, 1, 2, 0, 0, 0, 1, 0, 5, 5, 2, 0, 0, 0, 0)|-0.008969673411221051
(1, 1, 2, 0, 0, 0, 1, 0, 5, 5, 1, 1, 2, 0, 0)|-0.004640074993181282
(0, 1, 2, 0, 0, 0, 1, 0, 5, 5, 2, 1, 1, 0, 0)|0.0
(0, 1, 2, 0, 0, 0, 1, 0, 5, 5, 2, 0, 1, 0, 0)|-0.004528416125773394
(0, 0, 2, 0, 0, 0, 0, 0, 5, 5, 2, 0, 1, 0, 0)|0.0
(0, 0, 2, 0, 0, 0, 1, 0, 5, 5, 2, 1, 0, 1, 0)|-0.02129889983927148
(1, 0, 2, 0, 0, 0, 1, 0, 5, 5, 1, 1, 2, 1, 0)|-0.016327154171832857
(1, 0, 2, 0, 0, 0, 1, 0, 5, 5, 1, 0, 3, 1, 0)|0.415303688788167
(1, 0, 2, 0, 0, 0, 1, 0, 5, 5, 1, 1, 3, 1, 0)|0.3151198299102632
(1, 0, 2, 0, 0, 0, 1, 0, 5, 5, 1, 1, 1, 1, 0)|-0.013570593320158624
(1, 0, 2, 0, 0, 0, 1, 0, 5, 5, 1, 0, 1, 1, 0)|0.07236102533672165
(1, 0, 2, 0, 0, 0, 1, 0, 5, 5, 1, 0, 3, 0, 0)|0.018314346368487205
(1, 0, 2, 0, 0, 0, 1, 0, 5, 5, 1, 1, 3, 0, 0)|-0.017469671230094887
(1, 0, 2, 0, 0, 0, 0, 0, 5, 5, 1, 1, 3, 0, 0)|0.0
(1, 0, 2, 0, 0, 0, 0, 0, 5, 5, 1, 0, 3, 0, 0)|0.0
(1, 1, 1, 0, 0, 0, 1, 0, 5, 5, 1, 0, 1, 0, 0)|-0.04799911184741205
(2, 1, 1, 0, 0, 0, 1, 0, 5, 5, 0, 0, 3, 0, 0)|-0.019856251514888113
(2, 0, 1, 0, 0, 0, 2, 0, 5, 5, 0, 0, 3, 0, 0)|-0.03895616994871995
(2, 0, 1, 0, 0, 0, 2, 0, 5, 5, 0, 1, 3, 0, 0)|-0.04125479794560397
(2, 0, 1, 0, 0, 0, 2, 0, 5, 5, 1, 0, 0, 0, 0)|-0.030695210773347942
(0, 0, 1, 0, 0, 1, 2, 0, 5, 5, 0, 0, 3, 0, 0)|-0.03313237655259179
(0, 0, 1, 1, 0, 0, 2, 0, 5, 5, 0, 0, 3, 0, 0)|-0.04608596882073227
(0, 0, 1, 0, 1, 0, 2, 0, 5, 5, 0, 0, 3, 0, 0)|-0.05462846112423347
(0, 0, 1, 1, 0, 0, 2, 0, 5, 5, 0, 1, 3, 0, 0)|-0.052005817542173136
(0, 0, 1, 1, 0, 0, 2, 0, 5, 5, 1, 0, 0, 0, 0)|-0.04160950778344881
(0, 0, 1, 1, 0, 0, 2, 0, 5, 5, 1, 0, 1, 0, 0)|-0.034215903631601305
(1, 0, 1, 1, 0, 0, 2, 0, 5, 5, 0, 0, 3, 0, 0)|-0.03421668062880752
(1, 0, 1, 1, 0, 0, 2, 0, 5, 5, 0, 1, 3, 0, 0)|-0.020942326499235386
(1, 0, 1, 1, 0, 0, 2, 0, 5, 5, 1, 0, 0, 0, 0)|-0.020531960264538122
(1, 0, 1, 1, 0, 0, 2, 0, 5, 5, 1, 0, 1, 0, 0)|-0.014616100580849088
(2, 0, 1, 1, 0, 0, 2, 0, 5, 5, 0, 0, 3, 0, 0)|-0.015455305682856042
(2, 0, 1, 1, 0, 0, 2, 0, 5, 5, 0, 1, 3, 0, 0)|-0.01998155498653779
(2, 0, 1, 1, 0, 0, 2, 0, 5, 5, 1, 0, 0, 0, 0)|-0.012419969551046713
(2, 0, 1, 1, 0, 0, 2, 0, 5, 5, 1, 0, 1, 0, 0)|-0.009889335687982432
(3, 0, 1, 1, 0, 0, 2, 0, 5, 5, 0, 0, 3, 0, 0)|-0.005126741451032908
(3, 0, 1, 1, 0, 0, 2, 0, 5, 5, 0, 1, 3, 0, 0)|-0.016204730090156088
(3, 0, 1, 1, 0, 0, 2, 0, 5, 5, 1, 0, 0, 0, 0)|0.0
(3, 0, 1, 1, 0, 0, 2, 0, 5, 5, 0, 1, 3, 1, 0)|-0.012623347712868296
(3, 0, 1, 1, 0, 0, 2, 0, 5, 5, 0, 0, 3, 1, 0)|0.0
(3, 0, 1, 1, 0, 0, 2, 0, 5, 3, 0, 1, 3, 1, 0)|-0.003370805353206417
(3, 0, 1, 1, 0, 0, 2, 0, 5, 3, 0, 0, 3, 1, 0)|0.0
(3, 1, 1, 1, 0, 0, 2, 0, 5, 3, 0, 1, 3, 0, 0)|-0.01634228170229352
(3, 1, 1, 1, 0, 0, 2, 0, 5, 3, 0, 0, 3, 0, 0)|-0.01960003052212881
(3, 1, 1, 1, 0, 0, 2, 0, 5, 1, 0, 1, 3, 0, 0)|0.0
(3, 1, 1, 1, 0, 0, 2, 0, 5, 3, 1, 0, 0, 0, 0)|-0.006488767207845117
(3, 1, 1, 1, 0, 0, 2, 0, 5, 3, 1, 0, 1, 0, 0)|0.0
(4, 1, 1, 1, 0, 0, 2, 0, 5, 3, 0, 0, 3, 0, 0)|-0.011980115610029776
(4, 1, 1, 1, 0, 0, 2, 0, 5, 3, 0, 1, 3, 0, 0)|-0.006514409074388673
(4, 1, 1, 1, 0, 0, 2, 0, 5, 3, 1, 0, 0, 0, 0)|-0.0035766913865063156
(4, 1, 1, 1, 0, 0, 2, 0, 5, 3, 1, 0, 1, 0, 0)|-0.005689744361228168
(5, 1, 1, 1, 0, 0, 2, 0, 5, 3, 0, 0, 3, 0, 0)|0.0
(4, 1, 1, 1, 0, 0, 2, 0, 5, 3, 1, 1, 1, 0, 0)|-0.010827803258893466
(4, 1, 1, 1, 0, 0, 2, 0, 5, 3, 1, 1, 0, 0, 0)|0.17570815380805194
(4, 1, 1, 1, 0, 0, 2, 0, 5, 1, 1, 1, 1, 0, 0)|0.0
(4, 1, 1, 1, 0, 0, 2, 0, 5, 3, 1, 1, 1, 0, 1)|-0.004027161984535938
(4, 1, 1, 1, 0, 0, 2, 0, 5, 3, 1, 1, 0, 0, 1)|-0.003863770870212537
(4, 1, 1, 1, 0, 0, 2, 0, 5, 3, 1, 0, 0, 0, 1)|0.0
(5, 1, 1, 1, 0, 0, 2, 0, 5, 3, 0, 0, 3, 0, 1)|0.0
(4, 1, 1, 1, 0, 0, 1, 0, 5, 3, 1, 1, 0, 0, 1)|-0.002029976096661469
(4, 1, 1, 1, 0, 0, 2, 0, 5, 1, 1, 1, 0, 0, 0)|0.5671608425333624
(4, 1, 1, 1, 0, 0, 1, 0, 5, 3, 1, 1, 1, 0, 1)|0.0
(4, 1, 1, 1, 0, 0, 1, 0, 5, 3, 1, 0, 0, 0, 1)|0.0
(5, 1, 1, 1, 0, 0, 1, 0, 5, 3, 0, 0, 3, 0, 1)|0.0
(4, 0, 1, 1, 0, 0, 2, 0, 5, 3, 1, 1, 0, 0, 1)|-0.0014441788517941
(4, 0, 1, 1, 0, 0, 2, 0, 5, 3, 1, 1, 1, 0, 1)|0.0
(4, 0, 1, 1, 0, 0, 2, 0, 5, 3, 1, 0, 0, 0, 1)|0.0
(5, 0, 1, 1, 0, 0, 2, 0, 5, 3, 0, 0, 3, 0, 1)|0.0
(4, 0, 1, 1, 0, 0, 1, 0, 5, 3, 1, 1, 0, 0, 1)|0.0
(4, 0, 1, 1, 0, 0, 2, 0, 5, 3, 1, 1, 0, 0, 0)|0.005064679424510001
(4, 0, 1, 1, 0, 0, 2, 0, 5, 1, 1, 1, 0, 0, 0)|0.0
(4, 0, 1, 1, 0, 0, 2, 0, 5, 3, 1, 1, 1, 0, 0)|0.0
(4, 0, 1, 1, 0, 0, 2, 0, 5, 3, 1, 0, 0, 0, 0)|0.0
(5, 0, 1, 1, 0, 0, 2, 0, 5, 3, 0, 0, 3, 0, 0)|0.0
(4, 1, 1, 1, 0, 0, 2, 0, 5, 1, 1, 0, 0, 0, 0)|0.0
(5, 1, 1, 1, 0, 0, 2, 0, 5, 1, 0, 0, 3, 0, 0)|0.0
(4, 1, 1, 1, 0, 0, 2, 0, 5, 0, 1, 1, 0, 0, 0)|0.0
(1, 1, 2, 0, 0, 0, 1, 0, 5, 5, 1, 0, 0, 0, 0)|-0.023970136276581344
(2, 1, 2, 0, 0, 0, 1, 0, 5, 5, 0, 0, 3, 0, 0)|-0.02191237713094458
(2, 0, 2, 0, 0, 0, 2, 0, 5, 5, 0, 1, 3, 1, 0)|-0.021837501513156027
(2, 0, 2, 0, 0, 0, 2, 0, 5, 5, 0, 0, 3, 1, 0)|-0.02298550383867334
(3, 1, 2, 0, 0, 0, 2, 0, 5, 5, 0, 0, 3, 0, 0)|-0.03906845673653459
(3, 1, 2, 0, 0, 0, 2, 0, 5, 5, 1, 0, 0, 0, 0)|-0.031128783477935202
(3, 1, 2, 0, 0, 0, 2, 0, 5, 5, 1, 0, 1, 0, 0)|-0.025935165301731098
(3, 1, 2, 0, 0, 0, 2, 0, 5, 5, 1, 1, 1, 0, 0)|-0.01898383789390362
(3, 1, 2, 0, 0, 0, 2, 0, 5, 5, 1, 0, 1, 1, 0)|-0.00746612924326933
(3, 1, 2, 0, 0, 0, 2, 0, 5, 5, 1, 0, 0, 1, 0)|-0.008987987930778936
(3, 1, 2, 0, 0, 0, 1, 0, 5, 5, 1, 0, 1, 0, 0)|0.0
(3, 1, 2, 0, 0, 0, 2, 0, 5, 5, 1, 1, 1, 1, 0)|-0.004352394070919901
(4, 1, 2, 0, 0, 0, 2, 0, 5, 5, 0, 0, 3, 1, 0)|-0.00419077736825896
(4, 1, 2, 0, 0, 0, 1, 0, 5, 5, 0, 0, 3, 0, 0)|-0.0057000826965090895
(5, 0, 2, 0, 0, 0, 2, 0, 5, 5, 0, 0, 3, 0, 0)|-0.023552594329401395
(5, 0, 2, 0, 0, 0, 2, 0, 5, 5, 0, 1, 3, 0, 0)|-0.024862806570658095
(5, 0, 2, 0, 0, 0, 1, 0, 5, 5, 2, 0, 2, 0, 0)|-0.004240281909897069
(5, 0, 2, 0, 0, 0, 1, 0, 5, 5, 2, 0, 0, 0, 0)|-0.009337777714677548
(5, 0, 2, 0, 0, 0, 1, 0, 5, 5, 2, 1, 0, 0, 0)|-0.007928514292099093
(6, 0, 2, 0, 0, 0, 1, 0, 5, 5, 1, 0, 1, 0, 0)|-0.0059189599084302725
(5, 0, 2, 0, 0, 0, 1, 0, 5, 5, 2, 1, 1, 0, 0)|0.0
(6, 0, 2, 0, 0, 0, 1, 0, 5, 5, 1, 0, 2, 0, 0)|-0.005936020887432323
(6, 0, 2, 0, 0, 0, 1, 0, 5, 5, 1, 1, 1, 0, 0)|-0.004058171331981357
(6, 0, 2, 0, 0, 0, 1, 0, 5, 5, 2, 0, 0, 0, 0)|-0.006275443855227998
(6, 0, 2, 0, 0, 0, 1, 0, 5, 5, 1, 1, 2, 0, 0)|-0.004211799461070221
(6, 0, 2, 0, 0, 0, 1, 0, 5, 5, 2, 0, 1, 0, 0)|-0.005789983703735045
(7, 0, 2, 0, 0, 0, 1, 0, 5, 5, 1, 0, 1, 0, 0)|-0.008796699179763124
(6, 0, 2, 0, 0, 0, 1, 0, 5, 5, 2, 1, 1, 0, 0)|-0.004058208501797377
(6, 0, 2, 0, 0, 0, 1, 0, 5, 5, 2, 1, 0, 0, 0)|-0.004212216630722521
(7, 0, 2, 0, 0, 0, 1, 0, 5, 5, 1, 0, 2, 0, 0)|-0.005791965125912418
(7, 0, 2, 0, 0, 0, 1, 0, 5, 5, 1, 1, 2, 0, 0)|-0.004080671313725566
(7, 0, 2, 0, 0, 0, 1, 0, 5, 5, 2, 0, 0, 0, 0)|0.0
(7, 0, 2, 0, 0, 0, 1, 0, 5, 5, 1, 1, 1, 0, 0)|-0.004464324508704433
(7, 0, 2, 0, 0, 0, 1, 0, 5, 5, 1, 0, 0, 0, 0)|-0.0016985348074753123
(8, 0, 2, 0, 0, 0, 1, 0, 5, 5, 0, 0, 3, 0, 0)|0.08250610499000001
(8, 0, 2, 0, 0, 0, 1, 0, 5, 5, 0, 1, 3, 0, 0)|0.9673289
(8, 0, 2, 0, 0, 0, 1, 0, 5, 5, 1, 0, 0, 0, 0)|0.0
(8, 0, 2, 0, 0, 0, 0, 0, 5, 5, 0, 1, 3, 0, 0)|0.0
(1, 0, 1, 0, 0, 0, 2, 0, 5, 5, 1, 0, 0, 1, 0)|-0.02978332673257372
(1, 0, 1, 0, 0, 0, 2, 0, 5, 5, 1, 0, 1, 1, 0)|-0.034833457042662504
(2, 0, 1, 0, 0, 0, 2, 0, 5, 5, 0, 0, 3, 1, 0)|-0.006845687194359403
(0, 0, 2, 0, 0, 0, 2, 0, 5, 5, 1, 0, 0, 1, 0)|-0.06442295384181337
(1, 0, 1, 0, 0, 0, 2, 0, 5, 5, 1, 1, 1, 0, 0)|-0.05463517785565204
(0, 0, 1, 0, 0, 1, 2, 0, 5, 5, 0, 1, 3, 0, 0)|-0.03700304055880424
(0, 0, 1, 0, 1, 0, 2, 0, 5, 5, 0, 1, 3, 0, 0)|-0.0627016951855037
(0, 0, 1, 0, 0, 1, 2, 0, 5, 5, 0, 1, 3, 1, 0)|-0.004211257383758615
(0, 0, 1, 0, 0, 1, 2, 0, 5, 5, 0, 0, 3, 1, 0)|-0.008066809670986143
(0, 0, 1, 0, 0, 1, 2, 0, 5, 4, 0, 1, 3, 1, 0)|0.0
(0, 0, 1, 0, 0, 1, 2, 0, 5, 5, 1, 0, 0, 1, 0)|-0.004398177079873222
(0, 0, 1, 0, 0, 1, 2, 0, 5, 4, 0, 0, 3, 1, 0)|-0.005644818295047085
(0, 0, 1, 0, 0, 1, 2, 0, 5, 5, 0, 0, 3, 1, 1)|0.0
(0, 0, 1, 0, 0, 1, 2, 0, 5, 4, 0, 0, 3, 1, 1)|0.0
(0, 0, 1, 0, 0, 1, 2, 0, 5, 4, 1, 0, 0, 1, 0)|0.0
(0, 0, 1, 0, 0, 1, 2, 0, 5, 4, 0, 0, 3, 0, 0)|-0.0024125101185489524
(0, 0, 1, 0, 0, 1, 2, 0, 5, 4, 1, 0, 0, 0, 0)|0.0
(0, 0, 1, 0, 0, 1, 2, 0, 5, 4, 0, 1, 3, 0, 0)|0.0
(0, 0, 1, 0, 0, 1, 2, 0, 5, 3, 0, 0, 3, 0, 0)|-0.005694556872766138
(0, 0, 1, 0, 0, 1, 2, 0, 5, 4, 0, 0, 3, 0, 1)|-0.005856573975161093
(0, 0, 1, 0, 0, 1, 2, 0, 5, 3, 0, 0, 3, 0, 1)|0.0
(0, 0, 1, 0, 0, 1, 2, 0, 5, 3, 1, 0, 0, 0, 0)|-0.0029763820331954465
(0, 0, 1, 0, 0, 1, 2, 0, 5, 3, 0, 1, 3, 0, 0)|0.0
(0, 0, 1, 0, 0, 1, 2, 0, 5, 2, 1, 0, 0, 0, 1)|0.0
(0, 0, 1, 0, 0, 1, 2, 0, 5, 3, 1, 0, 0, 0, 1)|0.0
(0, 0, 1, 0, 0, 1, 2, 0, 5, 3, 1, 0, 1, 0, 0)|0.0
(1, 0, 1, 0, 0, 1, 2, 0, 5, 3, 0, 0, 3, 0, 0)|0.0
(0, 0, 1, 0, 0, 0, 2, 0, 5, 3, 1, 0, 0, 0, 0)|-0.011959800368838293
(0, 0, 1, 0, 0, 0, 2, 0, 5, 3, 1, 0, 1, 0, 0)|-0.006006860208345472
(1, 0, 1, 0, 0, 0, 2, 0, 5, 3, 0, 0, 3, 0, 0)|-0.003900036836725714
(0, 0, 1, 0, 0, 0, 2, 0, 5, 3, 1, 1, 1, 0, 0)|-0.006516874903303196
(1, 0, 1, 0, 0, 0, 2, 0, 5, 3, 0, 1, 3, 0, 0)|-0.002437001534519794
(1, 0, 1, 0, 0, 0, 2, 0, 5, 3, 1, 0, 0, 0, 0)|0.0
(0, 0, 2, 0, 0, 0, 2, 0, 5, 3, 0, 0, 3, 0, 0)|-0.009089672009604328
(0, 0, 2, 0, 0, 0, 2, 0, 5, 3, 1, 0, 0, 0, 0)|-0.010252151611302157
(0, 1, 2, 0, 0, 0, 2, 0, 5, 3, 1, 0, 0, 0, 0)|-0.006061405603584677
(0, 1, 2, 0, 0, 0, 2, 0, 5, 3, 1, 0, 1, 0, 0)|-0.009174513228613412
(1, 1, 2, 0, 0, 0, 2, 0, 5, 3, 0, 0, 3, 0, 0)|0.0
(0, 1, 2, 0, 0, 0, 2, 0, 5, 3, 1, 1, 1, 0, 0)|-0.006356182746614191
(0, 1, 1, 0, 0, 0, 2, 0, 5, 3, 0, 1, 3, 0, 0)|-0.029418259179337335
(0, 1, 1, 0, 0, 0, 2, 0, 5, 3, 0, 0, 3, 0, 0)|-0.011962168519251616
(0, 1, 1, 0, 0, 0, 2, 0, 5, 3, 0, 0, 3, 1, 0)|-0.007710033658114795
(0, 1, 1, 0, 0, 0, 2, 0, 5, 3, 0, 1, 3, 1, 0)|-0.02792474337616459
(0, 1, 1, 0, 0, 0, 2, 0, 5, 3, 1, 0, 0, 1, 0)|0.0
(0, 1, 1, 0, 0, 0, 2, 0, 5, 3, 1, 0, 0, 0, 0)|-0.006271326970291469
(0, 1, 1, 0, 0, 0, 2, 0, 5, 3, 1, 0, 1, 0, 0)|-0.005803684967871756
(1, 1, 1, 0, 0, 0, 2, 0, 5, 3, 0, 0, 3, 0, 0)|-0.008730136421674714
(0, 1, 1, 0, 0, 0, 2, 0, 5, 3, 1, 1, 1, 0, 0)|-0.004213535782876526
(0, 1, 1, 0, 0, 0, 2, 0, 5, 3, 1, 1, 0, 0, 0)|-0.005955508225325756
(1, 1, 1, 0, 0, 0, 2, 0, 5, 3, 0, 1, 3, 0, 0)|0.0
(1, 1, 1, 0, 0, 0, 2, 0, 5, 3, 1, 0, 0, 0, 0)|0.0
(1, 1, 1, 0, 0, 0, 2, 0, 5, 3, 0, 0, 3, 1, 0)|-0.004448892518435959
(1, 1, 1, 0, 0, 0, 2, 0, 5, 3, 0, 1, 3, 1, 0)|0.0
(1, 1, 1, 0, 0, 0, 2, 0, 5, 3, 1, 0, 0, 1, 0)|0.0
(0, 1, 2, 0, 0, 0, 2, 0, 5, 3, 0, 0, 3, 0, 0)|-0.0020928854236162953
(0, 1, 2, 0, 0, 0, 2, 0, 5, 3, 1, 0, 0, 1, 0)|-0.0021431713735143923
(0, 1, 2, 0, 0, 0, 2, 0, 5, 3, 1, 0, 1, 1, 0)|-0.0027019041501599146
(0, 1, 2, 0, 0, 0, 2, 0, 5, 3, 2, 0, 0, 1, 0)|-0.007514862342141521
(0, 1, 2, 0, 0, 0, 2, 0, 5, 3, 2, 0, 0, 0, 0)|-0.002576337610792737
(1, 1, 2, 0, 0, 0, 2, 0, 5, 3, 1, 0, 0, 0, 0)|0.0
(1, 1, 2, 0, 0, 0, 2, 0, 5, 3, 1, 0, 0, 1, 0)|-0.004201080098019278
(1, 1, 2, 0, 0, 0, 1, 0, 5, 3, 1, 0, 0, 0, 0)|0.0
(1, 1, 2, 0, 0, 0, 2, 0, 5, 3, 2, 0, 0, 1, 0)|-0.004349902985902525
(1, 1, 2, 0, 0, 0, 2, 0, 5, 3, 1, 0, 1, 1, 0)|-0.005815713782483477
(1, 1, 2, 0, 0, 0, 1, 0, 5, 3, 1, 0, 1, 0, 0)|0.0
(1, 1, 2, 0, 0, 0, 2, 0, 5, 3, 1, 1, 1, 1, 0)|0.0
(1, 1, 2, 0, 0, 0, 1, 0, 5, 3, 2, 0, 0, 0, 0)|0.0
(1, 1, 2, 0, 0, 0, 2, 0, 5, 3, 2, 0, 1, 1, 0)|-0.007486004331116998
(1, 1, 2, 0, 0, 0, 2, 0, 5, 3, 2, 1, 1, 1, 0)|-0.0038706205521069894
(1, 1, 1, 0, 0, 0, 2, 0, 5, 3, 1, 1, 1, 1, 0)|-0.0021068524366665443
(1, 1, 1, 0, 0, 0, 1, 0, 5, 3, 1, 1, 1, 0, 0)|-0.002298360407406045
(1, 1, 1, 0, 0, 0, 1, 0, 5, 3, 1, 0, 1, 0, 0)|0.0
(1, 1, 1, 0, 0, 0, 1, 0, 5, 3, 1, 0, 0, 0, 0)|0.0
(0, 1, 2, 0, 0, 0, 1, 0, 5, 3, 1, 0, 1, 0, 0)|-0.004426226748956055
(0, 1, 2, 0, 0, 0, 1, 0, 5, 3, 1, 0, 0, 0, 0)|0.0
(0, 0, 2, 0, 0, 0, 2, 0, 5, 3, 1, 0, 1, 0, 0)|-0.008342612221729016
(0, 0, 2, 0, 0, 0, 2, 0, 5, 3, 1, 1, 1, 0, 0)|0.0
(0, 0, 2, 0, 0, 0, 2, 0, 5, 3, 2, 0, 0, 0, 0)|-0.014845535146948976
(0, 0, 2, 0, 0, 0, 2, 0, 5, 3, 1, 0, 2, 0, 0)|-0.006157444983496251
(0, 0, 2, 0, 0, 0, 2, 0, 5, 3, 1, 1, 2, 0, 0)|0.0
(0, 0, 2, 0, 0, 0, 2, 0, 5, 3, 2, 0, 1, 0, 0)|-0.013328809269062531
(1, 0, 2, 0, 0, 0, 2, 0, 5, 3, 1, 0, 1, 0, 0)|-0.008198490843084116
(0, 0, 2, 0, 0, 0, 2, 0, 5, 3, 2, 1, 0, 0, 0)|-0.013807258098634752
(1, 0, 2, 0, 0, 0, 2, 0, 5, 3, 1, 1, 1, 0, 0)|0.0
(0, 0, 2, 0, 0, 0, 2, 0, 5, 3, 2, 1, 1, 0, 0)|-0.01002413841983435
(1, 0, 2, 0, 0, 0, 2, 0, 5, 3, 1, 1, 2, 0, 0)|-0.0042313277737080855
(1, 0, 2, 0, 0, 0, 2, 0, 5, 3, 1, 0, 2, 0, 0)|-0.006155193868777608
(1, 0, 2, 0, 0, 0, 2, 0, 5, 3, 2, 0, 0, 0, 0)|-0.012029463135305207
(1, 0, 2, 0, 0, 0, 2, 0, 5, 3, 2, 0, 1, 0, 0)|-0.012192864209962954
(2, 0, 2, 0, 0, 0, 2, 0, 5, 3, 1, 0, 1, 0, 0)|0.0
(1, 0, 2, 0, 0, 0, 2, 0, 5, 3, 2, 1, 1, 0, 0)|-0.015166201883955652
(1, 0, 2, 0, 0, 0, 2, 0, 5, 3, 2, 1, 1, 1, 0)|-0.003943423280016344
(1, 0, 2, 0, 0, 0, 2, 0, 5, 3, 2, 0, 1, 1, 0)|0.0
(1, 0, 2, 0, 0, 0, 2, 0, 5, 3, 2, 0, 0, 1, 0)|-0.0029239425366593052
(1, 0, 2, 0, 0, 0, 2, 0, 5, 3, 2, 1, 2, 0, 0)|-0.014921636140083913
(1, 1, 2, 0, 0, 0, 2, 0, 5, 3, 2, 1, 1, 0, 0)|-0.01122602569612168
(1, 1, 2, 0, 0, 0, 2, 0, 5, 3, 2, 1, 2, 0, 0)|-0.006440406938353524
(1, 1, 2, 0, 0, 0, 2, 0, 5, 3, 2, 0, 1, 0, 0)|-0.011560905228359878
(1, 1, 2, 0, 0, 0, 2, 0, 5, 3, 2, 0, 0, 0, 0)|-0.012881896656001517
(1, 1, 2, 0, 0, 0, 2, 0, 5, 3, 2, 1, 0, 0, 0)|-0.009209291563740542
(2, 1, 2, 0, 0, 0, 2, 0, 5, 3, 1, 1, 2, 0, 0)|0.0
(2, 1, 2, 0, 0, 0, 2, 0, 5, 3, 1, 1, 1, 0, 0)|-0.004370013564137455
(2, 1, 2, 0, 0, 0, 2, 0, 5, 3, 1, 0, 1, 0, 0)|-0.007711712279881655
(2, 1, 2, 0, 0, 0, 2, 0, 5, 3, 1, 0, 0, 0, 0)|-0.006455252812250586
(3, 1, 2, 0, 0, 0, 2, 0, 5, 3, 0, 0, 3, 0, 0)|-0.011600172570265913
(3, 1, 2, 0, 0, 0, 2, 0, 5, 3, 1, 0, 0, 0, 0)|-0.01305131658886019
(3, 1, 2, 0, 0, 0, 2, 0, 5, 3, 1, 0, 1, 0, 0)|-0.012520969153123307
(4, 1, 2, 0, 0, 0, 2, 0, 5, 3, 0, 0, 3, 0, 0)|0.0
(3, 1, 2, 0, 0, 0, 2, 0, 5, 3, 1, 1, 1, 0, 0)|-0.0089045505513914
(3, 1, 2, 0, 0, 0, 2, 0, 5, 3, 1, 1, 2, 0, 0)|-0.0043253453092984544
(3, 1, 2, 0, 0, 0, 2, 0, 5, 3, 1, 0, 2, 0, 0)|-0.006410328906843279
(3, 1, 2, 0, 0, 0, 2, 0, 5, 3, 1, 1, 2, 1, 0)|-0.0040789851982683135
(3, 1, 2, 0, 0, 0, 2, 0, 5, 3, 1, 1, 1, 1, 0)|-0.004445400653965358
(3, 1, 2, 0, 0, 0, 2, 0, 5, 3, 1, 0, 2, 1, 0)|-0.004109876555720821
(3, 1, 2, 0, 0, 0, 2, 0, 5, 3, 1, 0, 1, 1, 0)|-0.004792105002478345
(3, 1, 2, 0, 0, 0, 2, 0, 5, 3, 2, 0, 0, 1, 0)|0.0
(4, 2, 2, 0, 0, 0, 2, 0, 5, 3, 0, 0, 3, 0, 0)|-0.01053521567016055
(4, 2, 2, 0, 0, 0, 2, 0, 5, 3, 0, 1, 3, 0, 0)|-0.006389585879745786
(4, 2, 2, 0, 0, 0, 2, 0, 5, 3, 1, 0, 0, 0, 0)|-0.004358570711814868
(4, 2, 2, 0, 0, 0, 2, 0, 5, 3, 1, 0, 1, 0, 0)|-0.00758328520555407
(5, 2, 2, 0, 0, 0, 2, 0, 5, 3, 0, 0, 3, 0, 0)|0.0
(4, 2, 2, 0, 0, 0, 2, 0, 5, 3, 1, 1, 1, 0, 0)|-0.0025955186358685035
(4, 2, 2, 0, 0, 0, 2, 0, 5, 3, 2, 0, 0, 0, 0)|-0.005170097833786176
(4, 2, 2, 0, 0, 0, 2, 0, 5, 3, 1, 0, 2, 0, 0)|-0.009278461761878489
(4, 2, 2, 0, 0, 0, 2, 0, 5, 3, 2, 0, 1, 0, 0)|-0.016691333712527213
(5, 2, 2, 0, 0, 0, 2, 0, 5, 3, 1, 0, 2, 0, 0)|0.0
(4, 2, 2, 0, 0, 0, 2, 0, 5, 3, 2, 1, 1, 0, 0)|-0.016416557785672154
(4, 2, 2, 0, 0, 0, 2, 0, 5, 3, 2, 1, 2, 0, 0)|-0.010529478534479707
(4, 2, 2, 0, 0, 0, 2, 0, 5, 3, 2, 0, 2, 0, 0)|-0.014159755982638597
(4, 2, 2, 0, 0, 0, 2, 0, 5, 3, 2, 0, 3, 0, 0)|-0.011695453486262403
(4, 2, 2, 0, 0, 0, 2, 0, 5, 3, 2, 0, 2, 1, 0)|-0.0070356971431031
(4, 2, 2, 0, 0, 0, 2, 0, 5, 3, 2, 0, 1, 1, 0)|-0.006866777214942942
(4, 2, 2, 0, 0, 0, 2, 0, 5, 3, 2, 0, 3, 1, 0)|0.0
(4, 2, 2, 0, 0, 0, 2, 0, 5, 3, 2, 1, 2, 1, 0)|-0.009342180695383867
(4, 2, 2, 0, 0, 0, 2, 0, 5, 3, 2, 0, 2, 2, 0)|-0.0038740981192107106
(4, 2, 2, 0, 0, 0, 2, 0, 5, 3, 2, 1, 2, 2, 0)|-0.002145882370490574
(4, 2, 2, 0, 0, 0, 2, 0, 5, 3, 2, 1, 2, 3, 0)|-0.0027320263387841585
(4, 2, 2, 0, 0, 0, 2, 0, 5, 3, 2, 0, 2, 3, 0)|0.0
(4, 2, 2, 0, 0, 0, 2, 0, 5, 3, 2, 0, 1, 3, 0)|0.0
(4, 2, 2, 0, 0, 0, 2, 0, 5, 3, 2, 1, 1, 3, 0)|0.0
(4, 2, 2, 0, 0, 0, 1, 0, 5, 3, 2, 1, 2, 0, 0)|0.0
(4, 2, 2, 0, 0, 0, 2, 0, 5, 3, 2, 1, 1, 1, 0)|-0.004294729849851416
(4, 2, 2, 0, 0, 0, 1, 0, 5, 3, 2, 1, 1, 0, 0)|0.0
(4, 3, 2, 0, 0, 0, 2, 0, 5, 3, 2, 0, 2, 0, 0)|-0.015064663883835655
(4, 3, 2, 0, 0, 0, 2, 0, 5, 3, 2, 0, 1, 0, 0)|-0.014212597661939422
(4, 3, 2, 0, 0, 0, 2, 0, 5, 3, 2, 1, 1, 0, 0)|-0.005065208124128511
(4, 3, 2, 0, 0, 0, 2, 0, 5, 3, 2, 1, 2, 0, 0)|-0.01551412036058934
(4, 3, 2, 0, 0, 0, 2, 0, 5, 3, 2, 0, 3, 0, 0)|-0.0133275097011144
(4, 3, 1, 0, 0, 0, 2, 0, 5, 3, 1, 1, 2, 1, 0)|-0.0022496818378431324
(4, 3, 1, 0, 0, 0, 2, 0, 5, 3, 1, 0, 3, 1, 0)|0.0
(3, 3, 2, 0, 0, 0, 2, 0, 5, 3, 1, 0, 2, 1, 0)|0.0
(2, 3, 1, 0, 0, 1, 2, 0, 5, 3, 1, 1, 2, 1, 0)|0.0
(2, 3, 1, 1, 0, 0, 2, 0, 5, 3, 1, 1, 2, 1, 0)|0.0
(2, 3, 1, 0, 1, 0, 2, 0, 5, 3, 1, 1, 2, 1, 0)|-0.003885353753812584
(2, 3, 1, 0, 1, 0, 2, 0, 5, 3, 1, 0, 3, 1, 0)|-0.0022722082358314715
(2, 4, 1, 0, 1, 0, 2, 0, 5, 3, 1, 0, 3, 0, 0)|-0.004135647064794125
(2, 4, 1, 0, 1, 0, 2, 0, 5, 3, 1, 1, 2, 0, 0)|-0.005081336305209036
(2, 5, 1, 0, 1, 0, 2, 0, 5, 3, 1, 1, 2, 0, 0)|-0.015695132493928562
(2, 5, 1, 0, 1, 0, 2, 0, 5, 3, 1, 0, 3, 0, 0)|-0.00995752786428183
(2, 5, 1, 0, 1, 0, 2, 0, 5, 3, 1, 0, 2, 0, 0)|-0.010016005714067869
(2, 5, 1, 0, 1, 0, 2, 0, 5, 3, 1, 1, 3, 0, 0)|-0.011242608492132006
(2, 5, 1, 0, 1, 0, 2, 0, 5, 3, 1, 0, 3, 1, 0)|-0.005941616421451383
(2, 5, 1, 0, 1, 0, 2, 0, 5, 3, 1, 0, 2, 1, 0)|-0.003913565654336499
(2, 5, 1, 0, 1, 0, 2, 0, 5, 3, 1, 1, 3, 1, 0)|-0.005777224902803369
(2, 5, 1, 0, 1, 0, 2, 0, 5, 3, 1, 1, 2, 1, 0)|0.0
(2, 5, 1, 0, 1, 0, 1, 0, 5, 3, 1, 0, 3, 0, 0)|0.0
(2, 5, 1, 0, 1, 0, 1, 0, 5, 3, 1, 1, 3, 0, 0)|0.0
(2, 5, 1, 0, 1, 0, 1, 0, 5, 3, 1, 0, 2, 0, 0)|-0.0025888401160100846
(2, 3, 1, 0, 1, 0, 1, 1, 5, 3, 1, 0, 2, 0, 0)|-0.007653779066778715
(2, 3, 1, 0, 1, 0, 1, 1, 5, 3, 1, 0, 3, 0, 0)|0.0
(2, 3, 1, 0, 1, 0, 1, 1, 5, 3, 1, 1, 3, 0, 0)|-0.005791846617036086
(2, 3, 0, 0, 1, 0, 1, 1, 5, 3, 0, 3, 3, 0, 0)|-0.004079327812763839
(1, 3, 1, 0, 1, 0, 1, 1, 5, 3, 0, 0, 3, 0, 0)|0.0
(0, 3, 0, 0, 1, 1, 1, 1, 5, 3, 0, 3, 3, 0, 0)|0.0
(0, 3, 0, 1, 1, 0, 1, 1, 5, 3, 0, 3, 3, 0, 0)|-0.004449245934498749
(0, 3, 0, 0, 2, 0, 1, 1, 5, 3, 0, 3, 3, 0, 0)|0.0
(0, 3, 0, 1, 1, 0, 0, 1, 5, 3, 0, 3, 3, 0, 0)|-0.008600964472488763
(0, 2, 0, 1, 1, 0, 1, 1, 5, 3, 0, 3, 3, 0, 0)|-0.01663827878450941
(0, 2, 0, 1, 1, 0, 1, 1, 5, 3, 0, 3, 3, 1, 0)|-0.003502006065061859
(0, 2, 0, 1, 1, 0, 1, 0, 5, 3, 0, 3, 3, 0, 0)|0.005699330000000001
(0, 0, 0, 1, 1, 0, 1, 1, 5, 3, 0, 3, 3, 0, 0)|0.084437
(0, 0, 0, 1, 1, 0, 1, 1, 5, 3, 0, 3, 3, 0, 1)|0.0
(0, 0, 0, 1, 1, 0, 0, 1, 5, 3, 0, 3, 3, 0, 0)|0.0
(0, 0, 0, 1, 1, 0, 0, 1, 5, 3, 0, 3, 3, 0, 1)|0.989
(0, 0, 0, 1, 1, 0, 0, 0, 5, 3, 0, 3, 3, 0, 1)|0.0
(1, 1, 1, 0, 0, 0, 1, 0, 5, 5, 0, 2, 3, 0, 0)|-0.07559422101300078
(1, 0, 1, 0, 0, 0, 2, 0, 5, 5, 0, 2, 3, 0, 0)|-0.07245940132413713
(1, 0, 1, 0, 0, 0, 2, 0, 5, 5, 0, 2, 3, 1, 0)|-0.04707840812108582
(1, 0, 1, 0, 0, 0, 2, 0, 5, 5, 0, 1, 3, 1, 0)|-0.05999341840081883
(0, 0, 2, 0, 0, 0, 2, 0, 5, 5, 0, 1, 3, 1, 0)|-0.04435156884210035
(0, 0, 2, 0, 0, 0, 2, 0, 5, 5, 1, 1, 0, 1, 0)|-0.057198958080208376
(1, 0, 2, 0, 0, 0, 2, 0, 5, 5, 0, 1, 3, 1, 0)|-0.04852840472876887
(1, 0, 2, 0, 0, 0, 2, 0, 5, 5, 0, 0, 3, 1, 0)|-0.05001954181140993
(1, 0, 2, 0, 0, 0, 2, 0, 5, 5, 1, 0, 2, 1, 0)|-0.02357118433665457
(1, 0, 2, 0, 0, 0, 2, 0, 5, 5, 2, 0, 1, 1, 0)|-0.025130828905119224
(1, 0, 2, 0, 0, 0, 2, 0, 5, 5, 2, 0, 1, 2, 0)|-0.0048173346134554075
(1, 0, 2, 0, 0, 0, 2, 0, 5, 5, 2, 0, 0, 2, 0)|-0.0058047682581234125
(1, 0, 2, 0, 0, 0, 1, 0, 5, 5, 2, 0, 1, 1, 0)|0.5262680753032374
(1, 0, 2, 0, 0, 0, 1, 0, 5, 5, 2, 0, 0, 1, 0)|0.17804586794057115
(1, 0, 2, 0, 0, 0, 0, 0, 5, 5, 2, 0, 1, 0, 0)|0.0
(1, 0, 0, 0, 0, 0, 2, 0, 5, 5, 0, 3, 3, 0, 0)|-0.07111559677317672
(0, 0, 1, 0, 0, 0, 1, 0, 5, 5, 0, 1, 3, 0, 0)|0.3915679878377522
(0, 0, 1, 0, 0, 0, 1, 0, 5, 5, 0, 2, 3, 0, 0)|0.2900365977854709
(0, 0, 1, 0, 0, 0, 1, 0, 5, 5, 0, 0, 3, 0, 0)|0.02497735485445119
(0, 0, 1, 0, 0, 0, 1, 0, 5, 5, 0, 1, 3, 1, 0)|0.1798712124140301
(0, 0, 1, 0, 0, 0, 1, 0, 5, 5, 0, 0, 3, 1, 0)|0.8912354823175316
(0, 0, 1, 0, 0, 0, 1, 0, 5, 5, 0, 2, 3, 1, 0)|-0.2843381358235386
(0, 0, 1, 0, 0, 0, 1, 0, 5, 5, 1, 0, 3, 1, 0)|-0.6194249175901763
(0, 0, 1, 0, 0, 0, 1, 0, 5, 5, 1, 1, 3, 1, 0)|-1.0
(0, 0, 1, 0, 0, 0, 1, 0, 5, 5, 1, 0, 2, 1, 0)|-0.0057536193164322074
(0, 0, 1, 0, 0, 0, 0, 0, 5, 5, 1, 0, 3, 0, 0)|0.0
(0, 0, 1, 0, 0, 1, 2, 0, 5, 5, 1, 0, 0, 0, 0)|-0.034596499001910475
(0, 0, 1, 0, 0, 1, 2, 0, 5, 5, 1, 0, 1, 0, 0)|-0.03172046802757993
(1, 0, 1, 0, 0, 1, 2, 0, 5, 5, 0, 0, 3, 0, 0)|-0.03216684836243674
(0, 0, 1, 0, 0, 1, 2, 0, 5, 5, 1, 1, 1, 0, 0)|-0.03375167386873889
(0, 0, 1, 0, 0, 1, 2, 0, 5, 5, 1, 1, 1, 1, 0)|0.021331131069223963
(0, 0, 1, 0, 0, 1, 2, 0, 5, 5, 1, 0, 1, 1, 0)|-0.007821064788557878
(0, 0, 1, 0, 0, 1, 1, 0, 5, 5, 1, 1, 1, 0, 0)|-0.018994030775605176
(0, 0, 1, 0, 0, 1, 1, 0, 5, 5, 1, 0, 0, 0, 0)|0.026890422349454043
(0, 0, 1, 0, 0, 1, 1, 0, 5, 5, 1, 0, 1, 0, 0)|0.008226282202178598
(0, 0, 1, 0, 0, 1, 0, 0, 5, 5, 1, 1, 1, 0, 0)|0.0
(0, 0, 2, 0, 0, 0, 2, 0, 5, 5, 1, 2, 1, 0, 0)|-0.04212480820070215
(0, 0, 2, 0, 0, 0, 2, 0, 5, 5, 1, 2, 0, 0, 0)|-0.06099291487340883
(1, 0, 2, 0, 0, 0, 2, 0, 5, 5, 1, 0, 1, 1, 0)|-0.034845197050304165
(1, 0, 2, 0, 0, 0, 2, 0, 5, 5, 1, 1, 1, 1, 0)|-0.02761050579111381
(1, 0, 2, 0, 0, 0, 2, 0, 5, 5, 1, 1, 2, 1, 0)|-0.025946832536904864
(1, 0, 2, 0, 0, 0, 2, 0, 5, 5, 1, 1, 0, 1, 0)|-0.030799654536193218
(1, 0, 2, 0, 0, 0, 2, 0, 5, 5, 1, 0, 0, 1, 0)|-0.04058266192509564
(1, 0, 1, 0, 0, 0, 2, 0, 5, 5, 1, 1, 1, 1, 0)|-0.01902492906370424
(1, 0, 1, 0, 0, 0, 2, 0, 5, 5, 1, 1, 0, 1, 0)|-0.022672584172913658
(1, 0, 1, 0, 0, 0, 2, 0, 5, 5, 1, 1, 0, 0, 0)|-0.04727857838949804
(1, 0, 1, 0, 0, 0, 2, 0, 5, 5, 1, 2, 1, 0, 0)|-0.017376063007740652
(1, 0, 1, 0, 0, 0, 2, 0, 5, 5, 1, 2, 0, 0, 0)|-0.030758013823126977
(2, 0, 1, 0, 0, 0, 2, 0, 5, 5, 0, 2, 3, 0, 0)|-0.028511442318523542
(0, 0, 1, 0, 0, 1, 2, 0, 5, 5, 0, 2, 3, 0, 0)|-0.045100433923741357
(0, 0, 1, 1, 0, 0, 2, 0, 5, 5, 0, 2, 3, 0, 0)|-0.04036373944168402
(0, 0, 1, 0, 1, 0, 2, 0, 5, 5, 0, 2, 3, 0, 0)|-0.06741423661141333
(0, 0, 1, 1, 0, 0, 2, 0, 5, 5, 0, 2, 3, 1, 0)|-0.010011433603387947
(0, 0, 1, 1, 0, 0, 2, 0, 5, 5, 0, 1, 3, 1, 0)|-0.010927501980814436
(0, 0, 1, 1, 0, 0, 2, 0, 5, 5, 0, 1, 3, 2, 0)|-0.004085684753069461
(0, 0, 1, 1, 0, 0, 2, 0, 5, 5, 0, 2, 3, 2, 0)|-0.004520592065874979
(0, 0, 1, 1, 0, 0, 1, 0, 5, 5, 0, 1, 3, 0, 0)|-0.050369833294587295
(0, 0, 1, 1, 0, 0, 1, 0, 5, 5, 0, 2, 3, 0, 0)|-0.011421918829827342
(0, 0, 1, 1, 0, 0, 1, 0, 5, 5, 0, 1, 3, 0, 1)|-0.009671414401485695
(0, 0, 1, 1, 0, 0, 1, 0, 5, 5, 0, 2, 3, 0, 1)|-0.009310101071823677
(0, 0, 1, 1, 0, 0, 1, 0, 5, 5, 0, 2, 3, 1, 1)|-0.00406936202689003
(0, 0, 1, 1, 0, 0, 1, 0, 5, 5, 0, 2, 3, 1, 0)|-0.00433739648585892
(0, 0, 1, 1, 0, 0, 1, 0, 5, 5, 0, 1, 3, 1, 1)|0.0
(0, 0, 1, 1, 0, 0, 1, 0, 5, 3, 0, 2, 3, 1, 0)|0.0
(0, 0, 1, 1, 0, 0, 1, 0, 5, 3, 0, 2, 3, 1, 1)|0.0
(0, 0, 1, 1, 0, 0, 1, 0, 5, 5, 0, 1, 3, 1, 0)|-0.007345639571929517
(0, 0, 1, 1, 0, 0, 1, 0, 5, 3, 0, 1, 3, 1, 0)|0.0
(0, 0, 1, 1, 0, 0, 1, 0, 5, 3, 0, 1, 3, 1, 1)|-0.0022632722652217606
(0, 0, 1, 1, 0, 0, 1, 0, 5, 3, 0, 1, 3, 0, 1)|-0.004036358502464001
(0, 0, 1, 1, 0, 0, 1, 0, 5, 1, 0, 1, 3, 0, 1)|0.730191215923996
(0, 0, 1, 1, 0, 0, 1, 0, 5, 3, 0, 1, 3, 0, 0)|-0.010570945864193174
(0, 0, 1, 1, 0, 0, 1, 0, 5, 1, 0, 1, 3, 0, 0)|0.02015394365525584
(0, 0, 1, 1, 0, 0, 1, 0, 5, 3, 0, 2, 3, 0, 1)|-0.003966986559640862
(0, 0, 1, 1, 0, 0, 1, 0, 5, 1, 0, 2, 3, 0, 1)|0.14048860554941192
(0, 0, 1, 1, 0, 0, 1, 0, 5, 3, 0, 2, 3, 0, 0)|-0.00318840134277061
(0, 0, 1, 1, 0, 0, 1, 0, 5, 1, 0, 2, 3, 0, 0)|0.0
(0, 0, 1, 1, 0, 0, 1, 0, 5, 0, 0, 1, 3, 0, 0)|0.0
(0, 0, 1, 1, 0, 0, 1, 0, 5, 0, 0, 1, 3, 0, 1)|0.0
(0, 0, 1, 1, 0, 0, 1, 0, 5, 0, 0, 2, 3, 0, 0)|0.0
(0, 0, 1, 1, 0, 0, 1, 0, 5, 0, 0, 2, 3, 0, 1)|0.0
(0, 1, 2, 0, 0, 0, 1, 0, 5, 5, 0, 2, 3, 0, 0)|-0.05143755179733642
(0, 0, 2, 0, 0, 0, 2, 0, 5, 5, 0, 2, 3, 0, 0)|-0.069541923611429
(0, 1, 2, 0, 0, 0, 2, 0, 5, 5, 0, 2, 3, 0, 0)|-0.053381257147611084
(0, 1, 2, 0, 0, 0, 2, 0, 5, 5, 0, 1, 3, 0, 0)|-0.05838389725965069
(0, 1, 2, 0, 0, 0, 2, 0, 5, 5, 0, 2, 3, 1, 0)|-0.01377006090306397
(0, 1, 2, 0, 0, 0, 2, 0, 5, 5, 0, 1, 3, 1, 0)|-0.007104755868206027
(0, 1, 2, 0, 0, 0, 2, 0, 5, 5, 0, 0, 3, 1, 0)|-0.009028569170823838
(0, 1, 2, 0, 0, 0, 2, 0, 5, 5, 1, 0, 2, 1, 0)|-0.00812506857287999
(0, 1, 2, 0, 0, 0, 2, 0, 5, 5, 1, 0, 1, 1, 0)|-0.012048785898717157
(0, 1, 2, 0, 0, 0, 2, 0, 5, 5, 1, 0, 2, 2, 0)|-0.004217966792338445
(0, 1, 2, 0, 0, 0, 1, 0, 5, 5, 1, 0, 2, 1, 0)|-0.006005238971250777
(0, 1, 2, 0, 0, 0, 2, 0, 5, 5, 1, 0, 1, 2, 0)|-0.0001082553683787557
(0, 0, 2, 0, 0, 0, 2, 0, 5, 5, 2, 0, 2, 1, 0)|-0.012383655729299916
(0, 0, 2, 0, 0, 0, 2, 0, 5, 5, 2, 1, 2, 1, 0)|-0.007808932176537639
(0, 0, 2, 0, 0, 0, 2, 0, 5, 5, 2, 1, 3, 1, 0)|0.0
(0, 0, 2, 0, 0, 0, 2, 0, 5, 5, 2, 1, 1, 1, 0)|-0.012964230098709697
(0, 0, 1, 0, 0, 0, 2, 0, 5, 5, 1, 2, 2, 1, 0)|-0.006251725756515274
(0, 0, 1, 0, 0, 0, 2, 0, 5, 5, 1, 2, 1, 1, 0)|0.0
(0, 0, 1, 0, 0, 0, 2, 0, 5, 5, 1, 1, 2, 1, 0)|-0.039492487263796686
(0, 0, 1, 0, 0, 0, 2, 0, 5, 5, 1, 1, 1, 1, 0)|-0.04830369818100113
(0, 0, 1, 0, 0, 0, 2, 0, 5, 5, 1, 1, 3, 1, 0)|-0.09163261251478914
(0, 0, 1, 0, 0, 0, 2, 0, 5, 5, 1, 0, 3, 1, 0)|-0.054266418508259105
(2, 1, 1, 0, 0, 0, 2, 0, 5, 5, 0, 0, 3, 0, 0)|-0.014497673804582908
(2, 1, 1, 0, 0, 0, 2, 0, 5, 5, 1, 0, 0, 0, 0)|0.0
(2, 1, 1, 0, 0, 0, 2, 0, 5, 5, 0, 1, 3, 0, 0)|-0.016387236466339817
(0, 1, 1, 0, 0, 1, 2, 0, 5, 5, 0, 0, 3, 0, 0)|-0.01672086688085794
(0, 1, 1, 1, 0, 0, 2, 0, 5, 5, 0, 0, 3, 0, 0)|-0.030608233655411404
(0, 1, 1, 0, 1, 0, 2, 0, 5, 5, 0, 0, 3, 0, 0)|-0.009878382695486578
(0, 1, 1, 0, 1, 0, 2, 0, 5, 5, 1, 0, 0, 0, 0)|-0.01692278718040641
(0, 1, 1, 0, 1, 0, 2, 0, 5, 5, 0, 1, 3, 0, 0)|-0.03552114726411745
(1, 1, 1, 0, 1, 0, 2, 0, 5, 5, 0, 0, 3, 0, 0)|-0.011181960560318047
(0, 1, 1, 0, 1, 0, 2, 0, 5, 5, 1, 0, 1, 0, 0)|-0.017854517391547912
(0, 2, 1, 0, 1, 0, 2, 0, 5, 5, 1, 0, 0, 0, 0)|-0.010568071493317507
(1, 2, 1, 0, 1, 0, 2, 0, 5, 5, 0, 0, 3, 0, 0)|-0.004499739538952531
(0, 2, 1, 0, 1, 0, 2, 0, 5, 5, 1, 0, 1, 0, 0)|-0.006375839019431927
(1, 2, 1, 0, 1, 0, 2, 0, 5, 5, 1, 0, 0, 0, 0)|0.0
(1, 2, 1, 0, 1, 0, 2, 0, 5, 5, 0, 1, 3, 0, 0)|-0.009167671593182162
(1, 2, 1, 0, 1, 0, 2, 0, 5, 5, 0, 1, 3, 1, 0)|-0.0038885998246453203
(1, 2, 1, 0, 1, 0, 1, 0, 5, 5, 0, 1, 3, 0, 0)|-0.0023086400072426477
(1, 2, 1, 0, 1, 0, 2, 0, 5, 5, 0, 0, 3, 1, 0)|0.0
(1, 0, 1, 0, 1, 0, 1, 1, 5, 5, 0, 1, 3, 0, 0)|-0.004540444524918305
(1, 0, 1, 0, 1, 0, 1, 1, 5, 5, 0, 0, 3, 0, 0)|-0.00962451767585078
(1, 0, 1, 0, 1, 0, 1, 1, 5, 5, 1, 0, 0, 0, 0)|-0.009172889507679584
(2, 0, 1, 0, 1, 0, 1, 1, 5, 5, 0, 0, 3, 0, 0)|-0.004058869840126593
(1, 0, 1, 0, 1, 0, 1, 1, 5, 5, 1, 0, 1, 0, 0)|-0.007932050866057118
(2, 0, 1, 0, 1, 0, 1, 1, 5, 5, 1, 0, 0, 0, 0)|0.0
(2, 0, 1, 0, 1, 0, 1, 1, 5, 5, 0, 1, 3, 0, 0)|-0.004219639058659851
(2, 0, 1, 0, 1, 0, 0, 1, 5, 5, 0, 1, 3, 0, 0)|-0.00602400739236645
(2, 0, 1, 0, 1, 0, 0, 1, 5, 5, 0, 0, 3, 0, 0)|-0.006711267584559961
(2, 0, 1, 0, 1, 0, 0, 1, 5, 5, 1, 0, 0, 0, 0)|-0.014502538228071528
(3, 0, 1, 0, 1, 0, 0, 1, 5, 5, 0, 0, 3, 0, 0)|-0.009167659839461991
(2, 0, 1, 0, 1, 0, 0, 1, 5, 5, 1, 0, 1, 0, 0)|-0.01327875181031609
(2, 0, 1, 0, 1, 0, 0, 1, 5, 3, 1, 0, 0, 0, 0)|0.0
(2, 0, 1, 0, 1, 0, 0, 1, 5, 3, 1, 0, 1, 0, 0)|0.0
(3, 0, 1, 0, 1, 0, 0, 1, 5, 5, 1, 0, 0, 0, 0)|-0.0038884638706236344
(3, 0, 1, 0, 1, 0, 0, 1, 5, 5, 0, 1, 3, 0, 0)|0.0
(4, 0, 1, 0, 1, 0, 0, 1, 5, 5, 0, 0, 3, 0, 0)|0.0
(3, 0, 1, 0, 1, 0, 0, 1, 5, 5, 1, 0, 1, 0, 0)|-0.0023071141484134064
(3, 0, 1, 0, 1, 0, 0, 0, 5, 5, 1, 0, 0, 0, 0)|0.0
(3, 0, 1, 0, 1, 0, 0, 0, 5, 5, 1, 0, 1, 0, 0)|0.0
(3, 0, 1, 0, 0, 0, 0, 1, 5, 5, 1, 0, 1, 0, 0)|-0.0045234905379267385
(3, 0, 1, 0, 0, 0, 0, 1, 5, 5, 1, 0, 0, 0, 0)|0.0
(2, 0, 2, 0, 0, 0, 0, 1, 5, 5, 1, 0, 1, 0, 0)|0.0
(1, 0, 1, 0, 0, 1, 0, 1, 5, 5, 1, 0, 1, 0, 0)|0.0
(1, 0, 1, 1, 0, 0, 0, 1, 5, 5, 1, 0, 1, 0, 0)|0.0
(1, 0, 1, 0, 1, 0, 0, 1, 5, 5, 1, 0, 1, 0, 0)|-0.009434237238234998
(1, 0, 1, 0, 1, 0, 0, 1, 5, 5, 1, 0, 0, 0, 0)|-0.006971936076049353
(1, 0, 1, 0, 1, 0, 0, 1, 5, 3, 1, 0, 0, 0, 0)|0.0020160901430000006
(1, 0, 1, 0, 1, 0, 0, 1, 5, 3, 1, 0, 1, 0, 0)|0.0
(2, 0, 1, 0, 1, 0, 0, 1, 5, 3, 0, 0, 3, 0, 0)|0.0
(1, 0, 1, 0, 1, 0, 0, 1, 5, 2, 1, 0, 0, 0, 0)|0.084437
(2, 0, 1, 0, 1, 0, 0, 1, 5, 2, 0, 0, 3, 0, 0)|0.989
(2, 0, 1, 0, 1, 0, 0, 0, 5, 2, 0, 0, 3, 0, 0)|0.0
(2, 0, 1, 0, 1, 0, 0, 1, 5, 2, 1, 0, 0, 0, 0)|0.0
(2, 0, 1, 0, 1, 0, 0, 1, 5, 2, 0, 1, 3, 0, 0)|-0.004037567708241501
(1, 1, 1, 0, 0, 0, 1, 0, 5, 5, 0, 3, 3, 1, 0)|-0.006069148711211233
(1, 1, 1, 0, 0, 0, 1, 0, 5, 5, 0, 2, 3, 1, 0)|-0.016618869160506023
(0, 1, 2, 0, 0, 0, 1, 0, 5, 5, 0, 1, 3, 1, 0)|-0.010041220996395678
(0, 0, 2, 0, 0, 0, 2, 0, 5, 5, 0, 0, 3, 1, 0)|-0.07178838544397675
(0, 0, 1, 0, 0, 0, 2, 0, 5, 5, 0, 3, 3, 0, 0)|-0.08757792081895706
(0, 0, 1, 0, 0, 0, 2, 0, 5, 5, 0, 3, 3, 1, 0)|-0.08448508806135059
(0, 0, 1, 0, 0, 0, 2, 0, 5, 5, 0, 3, 3, 2, 0)|-0.019841704798301114
(0, 0, 1, 0, 0, 0, 2, 0, 5, 5, 0, 2, 3, 2, 0)|-0.058400143701210806
(0, 0, 1, 0, 0, 0, 1, 0, 5, 5, 0, 3, 3, 1, 0)|-0.04184819579757374
(0, 0, 1, 0, 0, 0, 1, 0, 5, 5, 0, 3, 3, 0, 0)|0.04865183631938293
(1, 0, 2, 0, 0, 0, 2, 0, 5, 5, 1, 1, 0, 0, 0)|-0.06130307546414101
(1, 1, 1, 0, 0, 0, 1, 0, 5, 5, 0, 1, 3, 1, 0)|-0.04184166698608967
(1, 1, 1, 0, 0, 0, 1, 0, 5, 5, 0, 0, 3, 1, 0)|-0.04239522072135134
(1, 1, 1, 0, 0, 0, 1, 0, 5, 5, 1, 0, 1, 1, 0)|0.0
(0, 1, 2, 0, 0, 0, 1, 0, 5, 5, 0, 0, 3, 1, 0)|-0.03208441607971506
(0, 1, 2, 0, 0, 0, 1, 0, 5, 5, 1, 0, 1, 1, 0)|-0.005956709238862301
(0, 1, 2, 0, 0, 0, 1, 0, 5, 5, 1, 0, 0, 1, 0)|-0.00793772359713743
(0, 1, 2, 0, 0, 0, 1, 0, 5, 5, 2, 0, 0, 1, 0)|0.0
(2, 0, 2, 0, 0, 0, 2, 0, 5, 5, 1, 1, 1, 0, 0)|-0.05112019735439657
(2, 0, 2, 0, 0, 0, 2, 0, 5, 5, 1, 1, 2, 0, 0)|-0.04160710632498179
(2, 0, 2, 0, 0, 0, 2, 0, 5, 5, 1, 1, 3, 0, 0)|-0.0413862151291014
(2, 0, 2, 0, 0, 0, 2, 0, 5, 5, 1, 0, 3, 0, 0)|-0.04181150564095787
(2, 0, 2, 0, 0, 0, 2, 0, 5, 5, 1, 0, 3, 1, 0)|-0.023378625250327943
(2, 0, 2, 0, 0, 0, 2, 0, 5, 5, 1, 1, 3, 1, 0)|-0.018227591748677677
(2, 0, 2, 0, 0, 0, 2, 0, 5, 5, 1, 0, 2, 1, 0)|-0.020912088130010848
(2, 0, 2, 0, 0, 0, 2, 0, 5, 5, 1, 1, 2, 1, 0)|-0.019462447540414134
(2, 0, 1, 0, 0, 0, 2, 0, 5, 5, 1, 1, 3, 0, 0)|-0.006357183675825758
(2, 0, 1, 0, 0, 0, 2, 0, 5, 5, 1, 1, 2, 0, 0)|-0.004212277943440506
(2, 0, 1, 0, 0, 0, 2, 0, 5, 5, 1, 2, 2, 0, 0)|0.0
(2, 0, 1, 0, 0, 0, 2, 0, 5, 5, 1, 2, 3, 0, 0)|0.0
(1, 0, 2, 0, 0, 0, 2, 0, 5, 5, 1, 0, 3, 0, 0)|-0.03867094820795068
(0, 0, 1, 0, 0, 1, 2, 0, 5, 5, 1, 1, 3, 0, 0)|0.0
(0, 0, 1, 1, 0, 0, 2, 0, 5, 5, 1, 1, 3, 0, 0)|-0.031408553741746136
(0, 0, 1, 0, 1, 0, 2, 0, 5, 5, 1, 1, 3, 0, 0)|-0.010464332590408399
(0, 0, 1, 1, 0, 0, 2, 0, 5, 5, 1, 1, 2, 0, 0)|-0.03578800030584894
(0, 0, 1, 1, 0, 0, 2, 0, 5, 5, 1, 2, 2, 0, 0)|-0.02345687545770289
(0, 0, 1, 1, 0, 0, 2, 0, 5, 5, 1, 2, 3, 0, 0)|-0.016686209300471013
(0, 0, 1, 1, 0, 0, 2, 0, 5, 5, 1, 0, 2, 0, 0)|-0.0335448001743827
(0, 0, 1, 1, 0, 0, 1, 0, 5, 5, 1, 1, 2, 0, 0)|-0.009000597482527274
(0, 0, 1, 1, 0, 0, 1, 0, 5, 5, 1, 1, 3, 0, 0)|-0.005815834934803533
(0, 0, 1, 1, 0, 0, 1, 0, 5, 5, 1, 2, 3, 0, 0)|-0.004351276454823579
(0, 0, 1, 1, 0, 0, 1, 0, 5, 5, 1, 2, 2, 0, 0)|-0.03412063796641992
(0, 0, 1, 1, 0, 0, 1, 0, 5, 5, 1, 2, 2, 0, 1)|-0.004047140194664907
(0, 0, 1, 1, 0, 0, 1, 0, 5, 5, 1, 1, 3, 0, 1)|-0.004037567708241501
(0, 0, 1, 1, 0, 0, 1, 0, 5, 5, 1, 1, 2, 0, 1)|-0.00454650062980557
(0, 0, 1, 1, 0, 0, 1, 0, 5, 5, 1, 2, 3, 0, 1)|-0.0040879932061156764
(0, 0, 1, 1, 0, 0, 1, 0, 5, 3, 1, 2, 3, 0, 1)|-0.00334071709003
(0, 0, 1, 1, 0, 0, 1, 0, 5, 3, 1, 1, 3, 0, 1)|-0.0039805578927216735
(0, 0, 1, 1, 0, 0, 1, 0, 5, 3, 1, 1, 2, 0, 1)|0.0
(0, 0, 1, 1, 0, 0, 1, 0, 5, 1, 1, 2, 3, 0, 0)|0.0
(0, 0, 1, 1, 0, 0, 1, 0, 5, 3, 1, 2, 3, 0, 0)|0.0
(0, 0, 1, 1, 0, 0, 1, 0, 5, 1, 1, 2, 3, 0, 1)|0.0038404367000000007
(0, 0, 1, 1, 0, 0, 1, 0, 5, 3, 1, 2, 2, 0, 1)|0.0
(0, 0, 1, 1, 0, 0, 1, 0, 5, 1, 1, 1, 3, 0, 1)|0.989
(0, 0, 1, 1, 0, 0, 1, 0, 5, 1, 1, 1, 2, 0, 1)|0.084437
(0, 0, 1, 1, 0, 0, 1, 0, 5, 1, 1, 2, 2, 0, 1)|0.0
(0, 0, 1, 1, 0, 0, 1, 0, 5, 0, 1, 1, 2, 0, 1)|0.0
(0, 0, 1, 1, 0, 0, 1, 0, 5, 1, 1, 1, 2, 0, 0)|0.0
(0, 0, 1, 1, 0, 0, 1, 0, 5, 0, 1, 1, 3, 0, 1)|0.0
(0, 0, 1, 1, 0, 0, 1, 0, 5, 1, 1, 1, 3, 0, 0)|0.0
(2, 1, 1, 0, 0, 0, 1, 0, 5, 5, 1, 0, 0, 0, 0)|-0.010720492851189527
(2, 1, 1, 0, 0, 0, 1, 0, 5, 5, 0, 1, 3, 0, 0)|-0.011837631095002604
(3, 1, 1, 0, 0, 0, 1, 0, 5, 5, 0, 0, 3, 0, 0)|0.0
(2, 1, 1, 0, 0, 0, 1, 0, 5, 5, 1, 0, 1, 0, 0)|-0.005617460263183368
(2, 1, 1, 0, 0, 0, 1, 0, 5, 5, 1, 1, 0, 0, 0)|0.0
(2, 1, 1, 0, 0, 0, 1, 0, 5, 5, 1, 1, 1, 0, 0)|-0.0021023599993579742
(2, 1, 1, 0, 0, 0, 1, 0, 5, 5, 1, 1, 1, 1, 0)|-0.002248444437310825
(2, 1, 1, 0, 0, 0, 1, 0, 5, 5, 1, 1, 0, 1, 0)|0.0
(2, 1, 1, 0, 0, 0, 1, 0, 5, 5, 1, 0, 1, 1, 0)|-0.003871604859009168
(1, 1, 2, 0, 0, 0, 1, 0, 5, 5, 1, 0, 1, 1, 0)|0.0
(0, 1, 1, 0, 0, 1, 1, 0, 5, 5, 1, 0, 1, 1, 0)|0.0
(0, 1, 1, 1, 0, 0, 1, 0, 5, 5, 1, 0, 1, 1, 0)|0.0
(0, 1, 1, 0, 1, 0, 1, 0, 5, 5, 1, 0, 1, 1, 0)|-0.0021178996521792107
(0, 0, 1, 0, 1, 0, 2, 0, 5, 5, 1, 0, 1, 1, 0)|-0.01605923957322165
(0, 0, 1, 0, 1, 0, 1, 0, 5, 5, 1, 0, 1, 0, 0)|-0.01126171730177799
(0, 0, 1, 0, 1, 0, 2, 0, 5, 5, 1, 1, 0, 1, 0)|-0.005401601845552575
(0, 0, 1, 0, 1, 0, 2, 0, 5, 5, 1, 0, 0, 1, 0)|-0.018132179516312442
(0, 0, 1, 0, 1, 0, 2, 0, 5, 5, 1, 1, 1, 1, 0)|-0.00926751431655499
(0, 0, 1, 0, 1, 0, 1, 0, 5, 5, 1, 0, 0, 0, 0)|-0.010987606213109728
(1, 0, 1, 0, 1, 0, 2, 0, 5, 5, 0, 0, 3, 1, 0)|-0.014046261366962971
(1, 0, 1, 0, 1, 0, 1, 0, 5, 5, 0, 0, 3, 0, 0)|0.6020081992202281
(1, 0, 1, 0, 1, 0, 1, 0, 5, 5, 1, 0, 0, 0, 0)|-0.009966230290633347
(1, 0, 1, 0, 1, 0, 1, 0, 5, 5, 0, 1, 3, 0, 0)|0.1672086860329947
(1, 0, 1, 0, 1, 0, 1, 0, 5, 3, 0, 1, 3, 0, 0)|-0.007334157416199364
(1, 0, 1, 0, 1, 0, 1, 0, 5, 3, 0, 0, 3, 0, 0)|-0.009622300492272924
(1, 0, 1, 0, 1, 0, 0, 0, 5, 3, 0, 1, 3, 0, 0)|0.0
(1, 0, 1, 0, 1, 0, 1, 0, 5, 2, 0, 1, 3, 0, 0)|-0.007339740986092616
(1, 0, 1, 0, 1, 0, 0, 0, 5, 3, 0, 0, 3, 0, 0)|0.0
(1, 0, 1, 0, 1, 0, 1, 0, 5, 2, 0, 0, 3, 0, 0)|-0.006517427559351895
(1, 0, 1, 0, 0, 0, 1, 0, 5, 3, 0, 0, 3, 1, 0)|-0.0025754169884129006
(1, 0, 1, 0, 0, 0, 1, 0, 5, 3, 1, 0, 0, 1, 0)|0.0
(1, 0, 1, 0, 0, 0, 1, 0, 5, 3, 0, 1, 3, 1, 0)|0.0
(0, 0, 2, 0, 0, 0, 1, 0, 5, 3, 0, 0, 3, 1, 0)|-0.007504633204587782
(0, 0, 2, 0, 0, 0, 1, 0, 5, 3, 1, 0, 0, 1, 0)|-0.004334670474425243
(0, 0, 2, 0, 0, 0, 1, 0, 5, 3, 0, 1, 3, 1, 0)|-0.004083943953459265
(0, 0, 2, 0, 0, 0, 1, 0, 5, 3, 0, 1, 3, 0, 0)|-0.02286566331658848
(0, 0, 2, 0, 0, 0, 1, 0, 5, 3, 0, 0, 3, 0, 0)|-0.013777389233423283
(0, 0, 2, 0, 0, 0, 1, 0, 5, 3, 1, 0, 1, 0, 0)|-0.00995845620164234
(0, 0, 2, 0, 0, 0, 1, 0, 5, 3, 1, 0, 0, 0, 0)|-0.017369714777360358
(0, 0, 2, 0, 0, 0, 1, 0, 5, 3, 1, 1, 0, 0, 0)|-0.013753309904891351
(1, 0, 2, 0, 0, 0, 1, 0, 5, 3, 0, 1, 3, 0, 0)|-0.004378283133559598
(0, 0, 2, 0, 0, 0, 1, 0, 5, 3, 1, 1, 1, 0, 0)|-0.015305899774863926
(0, 0, 2, 0, 0, 0, 1, 0, 5, 3, 1, 1, 0, 1, 0)|-0.007330421964530235
(0, 0, 2, 0, 0, 0, 1, 0, 5, 3, 1, 1, 1, 1, 0)|-0.003886949722534416
(1, 0, 2, 0, 0, 0, 1, 0, 5, 3, 0, 1, 3, 1, 0)|-0.004643891204757611
(0, 0, 2, 0, 0, 0, 1, 0, 5, 3, 1, 1, 2, 1, 0)|-0.001562141524681
(0, 0, 2, 0, 0, 0, 1, 0, 5, 3, 1, 0, 1, 1, 0)|-0.002290120342698272
(1, 0, 2, 0, 0, 0, 1, 0, 5, 3, 0, 0, 3, 1, 0)|-0.010785535406931647
(1, 0, 2, 0, 0, 0, 1, 0, 5, 3, 1, 0, 1, 1, 0)|-0.0035333158085163784
(1, 0, 2, 0, 0, 0, 1, 0, 5, 3, 1, 0, 0, 1, 0)|0.001678834921252771
(1, 0, 2, 0, 0, 0, 1, 0, 5, 3, 1, 1, 1, 1, 0)|0.9460890548900001
(1, 0, 2, 0, 0, 0, 1, 0, 5, 3, 1, 1, 0, 1, 0)|0.08061363479069902
(2, 0, 2, 0, 0, 0, 1, 0, 5, 3, 0, 1, 3, 1, 0)|0.0
(1, 0, 2, 0, 0, 0, 0, 0, 5, 3, 1, 1, 1, 0, 0)|0.0
(1, 1, 1, 0, 0, 0, 1, 0, 5, 5, 1, 1, 1, 0, 0)|-0.008636808950256161
(1, 1, 1, 0, 0, 0, 1, 0, 5, 5, 1, 0, 2, 0, 0)|-0.020831731615721
(1, 1, 1, 0, 0, 0, 1, 0, 5, 5, 1, 1, 2, 0, 0)|-0.01982941486573567
(0, 1, 2, 0, 0, 0, 1, 0, 5, 5, 1, 0, 2, 0, 0)|-0.03478203596864669
(0, 1, 2, 0, 0, 0, 1, 0, 5, 5, 1, 1, 2, 0, 0)|-0.019233059574950567
(0, 1, 2, 0, 0, 0, 1, 0, 5, 5, 1, 1, 1, 0, 0)|-0.017461471360276874
(1, 0, 1, 0, 0, 0, 1, 0, 5, 5, 0, 0, 3, 1, 0)|0.09563630351208809
(1, 0, 1, 0, 0, 0, 1, 0, 5, 5, 0, 1, 3, 1, 0)|0.08963487871867931
(1, 0, 1, 0, 0, 0, 1, 0, 5, 5, 1, 0, 0, 1, 0)|-0.008677233973660603
(1, 0, 1, 0, 0, 0, 0, 0, 5, 5, 0, 0, 3, 0, 0)|0.0
(0, 0, 2, 0, 0, 0, 1, 0, 5, 5, 0, 0, 3, 1, 0)|-0.04658008746827873
(1, 0, 1, 0, 0, 0, 2, 0, 5, 5, 0, 0, 3, 1, 0)|-0.04804993358959522
(1, 0, 1, 0, 0, 0, 2, 0, 5, 5, 1, 0, 2, 0, 0)|-0.05125745144473388
(1, 0, 1, 0, 0, 0, 2, 0, 5, 5, 1, 1, 2, 0, 0)|-0.04752423804230147
(1, 1, 1, 0, 0, 0, 2, 0, 5, 5, 1, 1, 2, 0, 0)|-0.02277498915819979
(1, 1, 1, 0, 0, 0, 2, 0, 5, 5, 1, 1, 1, 0, 0)|-0.013763512906663982
(1, 1, 1, 0, 0, 0, 2, 0, 5, 5, 1, 0, 1, 0, 0)|-0.019879176527187153
(1, 1, 1, 0, 0, 0, 2, 0, 5, 5, 1, 0, 2, 0, 0)|-0.0167474081126724
(1, 1, 1, 0, 0, 0, 2, 0, 5, 5, 1, 0, 2, 1, 0)|-0.009580116488529744
(1, 1, 1, 0, 0, 0, 2, 0, 5, 5, 1, 1, 2, 1, 0)|-0.004035894080265666
(1, 1, 1, 0, 0, 0, 2, 0, 5, 5, 1, 1, 1, 1, 0)|0.0
(1, 1, 1, 0, 0, 0, 2, 0, 5, 5, 1, 0, 1, 1, 0)|-0.007893374870995406
(1, 1, 1, 0, 0, 0, 2, 0, 5, 5, 1, 1, 3, 1, 0)|-0.0039617741892891654
(1, 1, 1, 0, 0, 0, 1, 0, 5, 5, 1, 1, 3, 0, 0)|-0.003129901114356519
(1, 0, 1, 0, 0, 0, 2, 0, 5, 5, 1, 1, 3, 0, 0)|-0.05092405557698133
(1, 0, 1, 0, 0, 0, 2, 0, 5, 5, 1, 1, 2, 1, 0)|-0.018234271928040554
(1, 0, 1, 0, 0, 0, 2, 0, 5, 5, 1, 0, 2, 1, 0)|-0.014806662743442878
(1, 0, 1, 0, 0, 0, 2, 0, 5, 5, 1, 2, 3, 0, 0)|-0.0386750132146553
(1, 0, 1, 0, 0, 0, 2, 0, 5, 5, 1, 2, 3, 1, 0)|-0.009926780832610772
(1, 0, 1, 0, 0, 0, 2, 0, 5, 5, 1, 1, 3, 1, 0)|-0.009086106532963096
(0, 1, 2, 0, 0, 0, 2, 0, 5, 5, 1, 0, 3, 0, 0)|-0.02779757012922535
(0, 1, 2, 0, 0, 0, 2, 0, 5, 5, 2, 0, 1, 0, 0)|-0.013698634601263958
(0, 1, 2, 0, 0, 0, 2, 0, 5, 5, 1, 1, 3, 0, 0)|-0.03498292973503762
(0, 1, 2, 0, 0, 0, 2, 0, 5, 5, 2, 0, 2, 0, 0)|-0.013916085675575077
(0, 1, 2, 0, 0, 0, 2, 0, 5, 5, 1, 0, 2, 0, 0)|-0.04231501715178125
(0, 1, 2, 0, 0, 0, 2, 0, 5, 5, 1, 1, 2, 0, 0)|-0.04203574485216883
(0, 1, 2, 0, 0, 0, 2, 0, 5, 5, 1, 1, 2, 1, 0)|-0.005944752809267287
(0, 1, 2, 0, 0, 0, 2, 0, 5, 5, 1, 1, 1, 1, 0)|-0.013247816008018297
(0, 2, 2, 0, 0, 0, 2, 0, 5, 5, 1, 0, 2, 0, 0)|-0.015673941135976106
(0, 2, 2, 0, 0, 0, 1, 0, 5, 5, 1, 0, 2, 0, 0)|-0.003844203221023643
(0, 2, 2, 0, 0, 0, 2, 0, 5, 5, 1, 0, 1, 0, 0)|-0.020615499977524245
(0, 2, 2, 0, 0, 0, 2, 0, 5, 5, 1, 1, 2, 0, 0)|-0.019500684788644914
(0, 2, 2, 0, 0, 0, 2, 0, 5, 5, 1, 1, 1, 0, 0)|-0.03153230144321642
(0, 1, 2, 0, 0, 0, 2, 0, 5, 5, 2, 0, 1, 1, 0)|-0.0108159355921523
(0, 1, 2, 0, 0, 0, 2, 0, 5, 5, 2, 1, 1, 1, 0)|0.0
(0, 1, 2, 0, 0, 0, 2, 0, 5, 5, 2, 0, 2, 1, 0)|-0.003888503368912577
(0, 1, 2, 0, 0, 0, 1, 0, 5, 5, 2, 0, 2, 0, 0)|-0.002307557451319606
(0, 0, 2, 0, 0, 0, 2, 0, 5, 5, 2, 1, 2, 0, 0)|-0.04707601456552128
(0, 0, 1, 0, 0, 0, 2, 0, 5, 5, 1, 1, 2, 0, 0)|-0.0735255242119626
(0, 1, 1, 0, 0, 0, 2, 0, 5, 5, 1, 1, 1, 0, 0)|-0.013672842841239983
(0, 1, 1, 0, 0, 0, 2, 0, 5, 5, 1, 0, 1, 0, 0)|-0.023692098804772257
(0, 1, 1, 0, 0, 0, 2, 0, 5, 5, 1, 1, 2, 0, 0)|-0.792135052452736
(0, 1, 1, 0, 0, 0, 2, 0, 5, 5, 1, 0, 2, 0, 0)|-0.02326685157008452
(0, 1, 1, 0, 0, 0, 2, 0, 5, 5, 1, 1, 2, 1, 0)|-0.005803256937437395
(0, 1, 1, 0, 0, 0, 2, 0, 5, 5, 1, 0, 1, 1, 0)|-0.005317305847357314
(0, 1, 1, 0, 0, 0, 2, 0, 5, 5, 1, 1, 1, 1, 0)|-0.007256021397240783
(0, 1, 1, 0, 0, 0, 2, 0, 5, 5, 1, 0, 2, 1, 0)|-0.0042086833252547185
(0, 2, 1, 0, 0, 0, 2, 0, 5, 5, 1, 0, 1, 1, 0)|-0.0189749239477274
(0, 2, 1, 0, 0, 0, 2, 0, 5, 5, 1, 1, 2, 1, 0)|-0.018938126118662545
(0, 2, 1, 0, 0, 0, 2, 0, 5, 5, 1, 1, 1, 1, 0)|-0.019001260757139538
(0, 2, 1, 0, 0, 0, 2, 0, 5, 5, 1, 0, 2, 1, 0)|-0.017756342631096038
(0, 2, 1, 0, 0, 0, 2, 0, 5, 5, 1, 0, 2, 0, 0)|-0.008357107246028415
(0, 2, 1, 0, 0, 0, 2, 0, 5, 5, 1, 0, 1, 0, 0)|-0.007128479791537776
(0, 2, 1, 0, 0, 0, 2, 0, 5, 5, 1, 1, 2, 0, 0)|-0.008740527905658246
(0, 2, 1, 0, 0, 0, 2, 0, 5, 5, 1, 1, 1, 0, 0)|-0.009875999506618445
(0, 2, 1, 0, 0, 0, 2, 0, 5, 5, 1, 0, 1, 2, 0)|-0.004001768717906879
(0, 2, 1, 0, 0, 0, 2, 0, 5, 5, 1, 1, 1, 2, 0)|-0.0023788849356691975
(0, 2, 1, 0, 0, 0, 2, 0, 5, 5, 1, 1, 2, 2, 0)|-0.003578773489415026
(0, 2, 1, 0, 0, 0, 2, 0, 5, 5, 1, 0, 2, 2, 0)|-0.005320943729657748
(0, 2, 1, 0, 0, 0, 1, 0, 5, 5, 1, 0, 1, 0, 0)|-0.004021436706514123
(0, 2, 1, 0, 0, 0, 1, 0, 5, 5, 1, 1, 1, 0, 0)|0.0
(0, 2, 1, 0, 0, 0, 1, 0, 5, 5, 1, 1, 2, 0, 0)|0.0
(0, 2, 1, 0, 0, 0, 1, 0, 5, 5, 1, 0, 2, 0, 0)|0.0
(0, 1, 1, 0, 0, 0, 2, 0, 5, 5, 1, 0, 0, 1, 0)|-0.004600686500365606
(0, 1, 1, 0, 0, 0, 2, 0, 5, 5, 1, 0, 0, 0, 0)|-0.024186804978759694
(1, 1, 1, 0, 0, 0, 2, 0, 5, 5, 0, 1, 3, 0, 0)|-0.036743003196868886
(0, 2, 1, 0, 0, 0, 2, 0, 5, 5, 1, 0, 0, 0, 0)|-0.005631736176658332
(1, 2, 1, 0, 0, 0, 2, 0, 5, 5, 0, 1, 3, 0, 0)|-0.008255813373835599
(0, 2, 1, 0, 0, 0, 2, 0, 5, 5, 1, 1, 0, 0, 0)|-0.0022642019142982235
(1, 2, 1, 0, 0, 0, 2, 0, 5, 5, 0, 0, 3, 0, 0)|0.0
(0, 2, 2, 0, 0, 0, 2, 0, 5, 5, 0, 1, 3, 0, 0)|-0.008598733049759262
(0, 2, 2, 0, 0, 0, 2, 0, 5, 5, 0, 0, 3, 0, 0)|-0.013427552572453367
(0, 2, 2, 0, 0, 0, 2, 0, 5, 5, 0, 1, 3, 1, 0)|-0.004489532643673568
(0, 2, 2, 0, 0, 0, 2, 0, 5, 5, 0, 0, 3, 1, 0)|-0.009053116090612427
(0, 2, 2, 0, 0, 0, 2, 0, 5, 5, 1, 0, 1, 1, 0)|0.0
(0, 2, 2, 0, 0, 0, 2, 0, 5, 5, 1, 0, 1, 2, 0)|-0.0025635486020803974
(0, 2, 2, 0, 0, 0, 2, 0, 5, 5, 1, 0, 0, 2, 0)|-0.007372762245337748
(1, 2, 2, 0, 0, 0, 2, 0, 5, 5, 0, 1, 3, 2, 0)|-0.007487334128067071
(0, 2, 2, 0, 0, 0, 2, 0, 5, 5, 1, 1, 0, 2, 0)|-0.0025738600715260367
(1, 2, 2, 0, 0, 0, 2, 0, 5, 5, 0, 0, 3, 2, 0)|-0.003885848354740483
(1, 2, 2, 0, 0, 0, 1, 0, 5, 5, 0, 0, 3, 1, 0)|-0.0022777593124633294
(1, 0, 2, 0, 0, 0, 1, 1, 5, 5, 0, 0, 3, 1, 0)|-0.004197325694036991
(1, 0, 2, 0, 0, 0, 1, 1, 5, 5, 0, 1, 3, 1, 0)|0.0
(1, 0, 2, 0, 0, 0, 1, 1, 5, 5, 0, 0, 3, 0, 0)|-0.005773576812985305
(1, 0, 2, 0, 0, 0, 1, 1, 5, 5, 0, 1, 3, 0, 0)|0.0
(1, 0, 1, 0, 0, 0, 1, 1, 5, 5, 0, 0, 3, 0, 0)|-0.00545240846094275
(1, 0, 1, 0, 0, 0, 0, 1, 5, 5, 0, 0, 3, 0, 0)|-0.002124672412013421
(1, 0, 1, 0, 0, 0, 1, 1, 5, 5, 0, 1, 3, 0, 0)|-0.004621330314392539
(1, 0, 1, 0, 0, 0, 1, 1, 5, 5, 1, 0, 1, 0, 0)|0.0
(0, 0, 2, 0, 0, 0, 1, 1, 5, 5, 0, 0, 3, 0, 0)|-0.010532326760859018
(0, 0, 2, 0, 0, 0, 0, 1, 5, 5, 0, 0, 3, 0, 0)|-0.002496360133482455
(0, 0, 1, 0, 0, 0, 0, 1, 5, 5, 0, 1, 3, 0, 0)|-0.006626223705360611
(0, 0, 1, 0, 0, 0, 0, 0, 5, 5, 0, 1, 3, 0, 0)|0.0
(0, 0, 1, 0, 0, 0, 0, 1, 3, 5, 0, 1, 3, 0, 0)|-0.01353842029
(0, 0, 1, 0, 0, 0, 0, 0, 3, 5, 0, 1, 3, 0, 0)|0.0
(0, 0, 1, 0, 0, 0, 0, 1, 2, 5, 0, 1, 3, 1, 0)|-0.09190000000000001
(0, 0, 1, 0, 0, 0, 0, 1, 2, 5, 0, 0, 3, 1, 0)|0.0
(0, 0, 1, 0, 0, 0, 0, 0, 2, 5, 0, 1, 3, 1, 0)|0.0
(0, 0, 1, 0, 0, 0, 0, 1, 0, 5, 0, 1, 3, 1, 0)|-1.0
(0, 0, 1, 0, 0, 0, 0, 1, 0, 5, 0, 0, 3, 1, 0)|0.0
(1, 0, 1, 0, 0, 0, 1, 0, 5, 5, 0, 3, 3, 0, 0)|-0.02526837007587621
(1, 0, 0, 0, 0, 0, 2, 0, 5, 5, 0, 3, 3, 1, 0)|0.012589996630310268
(0, 0, 1, 0, 0, 0, 2, 0, 5, 5, 0, 1, 3, 2, 0)|-0.11883758520954103
(1, 1, 2, 0, 0, 0, 1, 0, 5, 5, 1, 0, 1, 0, 0)|-0.00783782768575893
(1, 0, 2, 0, 0, 0, 2, 0, 5, 5, 2, 0, 0, 1, 0)|-0.023959606789252026
(1, 0, 2, 0, 0, 0, 2, 0, 5, 5, 2, 1, 1, 1, 0)|-0.014976023588361417
(1, 0, 2, 0, 0, 0, 2, 0, 5, 5, 2, 1, 0, 1, 0)|-0.01589831898719967
(2, 0, 2, 0, 0, 0, 2, 0, 5, 5, 1, 0, 1, 1, 0)|-0.022059329140212122
(2, 0, 2, 0, 0, 0, 2, 0, 5, 5, 1, 1, 1, 1, 0)|-0.0218714143118972
(2, 0, 2, 0, 0, 0, 2, 0, 5, 5, 1, 0, 0, 1, 0)|-0.0129603172532715
(2, 0, 2, 0, 0, 0, 2, 0, 5, 5, 1, 1, 0, 1, 0)|0.0094566342953729
(2, 0, 2, 0, 0, 0, 2, 0, 5, 5, 1, 1, 0, 0, 0)|-0.0504752229904722
(3, 0, 2, 0, 0, 0, 2, 0, 5, 5, 1, 0, 0, 0, 0)|-0.039726401709616145
(3, 0, 2, 0, 0, 0, 2, 0, 5, 5, 0, 1, 3, 0, 0)|-0.049080174697314405
(4, 0, 2, 0, 0, 0, 2, 0, 5, 5, 0, 0, 3, 0, 0)|-0.038275645771119624
(4, 0, 2, 0, 0, 0, 2, 0, 5, 5, 2, 0, 0, 0, 0)|-0.017272300747995475
(4, 0, 2, 0, 0, 0, 2, 0, 5, 5, 2, 0, 1, 0, 0)|-0.010222909794209778
(4, 0, 2, 0, 0, 0, 2, 0, 5, 5, 2, 0, 1, 1, 0)|-0.0038976101051112146
(4, 0, 2, 0, 0, 0, 2, 0, 5, 5, 2, 0, 0, 1, 0)|-0.0024097654894636848
(4, 0, 1, 0, 0, 0, 2, 0, 5, 5, 1, 0, 0, 0, 0)|-0.002263883855165588
(2, 0, 1, 0, 0, 1, 2, 0, 5, 5, 1, 0, 1, 0, 0)|-0.004043254167051716
(2, 0, 1, 0, 0, 1, 2, 0, 5, 5, 1, 0, 0, 0, 0)|-0.0075769843916756695
(2, 0, 1, 0, 0, 1, 2, 0, 5, 5, 1, 0, 0, 0, 1)|-0.0064259404735001555
(3, 0, 1, 0, 0, 1, 2, 0, 5, 5, 0, 0, 3, 0, 0)|-0.013845803664418222
(2, 0, 1, 0, 0, 1, 2, 0, 5, 5, 1, 0, 1, 0, 1)|-0.005695683065768238
(2, 0, 1, 0, 0, 1, 1, 0, 5, 5, 1, 0, 1, 0, 1)|0.0
(2, 0, 1, 0, 0, 1, 2, 0, 5, 5, 1, 1, 1, 0, 1)|-0.004057003134187044
(2, 0, 1, 0, 0, 1, 2, 0, 5, 5, 1, 1, 0, 0, 1)|0.0
(2, 0, 1, 0, 0, 1, 1, 0, 5, 5, 1, 1, 1, 0, 1)|0.0
(2, 0, 1, 0, 0, 1, 2, 0, 5, 5, 1, 1, 0, 0, 0)|0.0
(2, 0, 1, 0, 0, 1, 2, 0, 5, 5, 1, 2, 1, 0, 0)|-0.00578887064774744
(2, 0, 1, 0, 0, 1, 2, 0, 5, 5, 1, 2, 1, 0, 1)|0.0
(2, 0, 1, 0, 0, 1, 2, 0, 5, 5, 1, 2, 2, 0, 0)|-0.004045590106989518
(2, 0, 1, 0, 0, 1, 2, 0, 5, 5, 1, 1, 2, 0, 0)|-0.005540245274918512
(2, 0, 1, 0, 0, 1, 2, 0, 5, 5, 1, 2, 3, 0, 0)|-0.004351246218201066
(2, 1, 1, 0, 0, 1, 2, 0, 5, 5, 1, 2, 3, 0, 0)|-0.007501079890023189
(2, 1, 1, 0, 0, 1, 2, 0, 5, 5, 1, 2, 2, 0, 0)|-0.00404325415274844
(2, 1, 1, 0, 0, 1, 2, 0, 5, 5, 1, 1, 2, 0, 0)|-0.004044700821821083
(2, 1, 1, 0, 0, 1, 2, 0, 5, 5, 1, 2, 2, 0, 1)|-0.0040443788187254715
(2, 1, 1, 0, 0, 1, 2, 0, 5, 5, 1, 1, 2, 0, 1)|-0.004057001332496873
(2, 1, 1, 0, 0, 1, 2, 0, 5, 5, 1, 2, 3, 0, 1)|-0.004198668153724725
(2, 1, 1, 0, 0, 1, 1, 0, 5, 5, 1, 1, 2, 0, 1)|-0.004043017272774753
(2, 1, 1, 0, 0, 1, 2, 0, 5, 5, 1, 1, 1, 0, 1)|0.0
(2, 1, 1, 0, 0, 1, 1, 0, 5, 5, 1, 2, 3, 0, 1)|-0.005788643700614189
(2, 1, 1, 0, 0, 1, 1, 0, 5, 5, 1, 2, 2, 0, 1)|0.0
(2, 0, 1, 0, 0, 1, 2, 0, 5, 5, 1, 1, 2, 0, 1)|-0.004041720233162205
(2, 0, 1, 0, 0, 1, 1, 0, 5, 5, 1, 1, 2, 0, 1)|-0.001445755006
(2, 0, 1, 0, 0, 1, 2, 0, 5, 5, 1, 2, 2, 0, 1)|-0.004027163110686927
(2, 0, 1, 0, 0, 1, 2, 0, 5, 5, 1, 2, 3, 0, 1)|-0.0038637835093931145
(2, 0, 1, 0, 0, 1, 1, 0, 5, 5, 1, 2, 2, 0, 1)|0.0
(2, 0, 1, 0, 0, 1, 2, 0, 5, 4, 1, 2, 2, 0, 1)|0.0
(2, 0, 1, 0, 0, 1, 2, 0, 5, 4, 1, 2, 3, 0, 1)|0.0
(2, 0, 1, 0, 0, 1, 1, 0, 5, 5, 1, 2, 3, 0, 1)|-0.00203011795054
(2, 0, 1, 0, 0, 0, 1, 0, 5, 5, 1, 1, 2, 1, 0)|0.005047166600000002
(2, 0, 1, 0, 0, 0, 1, 0, 5, 5, 1, 2, 2, 1, 0)|0.0
(2, 0, 1, 0, 0, 0, 1, 0, 5, 5, 1, 2, 1, 1, 0)|0.0
(2, 0, 1, 0, 0, 0, 1, 0, 5, 5, 1, 2, 3, 1, 0)|0.0
(0, 0, 1, 0, 0, 1, 1, 0, 5, 5, 1, 1, 2, 1, 0)|0.09998827087270958
(0, 0, 1, 1, 0, 0, 1, 0, 5, 5, 1, 1, 2, 1, 0)|0.0
(0, 0, 1, 0, 1, 0, 1, 0, 5, 5, 1, 1, 2, 1, 0)|0.039046989231041794
(0, 0, 1, 0, 1, 0, 1, 0, 5, 5, 1, 2, 2, 1, 0)|0.989
(0, 0, 1, 0, 1, 0, 1, 0, 5, 5, 1, 2, 1, 1, 0)|0.0
(0, 0, 1, 0, 1, 0, 1, 0, 5, 5, 1, 2, 3, 1, 0)|0.0
(0, 0, 1, 0, 1, 0, 1, 0, 5, 5, 1, 1, 2, 0, 0)|-0.015491431203233649
(0, 0, 1, 0, 1, 0, 1, 0, 5, 5, 1, 2, 2, 0, 0)|0.989
(0, 0, 1, 0, 1, 0, 1, 0, 5, 5, 1, 2, 1, 0, 0)|0.0017181393515815137
(0, 0, 1, 0, 1, 0, 1, 0, 5, 5, 1, 2, 3, 0, 0)|0.989
(0, 0, 1, 0, 1, 0, 0, 0, 5, 5, 1, 1, 2, 0, 0)|0.0
(0, 0, 1, 0, 1, 0, 0, 0, 5, 5, 1, 2, 2, 0, 0)|0.0
(0, 1, 1, 0, 0, 1, 1, 0, 5, 5, 0, 1, 3, 0, 0)|-0.006612000209982082
(0, 1, 1, 1, 0, 0, 1, 0, 5, 5, 0, 1, 3, 0, 0)|-0.014939777697607905
(0, 1, 1, 0, 1, 0, 1, 0, 5, 5, 0, 1, 3, 0, 0)|-0.019488848563591146
(0, 0, 1, 0, 0, 1, 2, 0, 5, 5, 0, 0, 3, 0, 1)|-0.01291978895712475
(0, 0, 1, 0, 0, 1, 1, 0, 5, 5, 0, 0, 3, 0, 1)|0.0
(0, 0, 1, 0, 0, 1, 2, 0, 5, 5, 0, 1, 3, 0, 1)|-0.05758185714016057
(0, 0, 1, 0, 0, 1, 2, 0, 5, 4, 0, 1, 3, 0, 1)|-0.0056318181986529485
(0, 0, 1, 0, 0, 1, 1, 0, 5, 5, 0, 1, 3, 0, 1)|0.9673289
(0, 0, 1, 0, 0, 1, 2, 0, 5, 3, 0, 1, 3, 0, 1)|0.0
(0, 0, 1, 0, 0, 1, 1, 0, 5, 4, 0, 1, 3, 0, 1)|-0.003884764453416765
(0, 0, 1, 0, 0, 1, 1, 0, 5, 4, 0, 0, 3, 0, 1)|-0.004057019711134082
(0, 0, 1, 0, 0, 1, 1, 0, 5, 4, 0, 0, 3, 1, 1)|-0.004198874423502603
(0, 0, 1, 0, 0, 1, 1, 0, 5, 4, 0, 0, 3, 1, 0)|-0.004336275840204442
(0, 0, 1, 0, 0, 1, 1, 0, 5, 3, 0, 0, 3, 1, 1)|0.0
(0, 0, 1, 0, 0, 1, 1, 0, 5, 4, 0, 1, 3, 1, 1)|-0.005790958737402945
(0, 0, 1, 0, 0, 1, 1, 0, 5, 4, 1, 0, 0, 1, 1)|0.0
(0, 0, 1, 0, 0, 1, 1, 0, 5, 4, 0, 1, 3, 1, 0)|-0.004069262177362217
(0, 0, 1, 0, 0, 1, 1, 0, 5, 3, 0, 1, 3, 1, 0)|-0.002119245729688213
(0, 0, 1, 0, 0, 1, 1, 0, 5, 3, 0, 0, 3, 1, 0)|-0.007333062179623368
(0, 0, 1, 0, 0, 1, 1, 0, 5, 4, 1, 0, 0, 1, 0)|0.0
(0, 0, 1, 0, 0, 1, 1, 0, 5, 2, 0, 0, 3, 1, 0)|0.0
(0, 0, 1, 0, 0, 1, 1, 0, 5, 3, 1, 0, 0, 1, 0)|0.0
(0, 0, 1, 0, 0, 1, 1, 0, 5, 3, 0, 1, 3, 1, 1)|0.0
(0, 0, 1, 0, 0, 1, 1, 0, 5, 2, 0, 1, 3, 1, 0)|0.0
(0, 1, 1, 0, 0, 0, 1, 0, 5, 3, 0, 1, 3, 1, 0)|-0.0024360636632023685
(0, 1, 1, 0, 0, 0, 1, 0, 5, 3, 0, 0, 3, 1, 0)|0.0
(0, 1, 1, 0, 0, 0, 1, 0, 5, 3, 0, 2, 3, 1, 0)|-0.004044069742514321
(0, 1, 1, 0, 0, 0, 1, 0, 5, 3, 0, 1, 3, 0, 0)|-0.005956262924470757
(0, 1, 1, 0, 0, 0, 1, 0, 5, 3, 0, 0, 3, 0, 0)|-0.005943268084557771
(0, 1, 1, 0, 0, 0, 1, 0, 5, 3, 0, 2, 3, 0, 0)|0.0
(0, 1, 1, 0, 0, 0, 1, 0, 5, 3, 1, 0, 0, 0, 0)|-0.005795949331222107
(1, 1, 1, 0, 0, 0, 1, 0, 5, 3, 0, 0, 3, 0, 0)|-0.004125839100569178
(1, 1, 1, 0, 0, 0, 1, 0, 5, 3, 0, 1, 3, 0, 0)|0.0
(0, 1, 2, 0, 0, 0, 1, 0, 5, 3, 0, 0, 3, 0, 0)|-0.0049712581433128825
(0, 1, 2, 0, 0, 0, 1, 0, 5, 3, 0, 1, 3, 0, 0)|0.0
(0, 0, 2, 0, 0, 0, 2, 0, 5, 3, 0, 1, 3, 0, 0)|-0.007518913285731483
(0, 0, 2, 0, 0, 0, 2, 0, 5, 3, 0, 1, 3, 1, 0)|-0.004247468360124989
(0, 0, 2, 0, 0, 0, 2, 0, 5, 3, 0, 0, 3, 1, 0)|-0.006336345231481352
(0, 0, 2, 0, 0, 0, 2, 0, 5, 3, 1, 0, 0, 1, 0)|-0.0028226124102012614
(1, 0, 2, 0, 0, 0, 2, 0, 5, 3, 0, 0, 3, 0, 0)|-0.011154419574288322
(1, 0, 2, 0, 0, 0, 2, 0, 5, 3, 0, 0, 3, 1, 0)|-0.00388969292868945
(1, 0, 2, 0, 0, 0, 2, 0, 5, 3, 1, 0, 0, 1, 0)|0.0
(1, 0, 2, 0, 0, 0, 2, 0, 5, 3, 0, 1, 3, 1, 0)|-0.0023209082905662182
(1, 0, 2, 0, 0, 0, 2, 0, 5, 3, 0, 1, 3, 0, 0)|-0.0046767587840690905
(1, 0, 2, 0, 0, 0, 2, 0, 5, 3, 1, 0, 0, 0, 0)|-0.00784325887370483
(2, 0, 2, 0, 0, 0, 2, 0, 5, 3, 0, 0, 3, 0, 0)|-0.007961622313051373
(2, 0, 2, 0, 0, 0, 2, 0, 5, 3, 1, 0, 0, 0, 0)|0.0
(2, 0, 2, 0, 0, 0, 2, 0, 5, 3, 2, 0, 0, 0, 0)|-0.00931702856006668
(3, 0, 2, 0, 0, 0, 2, 0, 5, 3, 1, 0, 1, 0, 0)|-0.005616195855647401
(3, 0, 2, 0, 0, 0, 2, 0, 5, 3, 1, 0, 2, 0, 0)|-0.002088025775685026
(3, 0, 2, 0, 0, 0, 2, 0, 5, 3, 2, 0, 0, 0, 0)|-0.0020891752853891728
(4, 0, 2, 0, 0, 0, 2, 0, 5, 3, 1, 0, 2, 0, 0)|0.0
(3, 0, 1, 0, 0, 0, 2, 0, 5, 3, 1, 0, 0, 0, 0)|-0.0021019476154352525
(4, 0, 1, 0, 0, 0, 2, 0, 5, 3, 0, 0, 3, 0, 0)|0.0
(1, 0, 1, 0, 0, 1, 2, 0, 5, 3, 1, 0, 0, 0, 0)|0.0
(1, 0, 1, 1, 0, 0, 2, 0, 5, 3, 1, 0, 0, 0, 0)|0.0
(1, 0, 1, 0, 1, 0, 2, 0, 5, 3, 1, 0, 0, 0, 0)|-0.006345541985180872
(3, 0, 1, 0, 0, 0, 2, 0, 5, 3, 1, 0, 0, 1, 0)|-0.002243862393725027
(4, 0, 1, 0, 0, 0, 2, 0, 5, 3, 0, 0, 3, 1, 0)|0.0
(2, 0, 2, 0, 0, 0, 2, 0, 5, 3, 1, 0, 0, 1, 0)|0.0
(1, 0, 1, 0, 0, 1, 2, 0, 5, 3, 1, 0, 0, 1, 0)|0.0
(1, 0, 1, 1, 0, 0, 2, 0, 5, 3, 1, 0, 0, 1, 0)|0.0
(1, 0, 1, 0, 1, 0, 2, 0, 5, 3, 1, 0, 0, 1, 0)|-0.006917788619074737
(2, 0, 1, 0, 1, 0, 2, 0, 5, 3, 0, 0, 3, 1, 0)|0.003927763610000001
(2, 0, 1, 0, 1, 0, 2, 0, 5, 3, 0, 0, 3, 0, 0)|-0.0015465012751000001
(2, 0, 1, 0, 1, 0, 2, 0, 5, 3, 1, 0, 0, 0, 0)|0.0
(2, 0, 1, 0, 1, 0, 2, 0, 5, 3, 0, 1, 3, 0, 0)|0.0
(2, 0, 1, 0, 1, 0, 2, 0, 5, 1, 0, 0, 3, 1, 0)|0.08541710000000001
(2, 0, 1, 0, 1, 0, 2, 0, 5, 0, 0, 0, 3, 0, 0)|0.0
(2, 0, 1, 0, 1, 0, 2, 0, 5, 1, 0, 1, 3, 1, 0)|1.0
(2, 0, 1, 0, 1, 0, 2, 0, 5, 1, 1, 0, 0, 1, 0)|0.0
(2, 0, 1, 0, 1, 0, 2, 0, 5, 0, 0, 1, 3, 0, 0)|0.0
(1, 1, 2, 0, 0, 0, 1, 0, 5, 5, 1, 1, 0, 0, 0)|-0.005491877056789102
(1, 1, 2, 0, 0, 0, 1, 0, 5, 5, 1, 1, 1, 0, 0)|-0.010742704749509337
(3, 0, 2, 0, 0, 0, 2, 0, 5, 5, 1, 0, 3, 0, 0)|-0.030277766560794665
(4, 0, 2, 0, 0, 0, 2, 0, 5, 5, 1, 0, 3, 0, 0)|0.6242622223185704
(4, 0, 1, 0, 0, 0, 2, 0, 5, 5, 0, 0, 3, 0, 0)|-0.012830672809818786
(4, 0, 1, 0, 0, 0, 2, 0, 5, 5, 0, 1, 3, 0, 0)|-0.015073321505172462
(2, 0, 1, 0, 0, 1, 2, 0, 5, 5, 0, 0, 3, 0, 0)|-0.01926611349222696
(2, 0, 1, 0, 0, 1, 2, 0, 5, 5, 0, 1, 3, 0, 0)|-0.01395889913053287
(3, 0, 1, 0, 0, 1, 2, 0, 5, 5, 0, 1, 3, 0, 0)|0.0
(3, 0, 1, 0, 0, 1, 2, 0, 5, 5, 1, 0, 0, 0, 0)|-0.006093816907586253
(3, 0, 1, 0, 0, 1, 2, 0, 5, 5, 1, 0, 1, 0, 0)|-0.009629736966346322
(4, 0, 1, 0, 0, 1, 2, 0, 5, 5, 0, 0, 3, 0, 0)|-0.007502677930667538
(4, 0, 1, 0, 0, 1, 2, 0, 5, 5, 0, 1, 3, 0, 0)|-0.006093694913475282
(4, 0, 1, 0, 0, 1, 2, 0, 5, 5, 1, 0, 0, 0, 0)|-0.004061553673988205
(4, 0, 1, 0, 0, 1, 2, 0, 5, 5, 1, 0, 1, 0, 0)|0.0
(5, 0, 1, 0, 0, 1, 2, 0, 5, 5, 0, 0, 3, 0, 0)|0.0
(4, 0, 1, 0, 0, 1, 1, 0, 5, 5, 1, 0, 0, 0, 0)|-0.004249760650821601
(4, 0, 1, 0, 0, 1, 1, 0, 5, 5, 1, 0, 1, 0, 0)|-0.006362072399793491
(5, 0, 1, 0, 0, 1, 1, 0, 5, 5, 0, 0, 3, 0, 0)|0.0
(4, 0, 1, 0, 0, 1, 1, 0, 5, 5, 1, 1, 1, 0, 0)|-0.01054381310063021
(4, 0, 1, 0, 0, 1, 1, 0, 5, 5, 1, 1, 0, 0, 0)|0.0
(4, 0, 1, 0, 0, 1, 1, 0, 5, 5, 1, 1, 2, 0, 0)|-0.00637345843743165
(4, 0, 1, 0, 0, 1, 1, 0, 5, 5, 1, 1, 1, 0, 1)|-0.00419069423147463
(4, 0, 1, 0, 0, 1, 1, 0, 5, 5, 1, 0, 1, 0, 1)|0.0
(4, 0, 1, 0, 0, 1, 1, 0, 5, 5, 1, 1, 2, 0, 1)|0.0
(4, 0, 1, 0, 0, 1, 1, 0, 5, 4, 1, 1, 1, 0, 1)|-0.0056991496237332245
(4, 0, 1, 0, 0, 1, 1, 0, 5, 4, 1, 0, 1, 0, 1)|0.0
(4, 0, 1, 0, 0, 1, 1, 0, 5, 4, 1, 1, 2, 0, 1)|0.0
(4, 0, 1, 0, 0, 1, 1, 0, 5, 3, 1, 1, 1, 0, 1)|-0.0030284487266970957
(4, 0, 1, 0, 0, 1, 1, 0, 5, 4, 1, 1, 1, 0, 0)|0.0
(4, 0, 1, 0, 0, 1, 1, 0, 5, 3, 1, 1, 2, 0, 1)|0.007345132135835069
(4, 0, 1, 0, 0, 1, 1, 0, 5, 3, 1, 0, 1, 0, 1)|0.0
(4, 0, 1, 0, 0, 0, 1, 0, 5, 3, 1, 1, 2, 0, 0)|0.10272369039816742
(4, 0, 1, 0, 0, 0, 1, 0, 5, 3, 1, 1, 1, 0, 0)|0.0
(4, 0, 1, 0, 0, 0, 1, 0, 5, 3, 1, 1, 3, 0, 0)|0.0
(3, 0, 2, 0, 0, 0, 1, 0, 5, 3, 1, 1, 2, 0, 0)|0.0
(2, 0, 1, 0, 0, 1, 1, 0, 5, 3, 1, 1, 2, 0, 0)|0.0
(2, 0, 1, 1, 0, 0, 1, 0, 5, 3, 1, 1, 2, 0, 0)|0.0
(2, 0, 1, 0, 1, 0, 1, 0, 5, 3, 1, 1, 1, 0, 0)|-0.006122336170390239
(2, 0, 1, 0, 1, 0, 1, 0, 5, 3, 1, 0, 1, 0, 0)|-0.00792952704387029
(2, 0, 0, 0, 1, 0, 1, 0, 5, 3, 0, 3, 3, 0, 0)|0.08137446944279203
(1, 0, 1, 0, 1, 0, 1, 0, 5, 3, 0, 2, 3, 0, 0)|0.0
(0, 0, 0, 0, 1, 1, 1, 0, 5, 3, 0, 3, 3, 0, 0)|0.0
(0, 0, 0, 1, 1, 0, 1, 0, 5, 3, 0, 3, 3, 0, 0)|0.0
(0, 0, 0, 0, 2, 0, 1, 0, 5, 3, 0, 3, 3, 0, 0)|0.9252718826976891
(0, 0, 0, 0, 2, 0, 0, 0, 5, 3, 0, 3, 3, 0, 0)|0.0
(0, 0, 2, 0, 0, 0, 2, 0, 5, 5, 1, 2, 2, 1, 0)|0.0
(0, 0, 2, 0, 0, 0, 1, 0, 5, 5, 1, 2, 3, 0, 0)|-0.05023967231801137
(0, 0, 2, 0, 0, 0, 1, 0, 5, 5, 1, 2, 2, 0, 0)|-0.05087444567360378
(0, 0, 1, 0, 0, 0, 1, 0, 5, 5, 1, 2, 2, 0, 0)|-0.054727495904655026
(0, 0, 1, 0, 0, 0, 1, 0, 5, 5, 1, 2, 3, 0, 0)|-0.054215250064705366
(0, 1, 1, 0, 0, 0, 1, 0, 5, 5, 1, 1, 2, 0, 0)|-0.0038989612448963175
(0, 1, 1, 0, 0, 0, 1, 0, 5, 5, 1, 1, 3, 0, 0)|-0.01008795111299719
(0, 1, 1, 0, 0, 0, 1, 0, 5, 5, 1, 2, 2, 0, 0)|-0.011382743908434157
(0, 1, 1, 0, 0, 0, 1, 0, 5, 5, 1, 2, 3, 0, 0)|-0.008328501961666682
(0, 1, 1, 0, 0, 0, 1, 0, 5, 5, 1, 0, 2, 0, 0)|-0.023204515018905504
(0, 0, 1, 0, 0, 0, 2, 0, 5, 5, 1, 2, 3, 0, 0)|-0.04435413343456783
(0, 0, 1, 0, 0, 0, 2, 0, 5, 5, 1, 1, 3, 0, 0)|-0.04613107254367451
(0, 0, 1, 0, 0, 0, 2, 0, 5, 5, 1, 2, 2, 0, 0)|-0.04419365704669897
(0, 0, 1, 0, 0, 0, 2, 0, 5, 5, 1, 0, 3, 0, 0)|-0.04285221905069943
(0, 0, 1, 0, 0, 0, 2, 0, 5, 5, 1, 2, 0, 0, 0)|-0.06996160752605517
(0, 0, 1, 0, 0, 0, 2, 0, 5, 5, 1, 2, 1, 0, 0)|-1.0
(0, 1, 2, 0, 0, 0, 2, 0, 5, 5, 1, 1, 0, 0, 0)|-0.03796786709295147
(1, 1, 2, 0, 0, 0, 2, 0, 5, 5, 1, 0, 0, 0, 0)|-0.03345826138497425
(1, 1, 2, 0, 0, 0, 2, 0, 5, 5, 1, 1, 0, 0, 0)|-0.039446862848262175
(2, 1, 2, 0, 0, 0, 2, 0, 5, 5, 0, 1, 3, 0, 0)|-0.045254907207268456
(1, 1, 2, 0, 0, 0, 2, 0, 5, 5, 1, 1, 1, 0, 0)|-0.0239272151672387
(2, 1, 2, 0, 0, 0, 2, 0, 5, 5, 0, 0, 3, 0, 0)|-0.038835758778025226
(2, 1, 2, 0, 0, 0, 2, 0, 5, 5, 0, 0, 3, 1, 0)|-0.029938600445043137
(2, 1, 2, 0, 0, 0, 2, 0, 5, 5, 0, 1, 3, 1, 0)|-0.038779376638726486
(2, 1, 2, 0, 0, 0, 2, 0, 5, 5, 1, 0, 1, 1, 0)|-0.010974631357400297
(2, 2, 2, 0, 0, 0, 2, 0, 5, 5, 0, 1, 3, 0, 0)|-0.03634688518248645
(2, 2, 2, 0, 0, 0, 2, 0, 5, 5, 0, 0, 3, 0, 0)|-0.01492415761667577
(2, 2, 2, 0, 0, 0, 2, 0, 5, 5, 1, 0, 1, 0, 0)|-0.004043275208233533
(2, 2, 2, 0, 0, 0, 2, 0, 5, 5, 1, 0, 0, 0, 0)|0.0
(2, 2, 2, 0, 0, 0, 2, 0, 5, 5, 1, 0, 2, 0, 0)|-0.01520577500885242
(2, 2, 2, 0, 0, 0, 2, 0, 5, 5, 1, 1, 1, 0, 0)|-0.010187944528594672
(2, 2, 2, 0, 0, 0, 2, 0, 5, 5, 1, 1, 2, 0, 0)|-0.01679072237955889
(2, 3, 2, 0, 0, 0, 2, 0, 5, 5, 1, 1, 1, 0, 0)|-0.014437836308809996
(2, 3, 2, 0, 0, 0, 2, 0, 5, 5, 1, 0, 2, 0, 0)|-0.009911726792117418
(2, 3, 2, 0, 0, 0, 2, 0, 5, 5, 1, 0, 1, 0, 0)|-0.011512256959668446
(2, 3, 2, 0, 0, 0, 2, 0, 5, 5, 1, 1, 2, 0, 0)|-0.0061227267455813235
(2, 3, 2, 0, 0, 0, 2, 0, 5, 5, 1, 0, 0, 0, 0)|-0.007633516453197173
(2, 3, 2, 0, 0, 0, 2, 0, 5, 5, 1, 1, 0, 0, 0)|-0.021306542883593436
(3, 3, 2, 0, 0, 0, 2, 0, 5, 5, 0, 1, 3, 0, 0)|-0.02357694881616823
(3, 3, 2, 0, 0, 0, 2, 0, 5, 5, 0, 0, 3, 0, 0)|-0.003888282972379337
(3, 3, 2, 0, 0, 0, 2, 0, 5, 5, 1, 0, 3, 0, 0)|0.0
(3, 4, 2, 0, 0, 0, 2, 0, 5, 5, 0, 1, 3, 0, 0)|-0.004500931834310631
(3, 4, 2, 0, 0, 0, 2, 0, 5, 5, 0, 0, 3, 0, 0)|-0.009181053134799446
(3, 4, 2, 0, 0, 0, 2, 0, 5, 5, 1, 0, 3, 0, 0)|-0.004043382682579121
(3, 4, 2, 0, 0, 0, 2, 0, 5, 5, 1, 0, 2, 0, 0)|-0.004045821353301016
(3, 4, 2, 0, 0, 0, 2, 0, 5, 5, 1, 1, 2, 0, 0)|-0.004073191395073125
(3, 4, 2, 0, 0, 0, 2, 0, 5, 5, 1, 1, 1, 0, 0)|-0.004380374804412171
(3, 4, 2, 0, 0, 0, 2, 0, 5, 5, 1, 0, 1, 0, 0)|-0.00782800004951931
(3, 4, 2, 0, 0, 0, 2, 0, 5, 5, 1, 0, 0, 0, 0)|-0.007786890100660973
(3, 4, 2, 0, 0, 0, 2, 0, 5, 5, 1, 1, 0, 0, 0)|-0.00777630560970234
(4, 4, 2, 0, 0, 0, 2, 0, 5, 5, 0, 1, 3, 0, 0)|0.0
(4, 4, 2, 0, 0, 0, 2, 0, 5, 5, 0, 0, 3, 0, 0)|-0.0058035055031514645
(4, 4, 2, 0, 0, 0, 2, 0, 5, 5, 1, 0, 1, 0, 0)|-0.004211501243087037
(4, 4, 2, 0, 0, 0, 2, 0, 5, 5, 1, 0, 0, 0, 0)|-0.00593267388425406
(4, 4, 2, 0, 0, 0, 2, 0, 5, 5, 1, 1, 0, 0, 0)|-0.0056758459369685614
(4, 4, 2, 0, 0, 0, 2, 0, 5, 5, 1, 1, 1, 0, 0)|0.0
(4, 4, 2, 0, 0, 0, 1, 0, 5, 5, 1, 1, 0, 0, 0)|-0.0027642615489186
(4, 4, 2, 0, 0, 0, 1, 0, 5, 5, 1, 0, 0, 0, 0)|0.0
(4, 4, 2, 0, 0, 0, 1, 0, 5, 5, 1, 1, 1, 0, 0)|0.0
(4, 4, 2, 0, 0, 0, 1, 0, 5, 5, 1, 0, 1, 0, 0)|0.0
(4, 2, 2, 0, 0, 0, 1, 1, 5, 5, 1, 1, 0, 0, 0)|-0.00960290609909555
(4, 2, 2, 0, 0, 0, 1, 1, 5, 5, 1, 0, 0, 0, 0)|-0.007961861744922444
(5, 2, 2, 0, 0, 0, 1, 1, 5, 5, 0, 1, 3, 0, 0)|0.0
(4, 2, 2, 0, 0, 0, 1, 1, 5, 5, 1, 1, 1, 0, 0)|-0.007928894995341726
(4, 2, 2, 0, 0, 0, 1, 1, 5, 5, 1, 0, 1, 0, 0)|-0.009344564747442973
(4, 2, 2, 0, 0, 0, 0, 1, 5, 5, 1, 0, 1, 0, 0)|-0.005967888281894089
(4, 2, 2, 0, 0, 0, 0, 1, 5, 5, 1, 1, 1, 0, 0)|0.0
(4, 2, 2, 0, 0, 0, 0, 1, 5, 5, 1, 0, 0, 0, 0)|0.0
(4, 2, 2, 0, 0, 0, 0, 1, 5, 5, 1, 0, 2, 0, 0)|0.0
(4, 0, 2, 0, 0, 0, 0, 2, 5, 5, 1, 0, 1, 0, 0)|-0.006075061409766443
(4, 0, 2, 0, 0, 0, 0, 2, 5, 5, 1, 1, 1, 0, 0)|0.0
(4, 0, 2, 0, 0, 0, 0, 2, 5, 5, 1, 0, 0, 0, 0)|0.0
(4, 0, 2, 0, 0, 0, 0, 2, 5, 5, 1, 0, 2, 0, 0)|-0.007631061184067653
(4, 0, 2, 0, 0, 0, 0, 2, 5, 5, 2, 0, 1, 0, 0)|-0.004252211725477179
(4, 0, 2, 0, 0, 0, 0, 2, 5, 5, 2, 0, 0, 0, 0)|-0.006389581655187189
(4, 0, 2, 0, 0, 0, 0, 2, 5, 5, 2, 1, 0, 0, 0)|-0.010855677597378826
(5, 0, 2, 0, 0, 0, 0, 2, 5, 5, 1, 1, 1, 0, 0)|-0.004352838233295979
(4, 0, 2, 0, 0, 0, 0, 2, 5, 5, 2, 1, 1, 0, 0)|0.0
(5, 0, 2, 0, 0, 0, 0, 2, 5, 5, 1, 0, 1, 0, 0)|-0.006340758417680677
(5, 0, 2, 0, 0, 0, 0, 2, 5, 5, 1, 1, 2, 0, 0)|-0.006383760705272744
(5, 0, 2, 0, 0, 0, 0, 2, 5, 5, 1, 1, 0, 0, 0)|-0.007518947623972825
(5, 0, 2, 0, 0, 0, 0, 2, 5, 5, 1, 0, 0, 0, 0)|-0.004247861575015349
(5, 0, 2, 0, 0, 0, 0, 2, 5, 5, 2, 0, 0, 0, 0)|0.0
(6, 0, 2, 0, 0, 0, 0, 2, 5, 5, 0, 0, 3, 0, 0)|0.0
(5, 0, 2, 0, 0, 0, 0, 2, 5, 5, 2, 0, 1, 0, 0)|-0.004212518289195414
(5, 0, 2, 0, 0, 0, 0, 2, 5, 5, 1, 0, 2, 0, 0)|-0.010648794344221056
(5, 0, 2, 0, 0, 0, 0, 1, 5, 5, 2, 0, 1, 0, 0)|-0.005944088543158408
(5, 0, 2, 0, 0, 0, 0, 2, 5, 5, 2, 0, 2, 0, 0)|0.0
(5, 0, 2, 0, 0, 0, 0, 1, 5, 5, 2, 0, 0, 0, 0)|0.0
(5, 0, 2, 0, 0, 0, 0, 1, 5, 5, 2, 0, 2, 0, 0)|-0.005805250633817503
(5, 0, 2, 0, 0, 0, 0, 1, 5, 5, 2, 0, 2, 1, 0)|-0.004231285286280341
(5, 0, 2, 0, 0, 0, 0, 1, 5, 5, 2, 0, 1, 1, 0)|-0.0061547170177367085
(5, 0, 2, 0, 0, 0, 0, 1, 5, 5, 2, 0, 0, 1, 0)|-0.00819308492032228
(5, 0, 2, 0, 0, 0, 0, 1, 5, 5, 2, 1, 1, 1, 0)|0.0
(5, 0, 2, 0, 0, 0, 0, 1, 5, 5, 2, 1, 0, 1, 0)|-0.00947860960188074
(6, 0, 2, 0, 0, 0, 0, 1, 5, 5, 1, 1, 1, 1, 0)|-0.002280288670578996
(6, 0, 2, 0, 0, 0, 0, 1, 5, 5, 1, 0, 1, 1, 0)|-0.009028627238213047
(6, 0, 2, 0, 0, 0, 0, 1, 5, 5, 1, 0, 0, 1, 0)|0.0
(6, 0, 2, 0, 0, 0, 0, 1, 5, 5, 1, 0, 2, 1, 0)|0.0
(6, 0, 1, 0, 0, 0, 0, 1, 5, 5, 0, 1, 3, 1, 0)|-0.004225429673099954
(6, 0, 1, 0, 0, 0, 0, 1, 5, 5, 0, 0, 3, 1, 0)|0.0
(5, 0, 2, 0, 0, 0, 0, 1, 5, 5, 0, 1, 3, 1, 0)|0.0
(4, 0, 1, 0, 0, 1, 0, 1, 5, 5, 0, 1, 3, 1, 0)|-0.007172346084008787
(4, 0, 1, 1, 0, 0, 0, 1, 5, 5, 0, 1, 3, 1, 0)|0.0
(4, 0, 1, 0, 1, 0, 0, 1, 5, 5, 0, 1, 3, 1, 0)|0.0
(6, 0, 1, 0, 0, 0, 0, 1, 5, 5, 0, 1, 3, 0, 0)|-0.002282996003280471
(6, 0, 1, 0, 0, 0, 0, 1, 5, 5, 0, 0, 3, 0, 0)|0.0
(5, 0, 2, 0, 0, 0, 0, 1, 5, 5, 0, 1, 3, 0, 0)|0.0
(4, 0, 1, 0, 0, 1, 0, 1, 5, 5, 0, 1, 3, 0, 0)|-0.002557101603835179
(4, 0, 1, 1, 0, 0, 0, 1, 5, 5, 0, 1, 3, 0, 0)|0.0
(4, 0, 1, 0, 1, 0, 0, 1, 5, 5, 0, 1, 3, 0, 0)|0.0
(4, 0, 1, 0, 0, 1, 0, 1, 5, 5, 0, 0, 3, 1, 0)|-0.0022519663977611545
(4, 0, 1, 0, 0, 1, 0, 1, 5, 5, 0, 0, 3, 0, 0)|-0.003910737752901715
(4, 0, 1, 0, 0, 1, 0, 1, 5, 5, 1, 0, 1, 0, 0)|0.0
(4, 0, 1, 0, 0, 1, 0, 1, 5, 5, 0, 2, 3, 1, 0)|-0.023912543683355377
(4, 0, 1, 0, 0, 1, 0, 1, 5, 5, 0, 3, 3, 1, 0)|-0.020924610135500527
(4, 0, 0, 0, 0, 1, 0, 1, 5, 5, 0, 3, 3, 1, 0)|-0.005796307255586862
(4, 0, 0, 0, 0, 1, 0, 1, 5, 5, 0, 3, 3, 1, 1)|0.0
(3, 0, 1, 0, 0, 1, 0, 1, 5, 5, 0, 3, 3, 1, 0)|0.0
(2, 0, 0, 0, 0, 2, 0, 1, 5, 5, 0, 3, 3, 1, 0)|0.0
(2, 0, 0, 1, 0, 1, 0, 1, 5, 5, 0, 3, 3, 1, 0)|0.0
(2, 0, 0, 0, 1, 1, 0, 1, 5, 5, 0, 3, 3, 1, 0)|-0.004129896785893295
(2, 0, 0, 0, 1, 1, 0, 1, 5, 5, 0, 3, 3, 1, 1)|-0.005016798943808019
(2, 0, 0, 0, 1, 1, 0, 1, 5, 4, 0, 3, 3, 1, 1)|0.0
(2, 0, 0, 0, 1, 0, 0, 1, 5, 5, 0, 3, 3, 0, 0)|0.0047071641917716
(2, 0, 0, 0, 1, 0, 0, 0, 5, 5, 0, 3, 3, 0, 0)|0.0
(1, 0, 1, 0, 1, 0, 0, 1, 5, 5, 0, 3, 3, 0, 0)|0.0
(0, 0, 0, 0, 1, 1, 0, 1, 5, 5, 0, 3, 3, 0, 0)|0.0
(0, 0, 0, 1, 1, 0, 0, 1, 5, 5, 0, 3, 3, 0, 0)|0.0
(0, 0, 0, 0, 2, 0, 0, 1, 5, 5, 0, 3, 3, 0, 0)|0.0
(2, 0, 0, 0, 1, 0, 0, 1, 5, 5, 0, 3, 3, 1, 0)|0.07341293546412889
(1, 0, 1, 0, 1, 0, 0, 1, 5, 5, 0, 3, 3, 1, 0)|0.0
(0, 0, 0, 0, 1, 1, 0, 1, 5, 5, 0, 3, 3, 1, 0)|0.8652731252988649
(0, 0, 0, 1, 1, 0, 0, 1, 5, 5, 0, 3, 3, 1, 0)|0.0
(0, 0, 0, 0, 2, 0, 0, 1, 5, 5, 0, 3, 3, 1, 0)|0.0
(0, 0, 0, 0, 1, 1, 0, 0, 5, 5, 0, 3, 3, 0, 0)|0.0
(0, 1, 2, 0, 0, 0, 2, 0, 5, 5, 0, 0, 3, 0, 0)|-0.06246882412540405
(0, 1, 2, 0, 0, 0, 2, 0, 5, 5, 1, 2, 0, 0, 0)|-0.005230641051227286
(1, 1, 2, 0, 0, 0, 1, 0, 5, 5, 1, 0, 2, 0, 0)|-0.009327086888263829
(1, 0, 2, 0, 0, 0, 2, 0, 5, 5, 1, 1, 3, 0, 0)|-0.050164446230252055
(1, 0, 1, 0, 0, 0, 2, 0, 5, 5, 1, 0, 3, 0, 0)|-0.049550549220487544
(2, 1, 2, 0, 0, 0, 1, 0, 5, 5, 2, 1, 3, 0, 0)|-0.00844660774870629
(2, 0, 2, 0, 0, 0, 2, 0, 5, 5, 2, 1, 3, 0, 0)|-0.04407927674431742
(2, 1, 2, 0, 0, 0, 2, 0, 5, 5, 2, 1, 3, 0, 0)|-0.030412354738743715
(2, 0, 2, 0, 0, 0, 2, 0, 5, 5, 2, 2, 3, 0, 0)|-0.035143092375731
(2, 0, 2, 0, 0, 0, 2, 0, 5, 5, 2, 2, 3, 1, 0)|-0.010186745921856468
(2, 0, 2, 0, 0, 0, 2, 0, 5, 5, 2, 1, 3, 1, 0)|-0.0063384178760211955
(2, 0, 2, 0, 0, 0, 2, 0, 5, 5, 2, 0, 3, 0, 0)|-0.011416232726151927
(0, 0, 1, 0, 1, 0, 2, 0, 5, 5, 1, 2, 3, 0, 0)|-0.004389101514719846
(0, 0, 1, 0, 1, 0, 2, 0, 5, 5, 1, 1, 2, 0, 0)|-0.035190672993209327
(0, 0, 1, 0, 1, 0, 2, 0, 5, 5, 1, 0, 2, 0, 0)|-0.03515052007060106
(0, 0, 1, 0, 1, 0, 2, 0, 5, 5, 1, 1, 1, 0, 0)|-0.03295210427300652
(0, 0, 0, 0, 1, 0, 2, 0, 5, 5, 0, 3, 3, 0, 0)|-0.059456900976189685
(0, 0, 0, 0, 1, 0, 2, 0, 5, 5, 0, 3, 3, 1, 0)|0.15309440512314026
(0, 0, 0, 0, 1, 0, 1, 0, 5, 5, 0, 3, 3, 0, 0)|0.017050152573488686
(0, 0, 0, 0, 1, 0, 0, 0, 5, 5, 0, 3, 3, 0, 0)|0.0
(0, 1, 1, 1, 0, 0, 1, 0, 5, 5, 0, 0, 3, 0, 0)|-0.01489554154792586
(0, 0, 1, 1, 0, 0, 2, 0, 5, 5, 1, 0, 1, 1, 0)|-0.00517638449116416
(0, 0, 1, 1, 0, 0, 1, 0, 5, 5, 1, 0, 1, 0, 0)|-0.02847921167042228
(0, 0, 1, 1, 0, 0, 2, 0, 5, 5, 1, 0, 0, 1, 0)|-0.00666871476480526
(0, 0, 1, 1, 0, 0, 2, 0, 5, 5, 1, 1, 0, 0, 0)|-0.026279555085054314
(0, 0, 1, 1, 0, 0, 2, 0, 5, 5, 1, 1, 1, 0, 0)|-0.037487308068756525
(0, 0, 1, 1, 0, 0, 2, 0, 5, 5, 1, 1, 1, 1, 0)|0.0
(0, 0, 1, 1, 0, 0, 2, 0, 5, 5, 1, 1, 2, 1, 0)|0.0
(0, 0, 1, 1, 0, 0, 2, 0, 5, 5, 1, 0, 2, 1, 0)|0.0019805741270662917
(0, 0, 1, 1, 0, 0, 1, 0, 5, 5, 1, 0, 2, 0, 0)|0.10387392510670815
(0, 0, 1, 1, 0, 0, 2, 0, 5, 5, 1, 0, 3, 0, 0)|-0.013502122666516797
(0, 0, 1, 1, 0, 0, 2, 0, 5, 5, 1, 0, 3, 1, 0)|-0.002437036550995147
(0, 0, 1, 1, 0, 0, 1, 0, 5, 5, 1, 0, 3, 0, 0)|0.9356281643411001
(0, 0, 1, 1, 0, 0, 0, 0, 5, 5, 1, 0, 3, 0, 0)|0.0
(1, 0, 2, 0, 0, 0, 2, 0, 5, 5, 2, 1, 0, 0, 0)|-0.0459141700193098
(1, 1, 2, 0, 0, 0, 2, 0, 5, 5, 2, 1, 0, 0, 0)|-0.00272899781301765
(2, 1, 2, 0, 0, 0, 2, 0, 5, 5, 1, 1, 0, 0, 0)|-0.03733119402804942
(2, 1, 2, 0, 0, 0, 2, 0, 5, 5, 1, 0, 0, 1, 0)|-0.010692567214096243
(2, 1, 2, 0, 0, 0, 2, 0, 5, 5, 1, 1, 0, 1, 0)|-0.007909968673577116
(3, 1, 2, 0, 0, 0, 2, 0, 5, 5, 0, 0, 3, 1, 0)|0.0
(2, 1, 2, 0, 0, 0, 2, 0, 5, 5, 1, 1, 1, 1, 0)|-0.0043876782088157215
(3, 1, 2, 0, 0, 0, 2, 0, 5, 5, 0, 1, 3, 0, 0)|-0.03945240795329252
(3, 1, 1, 0, 0, 0, 2, 0, 5, 5, 0, 1, 3, 0, 0)|-0.0021036669609314977
(3, 1, 1, 0, 0, 0, 2, 0, 5, 5, 0, 0, 3, 0, 0)|0.0
(1, 1, 1, 0, 0, 1, 2, 0, 5, 5, 0, 1, 3, 0, 0)|0.0
(1, 1, 1, 1, 0, 0, 2, 0, 5, 5, 0, 1, 3, 0, 0)|-0.007700672113157066
(1, 1, 1, 0, 1, 0, 2, 0, 5, 5, 0, 1, 3, 0, 0)|-0.016976279883231343
(3, 1, 1, 0, 0, 0, 2, 0, 5, 5, 0, 1, 3, 1, 0)|-0.0022629662325721936
(3, 1, 1, 0, 0, 0, 2, 0, 5, 5, 0, 0, 3, 1, 0)|0.0
(1, 1, 1, 0, 0, 1, 2, 0, 5, 5, 0, 1, 3, 1, 0)|0.0
(1, 1, 1, 1, 0, 0, 2, 0, 5, 5, 0, 1, 3, 1, 0)|0.0
(1, 1, 1, 0, 1, 0, 2, 0, 5, 5, 0, 1, 3, 1, 0)|-0.004032958139691038
(1, 1, 1, 0, 1, 0, 2, 0, 5, 5, 0, 0, 3, 1, 0)|0.0
(1, 1, 1, 0, 1, 0, 1, 0, 5, 5, 0, 1, 3, 0, 0)|-0.003928823116622191
(1, 1, 1, 0, 1, 0, 1, 0, 5, 5, 0, 0, 3, 0, 0)|-0.002760079872302924
(1, 0, 1, 0, 1, 0, 2, 0, 5, 5, 0, 0, 3, 0, 0)|-0.03626315223124904
(1, 0, 1, 0, 1, 0, 2, 0, 5, 5, 0, 1, 3, 0, 0)|-0.01428768944123136
(1, 1, 1, 0, 1, 0, 2, 0, 5, 5, 1, 0, 2, 0, 0)|-0.007656023862275738
(1, 1, 1, 0, 1, 0, 2, 0, 5, 5, 1, 0, 3, 0, 0)|-0.007763462011278564
(1, 1, 1, 0, 1, 0, 2, 0, 5, 5, 1, 0, 2, 1, 0)|-0.004169339709891858
(1, 1, 1, 0, 1, 0, 2, 0, 5, 5, 1, 0, 3, 1, 0)|0.0
(1, 1, 1, 0, 1, 0, 2, 0, 5, 3, 1, 0, 2, 1, 0)|-0.00545948047016675
(1, 1, 1, 0, 1, 0, 2, 0, 5, 3, 1, 0, 3, 1, 0)|0.0
(1, 1, 1, 0, 1, 0, 2, 0, 5, 3, 1, 0, 2, 0, 0)|-0.0023829064150090347
(1, 1, 1, 0, 1, 0, 2, 0, 5, 3, 1, 1, 2, 0, 0)|0.0
(1, 1, 1, 0, 1, 0, 2, 0, 5, 3, 1, 1, 1, 0, 0)|0.0
(1, 1, 1, 0, 1, 0, 2, 0, 5, 2, 1, 0, 2, 0, 0)|0.0
(1, 1, 1, 0, 1, 0, 2, 0, 5, 3, 1, 1, 2, 1, 0)|0.0
(1, 1, 1, 0, 1, 0, 2, 0, 5, 3, 1, 1, 1, 1, 0)|0.0
(1, 1, 1, 0, 1, 0, 2, 0, 5, 2, 1, 0, 2, 1, 0)|0.0
(1, 1, 1, 0, 1, 0, 1, 0, 5, 3, 1, 0, 2, 1, 0)|-0.002406964815930228
(1, 1, 1, 0, 1, 0, 1, 0, 5, 3, 1, 1, 2, 1, 0)|0.0
(1, 1, 1, 0, 1, 0, 1, 0, 5, 3, 1, 1, 1, 1, 0)|0.0
(1, 1, 1, 0, 1, 0, 1, 0, 5, 3, 1, 0, 2, 0, 0)|-0.0056329423992247515
(1, 1, 1, 0, 1, 0, 1, 0, 5, 3, 1, 1, 2, 0, 0)|0.0
(1, 1, 1, 0, 1, 0, 1, 0, 5, 3, 1, 1, 1, 0, 0)|0.0
(1, 1, 1, 0, 1, 0, 1, 0, 5, 2, 1, 0, 2, 0, 0)|-0.002277876511747679
(1, 0, 1, 0, 1, 0, 2, 0, 5, 2, 1, 0, 2, 0, 0)|-0.004198627908307545
(1, 0, 1, 0, 1, 0, 2, 0, 5, 2, 1, 1, 2, 0, 0)|-0.004037896614068462
(1, 0, 1, 0, 1, 0, 2, 0, 5, 2, 1, 1, 1, 0, 0)|-0.005788192012430365
(1, 0, 1, 0, 1, 0, 1, 0, 5, 2, 1, 1, 1, 0, 0)|-0.004456662199177389
(1, 0, 1, 0, 1, 0, 1, 0, 5, 2, 1, 1, 2, 0, 0)|-0.0039842493161443455
(1, 0, 1, 0, 1, 0, 1, 0, 5, 2, 1, 0, 2, 0, 0)|0.07921831899148102
(1, 0, 1, 0, 1, 0, 1, 0, 5, 2, 1, 1, 2, 0, 1)|-0.003382147207007241
(1, 0, 1, 0, 1, 0, 1, 0, 5, 2, 1, 0, 2, 0, 1)|0.0033754522221409603
(1, 0, 1, 0, 1, 0, 1, 0, 5, 2, 1, 1, 1, 0, 1)|0.0
(1, 0, 1, 0, 1, 0, 1, 0, 5, 0, 1, 0, 2, 0, 1)|0.0
(1, 0, 1, 0, 1, 0, 1, 0, 5, 0, 1, 0, 2, 0, 0)|0.989
(1, 0, 1, 0, 1, 0, 1, 0, 5, 0, 1, 1, 2, 0, 0)|0.0
(2, 0, 2, 0, 0, 0, 1, 0, 5, 5, 2, 0, 1, 1, 0)|-0.007752621508400993
(2, 0, 2, 0, 0, 0, 1, 0, 5, 5, 2, 1, 1, 1, 0)|-0.01086281512395586
(2, 0, 2, 0, 0, 0, 1, 0, 5, 5, 2, 0, 0, 1, 0)|-0.009799960301114996
(2, 0, 2, 0, 0, 0, 1, 0, 5, 5, 2, 1, 0, 1, 0)|-0.010426071799715587
(3, 0, 2, 0, 0, 0, 1, 0, 5, 5, 1, 1, 2, 1, 0)|0.0038404367000000007
(2, 0, 2, 0, 0, 0, 1, 0, 5, 5, 2, 0, 2, 1, 0)|-0.003325687359587221
(2, 0, 2, 0, 0, 0, 1, 0, 5, 5, 2, 1, 2, 1, 0)|-0.0068556628187368355
(3, 0, 2, 0, 0, 0, 1, 0, 5, 5, 1, 0, 1, 1, 0)|0.04230767809183938
(3, 0, 2, 0, 0, 0, 1, 0, 5, 5, 1, 0, 2, 1, 0)|0.0
(3, 0, 2, 0, 0, 0, 1, 0, 5, 5, 1, 1, 1, 1, 0)|0.989
(3, 0, 2, 0, 0, 0, 1, 0, 5, 5, 1, 0, 0, 1, 0)|0.0
(3, 0, 2, 0, 0, 0, 0, 0, 5, 5, 1, 0, 1, 0, 0)|0.0
(3, 0, 2, 0, 0, 0, 0, 0, 5, 5, 1, 1, 1, 0, 0)|0.0
(2, 0, 1, 0, 0, 0, 2, 0, 5, 5, 0, 1, 3, 1, 0)|0.009246736579405258
(0, 0, 1, 0, 1, 0, 1, 0, 5, 3, 1, 0, 1, 0, 0)|-0.006388804567441381
(0, 0, 1, 0, 1, 0, 1, 0, 5, 3, 1, 0, 0, 0, 0)|-0.006496093986470927
(0, 0, 1, 0, 1, 0, 1, 0, 5, 2, 1, 0, 1, 0, 1)|0.08541710000000001
(0, 0, 1, 0, 1, 0, 1, 0, 5, 2, 1, 0, 1, 0, 0)|-0.010846867977659654
(0, 0, 1, 0, 1, 0, 1, 0, 5, 2, 1, 0, 0, 0, 0)|-0.004701025722347944
(0, 0, 1, 0, 1, 0, 1, 0, 5, 2, 1, 0, 1, 1, 0)|-0.004048366940014834
(0, 0, 1, 0, 1, 0, 1, 0, 5, 2, 1, 0, 0, 1, 0)|-0.004101761391861202
(0, 0, 1, 0, 1, 0, 1, 0, 5, 0, 1, 0, 1, 1, 0)|0.0
(0, 0, 1, 0, 1, 0, 1, 0, 5, 0, 1, 0, 1, 1, 1)|0.0
(0, 0, 1, 0, 1, 0, 1, 0, 5, 2, 1, 1, 1, 0, 0)|-0.01142677578392754
(0, 0, 1, 0, 1, 0, 1, 0, 5, 2, 1, 1, 2, 0, 0)|-0.011304975760618171
(0, 0, 1, 0, 1, 0, 1, 0, 5, 2, 1, 2, 2, 0, 0)|-0.008324685400703576
(0, 0, 1, 0, 1, 0, 1, 0, 5, 2, 1, 1, 3, 0, 0)|-0.01347454527114925
(0, 0, 1, 0, 1, 0, 1, 0, 5, 2, 1, 0, 2, 0, 0)|-0.014625666942875
(0, 0, 1, 0, 1, 0, 1, 0, 5, 2, 1, 0, 3, 0, 0)|-0.013344056979706724
(0, 0, 1, 0, 1, 0, 1, 0, 5, 2, 1, 1, 0, 0, 0)|-0.009466035311849134
(1, 0, 1, 0, 1, 0, 1, 0, 5, 2, 0, 1, 3, 1, 0)|-0.0025916492553114583
(1, 0, 1, 0, 1, 0, 1, 0, 5, 2, 0, 0, 3, 1, 0)|0.0
(1, 0, 1, 0, 1, 0, 1, 0, 5, 2, 1, 0, 1, 0, 0)|-0.012305029751520756
(1, 0, 1, 0, 1, 0, 1, 0, 5, 2, 1, 0, 0, 0, 0)|-0.008684199766300657
(1, 0, 1, 0, 1, 0, 1, 0, 5, 2, 1, 0, 0, 1, 0)|-0.004260920164714413
(1, 0, 1, 0, 1, 0, 1, 0, 5, 2, 1, 0, 1, 1, 0)|-0.00648731946929756
(1, 0, 1, 0, 1, 0, 1, 0, 5, 2, 1, 1, 1, 1, 0)|0.0
(2, 0, 1, 0, 1, 0, 1, 0, 5, 2, 0, 1, 3, 1, 0)|-0.0045032161117107014
(2, 0, 1, 0, 1, 0, 1, 0, 5, 2, 0, 1, 3, 0, 0)|0.0
(1, 0, 1, 0, 1, 0, 1, 0, 5, 2, 1, 1, 0, 0, 0)|-0.002305289450053963
(2, 0, 1, 0, 1, 0, 1, 0, 5, 2, 0, 0, 3, 1, 0)|-0.00920669036712347
(2, 0, 1, 0, 1, 0, 1, 0, 5, 2, 1, 0, 1, 1, 0)|0.0
(2, 0, 1, 0, 1, 0, 1, 0, 5, 2, 1, 0, 1, 0, 0)|-0.004339925801609574
(2, 0, 1, 0, 1, 0, 1, 0, 5, 2, 1, 0, 0, 0, 0)|0.07994728242187887
(3, 0, 1, 0, 1, 0, 1, 0, 5, 2, 0, 1, 3, 0, 0)|-0.007648250385024312
(2, 0, 1, 0, 1, 0, 1, 0, 5, 2, 1, 1, 0, 0, 0)|0.97811
(3, 0, 1, 0, 1, 0, 1, 0, 5, 2, 0, 0, 3, 0, 0)|-0.005728536444325243
(3, 0, 1, 0, 1, 0, 1, 0, 5, 2, 1, 0, 1, 0, 0)|-0.003361598638747094
(3, 0, 1, 0, 1, 0, 1, 0, 5, 2, 1, 0, 0, 0, 0)|0.0036060758838710005
(4, 0, 1, 0, 1, 0, 1, 0, 5, 2, 0, 1, 3, 0, 0)|0.989
(3, 0, 1, 0, 1, 0, 1, 0, 5, 2, 1, 1, 0, 0, 0)|0.1533734171261
(4, 0, 1, 0, 1, 0, 1, 0, 5, 2, 0, 0, 3, 0, 0)|0.0
(4, 0, 1, 0, 1, 0, 0, 0, 5, 2, 0, 1, 3, 0, 0)|0.0
(1, 1, 1, 0, 0, 0, 2, 0, 5, 5, 1, 1, 0, 0, 0)|-0.020535697230798112
(1, 1, 1, 0, 0, 0, 1, 0, 5, 5, 1, 1, 0, 0, 0)|-0.010485470897744296
(1, 1, 0, 0, 0, 0, 2, 0, 5, 5, 0, 3, 3, 0, 0)|-0.006149980860585864
(0, 1, 1, 0, 0, 0, 2, 0, 5, 5, 0, 1, 3, 0, 0)|-0.0332885557996244
(0, 1, 1, 0, 0, 0, 2, 0, 5, 5, 0, 2, 3, 0, 0)|-0.040936892927791554
(0, 1, 1, 0, 0, 0, 2, 0, 5, 5, 0, 2, 3, 1, 0)|-0.01490631032028416
(0, 1, 1, 0, 0, 0, 1, 0, 5, 5, 0, 2, 3, 0, 0)|-0.018471720646104303
(0, 1, 1, 0, 0, 0, 2, 0, 5, 5, 0, 1, 3, 1, 0)|-0.02239623277252898
(0, 1, 1, 0, 0, 0, 1, 0, 5, 5, 0, 1, 3, 1, 0)|-0.040408089611422504
(0, 0, 1, 0, 0, 0, 2, 0, 5, 5, 0, 0, 3, 1, 0)|-0.1423394884593586
(2, 0, 1, 0, 0, 0, 1, 0, 5, 5, 1, 0, 2, 0, 0)|0.008859192002273385
(2, 0, 1, 0, 0, 0, 1, 0, 5, 5, 1, 0, 1, 0, 0)|-0.008233438414235818
(2, 0, 1, 0, 0, 0, 1, 0, 5, 5, 1, 1, 1, 0, 0)|0.0
(0, 0, 1, 0, 0, 1, 1, 0, 5, 5, 1, 0, 2, 0, 0)|-0.02052219628939031
(0, 0, 1, 0, 1, 0, 1, 0, 5, 5, 1, 0, 2, 0, 0)|-0.02000185313250381
(0, 0, 1, 1, 0, 0, 1, 0, 5, 5, 1, 1, 1, 0, 0)|0.02435504133544608
(0, 0, 1, 1, 0, 0, 1, 0, 5, 5, 1, 0, 2, 1, 0)|-0.0015316019036651712
(0, 0, 1, 1, 0, 0, 1, 0, 5, 5, 1, 0, 1, 1, 0)|-0.02417124362696896
(0, 0, 1, 1, 0, 0, 1, 0, 5, 5, 1, 1, 1, 1, 0)|0.084437
(0, 0, 1, 1, 0, 0, 1, 0, 5, 5, 1, 0, 3, 1, 0)|0.0
(0, 0, 1, 1, 0, 0, 0, 0, 5, 5, 1, 1, 1, 0, 0)|0.0
(0, 0, 1, 1, 0, 0, 0, 0, 5, 5, 1, 0, 1, 0, 0)|0.0
(0, 0, 2, 0, 0, 0, 1, 0, 5, 5, 0, 1, 3, 1, 0)|-0.02256769141332284
(0, 0, 2, 0, 0, 0, 1, 0, 5, 5, 1, 0, 1, 1, 0)|-0.012944589595616347
(0, 0, 2, 0, 0, 0, 0, 0, 5, 5, 0, 1, 3, 0, 0)|0.0
(1, 1, 2, 0, 0, 0, 2, 0, 5, 5, 1, 1, 2, 0, 0)|-0.02632431034886065
(2, 1, 2, 0, 0, 0, 2, 0, 5, 5, 1, 2, 2, 0, 0)|-0.004193050146952692
(2, 1, 2, 0, 0, 0, 2, 0, 5, 5, 1, 2, 3, 0, 0)|-0.005725590874889907
(2, 1, 2, 0, 0, 0, 2, 0, 5, 5, 1, 2, 1, 0, 0)|0.0
(2, 1, 2, 0, 0, 0, 2, 0, 5, 5, 1, 1, 3, 0, 0)|-0.02292582351167123
(2, 1, 2, 0, 0, 0, 2, 0, 5, 5, 1, 0, 3, 0, 0)|-0.02895811440450582
(2, 1, 1, 0, 0, 0, 2, 0, 5, 5, 0, 2, 3, 0, 0)|-0.007657343184932343
(0, 1, 1, 0, 0, 1, 2, 0, 5, 5, 0, 2, 3, 0, 0)|0.0
(0, 1, 1, 1, 0, 0, 2, 0, 5, 5, 0, 2, 3, 0, 0)|0.0
(0, 1, 1, 0, 1, 0, 2, 0, 5, 5, 0, 2, 3, 0, 0)|-0.044606545285435936
(0, 1, 1, 0, 1, 0, 1, 0, 5, 5, 0, 2, 3, 0, 0)|-0.02132106475272217
(0, 0, 1, 0, 1, 0, 2, 0, 5, 3, 0, 0, 3, 0, 0)|-0.0075011780748378805
(0, 0, 1, 0, 1, 0, 2, 0, 5, 5, 1, 0, 3, 0, 0)|-0.004668707972963612
(0, 0, 1, 0, 1, 0, 2, 0, 5, 3, 0, 1, 3, 0, 0)|-0.00404437848904627
(0, 0, 1, 0, 1, 0, 2, 0, 5, 3, 1, 0, 3, 0, 0)|0.0
(0, 0, 1, 0, 1, 0, 2, 0, 5, 2, 0, 0, 3, 0, 0)|0.0
(0, 0, 1, 0, 1, 0, 2, 0, 5, 2, 0, 1, 3, 0, 0)|-0.004056997632393599
(0, 0, 1, 0, 1, 0, 2, 0, 5, 0, 0, 1, 3, 0, 0)|-0.004198626626190784
(0, 0, 1, 0, 1, 0, 1, 0, 5, 2, 0, 1, 3, 0, 0)|0.0
(0, 0, 1, 0, 1, 0, 1, 0, 5, 0, 0, 1, 3, 0, 0)|0.0
(0, 0, 1, 0, 1, 0, 2, 0, 5, 0, 0, 0, 3, 0, 0)|-0.005788177622792181
(0, 0, 1, 0, 1, 0, 2, 0, 5, 0, 1, 0, 3, 0, 0)|-0.004037733482889273
(0, 0, 1, 0, 1, 0, 1, 0, 5, 0, 1, 0, 3, 0, 0)|-0.0039824184387123665
(0, 0, 1, 0, 1, 0, 2, 0, 5, 0, 1, 0, 2, 0, 0)|0.0
(0, 0, 1, 0, 1, 0, 1, 0, 5, 0, 1, 0, 2, 0, 0)|-0.003361598638747094
(0, 0, 1, 0, 1, 0, 1, 0, 5, 0, 1, 1, 2, 0, 0)|0.0036060758838710005
(0, 0, 1, 0, 1, 0, 1, 0, 5, 0, 1, 1, 1, 0, 0)|0.08180668781
(0, 0, 1, 0, 1, 0, 1, 0, 5, 0, 1, 0, 1, 0, 0)|0.989
(0, 0, 1, 0, 1, 0, 1, 0, 5, 0, 1, 0, 0, 0, 0)|0.0
(0, 0, 1, 0, 1, 0, 0, 0, 5, 0, 1, 0, 1, 0, 0)|0.0
(0, 0, 1, 0, 0, 1, 2, 0, 5, 5, 0, 2, 3, 0, 1)|-0.008537186729222759
(0, 0, 1, 0, 0, 1, 1, 0, 5, 5, 0, 2, 3, 0, 1)|0.07705810464262407
(0, 0, 1, 0, 0, 1, 0, 0, 5, 5, 0, 1, 3, 0, 1)|0.0
(0, 0, 1, 0, 0, 1, 1, 0, 5, 4, 0, 2, 3, 0, 1)|-0.007039728919546755
(0, 0, 1, 0, 0, 1, 0, 0, 5, 5, 0, 2, 3, 0, 1)|0.0
(0, 0, 1, 0, 0, 1, 1, 0, 5, 3, 0, 1, 3, 0, 1)|-0.006438327577225079
(0, 0, 1, 0, 0, 1, 0, 0, 5, 4, 0, 1, 3, 0, 1)|0.0
(0, 0, 1, 0, 0, 1, 1, 0, 5, 4, 0, 1, 3, 0, 0)|-0.0022655943144418017
(0, 0, 1, 0, 0, 1, 1, 0, 5, 4, 0, 2, 3, 0, 0)|-0.0040621590493533505
(0, 0, 1, 0, 0, 1, 1, 0, 5, 3, 0, 2, 3, 0, 1)|-0.004256554987130755
(0, 0, 1, 0, 0, 1, 1, 0, 5, 2, 0, 2, 3, 0, 1)|0.0
(0, 0, 1, 0, 0, 1, 1, 0, 5, 3, 0, 2, 3, 0, 0)|0.0
(0, 0, 1, 0, 0, 1, 0, 0, 5, 3, 0, 2, 3, 0, 1)|0.0
(0, 0, 1, 0, 0, 1, 1, 0, 5, 2, 0, 1, 3, 0, 1)|-0.007492931302933776
(0, 0, 1, 0, 0, 1, 1, 0, 5, 3, 0, 1, 3, 0, 0)|0.0
(0, 0, 1, 0, 0, 1, 0, 0, 5, 3, 0, 1, 3, 0, 1)|0.0
(0, 0, 1, 0, 0, 0, 1, 0, 5, 3, 0, 1, 3, 0, 0)|-0.05042586196916754
(0, 0, 1, 0, 0, 0, 1, 0, 5, 3, 0, 2, 3, 0, 0)|-0.05012682760531355
(0, 0, 1, 0, 0, 0, 1, 0, 5, 3, 0, 0, 3, 0, 0)|-0.006174067762540323
(0, 0, 1, 0, 0, 0, 1, 0, 5, 3, 1, 0, 1, 0, 0)|-0.009406612423729296
(0, 0, 1, 0, 0, 0, 1, 0, 5, 3, 1, 0, 2, 0, 0)|-0.010137965455522254
(0, 0, 1, 0, 0, 0, 1, 0, 5, 3, 1, 1, 2, 0, 0)|-0.01123969924233159
(0, 0, 1, 0, 0, 0, 1, 0, 5, 3, 1, 1, 1, 0, 0)|-0.012588307323519812
(0, 0, 1, 0, 0, 0, 1, 0, 5, 3, 1, 1, 3, 0, 0)|-0.0062903548970500225
(0, 0, 1, 0, 0, 0, 1, 0, 5, 3, 1, 1, 0, 0, 0)|-0.010050009823486281
(1, 0, 1, 0, 0, 0, 1, 0, 5, 3, 0, 1, 3, 0, 0)|-0.014094511584043755
(1, 0, 1, 0, 0, 0, 1, 0, 5, 3, 0, 2, 3, 0, 0)|-0.010066792171286941
(0, 0, 2, 0, 0, 0, 1, 0, 5, 3, 0, 2, 3, 0, 0)|-0.023532336088447337
(1, 0, 2, 0, 0, 0, 1, 0, 5, 3, 0, 0, 3, 0, 0)|-0.007804524506841712
(1, 0, 2, 0, 0, 0, 1, 0, 5, 3, 1, 0, 1, 0, 0)|-0.00751806640499145
(1, 0, 2, 0, 0, 0, 1, 0, 5, 3, 1, 1, 0, 0, 0)|-0.004237770539143664
(1, 0, 2, 0, 0, 0, 1, 0, 5, 3, 1, 0, 2, 0, 0)|0.0
(1, 0, 2, 0, 0, 0, 1, 0, 5, 3, 1, 0, 0, 0, 0)|-0.009219689971308814
(1, 0, 2, 0, 0, 0, 1, 0, 5, 3, 1, 1, 1, 0, 0)|0.0
(1, 0, 2, 0, 0, 0, 1, 0, 5, 3, 2, 0, 0, 0, 0)|-0.009018241394403695
(1, 0, 2, 0, 0, 0, 1, 0, 5, 3, 2, 0, 1, 0, 0)|-0.006223747424390164
(2, 0, 2, 0, 0, 0, 1, 0, 5, 3, 1, 0, 1, 0, 0)|-0.006698509568541927
(1, 0, 2, 0, 0, 0, 1, 0, 5, 3, 2, 1, 0, 0, 0)|-0.0040278462272656445
(2, 0, 2, 0, 0, 0, 1, 0, 5, 3, 1, 1, 1, 0, 0)|-0.0038714503621284442
(2, 0, 2, 0, 0, 0, 1, 0, 5, 3, 1, 1, 2, 0, 0)|-0.002116165680453924
(2, 0, 2, 0, 0, 0, 1, 0, 5, 3, 1, 0, 2, 0, 0)|0.0
(2, 0, 1, 0, 0, 0, 1, 0, 5, 3, 0, 1, 3, 0, 0)|-0.004516218103001597
(2, 0, 1, 0, 0, 0, 1, 0, 5, 3, 0, 2, 3, 0, 0)|0.0
(2, 0, 1, 0, 0, 0, 1, 0, 5, 3, 0, 0, 3, 0, 0)|-0.0074525219879586985
(0, 0, 1, 0, 1, 0, 1, 0, 5, 3, 0, 1, 3, 0, 0)|1.0
(0, 0, 1, 1, 0, 0, 1, 0, 5, 3, 0, 0, 3, 0, 0)|-0.009334954148635029
(0, 0, 1, 1, 0, 0, 1, 0, 5, 3, 1, 0, 1, 0, 0)|-0.0058235392177283865
(0, 0, 1, 1, 0, 0, 1, 0, 5, 3, 1, 0, 0, 0, 0)|-0.004438617688993032
(1, 0, 1, 1, 0, 0, 1, 0, 5, 3, 0, 1, 3, 0, 0)|-0.0044470541918884
(0, 0, 1, 1, 0, 0, 1, 0, 5, 3, 1, 1, 0, 0, 0)|-0.015272325708377088
(0, 0, 1, 1, 0, 0, 1, 0, 5, 3, 1, 1, 1, 0, 0)|-0.008481680011145132
(0, 0, 1, 1, 0, 0, 1, 0, 5, 3, 1, 2, 0, 0, 0)|-0.010151383124804828
(1, 0, 1, 1, 0, 0, 1, 0, 5, 3, 0, 0, 3, 0, 0)|-0.008576365789993257
(1, 0, 1, 1, 0, 0, 1, 0, 5, 3, 1, 0, 1, 0, 0)|-0.016356593763299954
(1, 0, 1, 1, 0, 0, 1, 0, 5, 3, 1, 0, 0, 0, 0)|-0.010627362735038308
(2, 0, 1, 1, 0, 0, 1, 0, 5, 3, 0, 1, 3, 0, 0)|0.0033754522221409603
(1, 0, 1, 1, 0, 0, 1, 0, 5, 3, 1, 1, 0, 0, 0)|-0.01489904998062191
(1, 0, 1, 1, 0, 0, 1, 0, 5, 3, 1, 1, 1, 0, 0)|-0.016424685321009724
(1, 0, 1, 1, 0, 0, 1, 0, 5, 3, 1, 1, 2, 0, 0)|-0.01378112026993353
(1, 0, 1, 1, 0, 0, 1, 0, 5, 3, 1, 0, 2, 0, 0)|-0.016570826962790088
(2, 0, 1, 1, 0, 0, 1, 0, 5, 3, 0, 0, 3, 0, 0)|0.07921831899148102
(2, 0, 1, 1, 0, 0, 1, 0, 5, 3, 1, 0, 1, 0, 0)|0.989
(2, 0, 1, 1, 0, 0, 1, 0, 5, 3, 1, 0, 0, 0, 0)|0.0
(2, 0, 1, 1, 0, 0, 0, 0, 5, 3, 1, 0, 1, 0, 0)|0.0
(0, 0, 2, 0, 0, 0, 2, 0, 5, 5, 0, 1, 3, 2, 0)|-0.07416167918122324
(0, 0, 2, 0, 0, 0, 2, 0, 5, 5, 0, 0, 3, 2, 0)|-0.039606199999376535
(2, 1, 1, 0, 0, 0, 2, 0, 5, 5, 1, 0, 0, 1, 0)|-0.003964646885611524
(2, 1, 1, 0, 0, 0, 2, 0, 5, 5, 1, 0, 1, 1, 0)|0.0
(1, 1, 2, 0, 0, 0, 2, 0, 5, 5, 1, 0, 0, 1, 0)|-0.015921905939120826
(0, 1, 1, 0, 0, 1, 2, 0, 5, 5, 1, 0, 0, 1, 0)|-0.004243123999258983
(0, 1, 1, 1, 0, 0, 2, 0, 5, 5, 1, 0, 0, 1, 0)|0.0
(0, 1, 1, 0, 1, 0, 2, 0, 5, 5, 1, 0, 0, 1, 0)|-0.003162142374989049
(0, 1, 1, 0, 1, 0, 2, 0, 5, 5, 1, 0, 1, 1, 0)|-0.004031489589774703
(0, 1, 1, 0, 1, 0, 1, 0, 5, 5, 1, 0, 1, 0, 0)|-0.004378697115689035
(0, 1, 1, 0, 1, 0, 2, 0, 5, 5, 1, 1, 0, 1, 0)|0.0
(0, 1, 1, 0, 1, 0, 2, 0, 5, 5, 1, 1, 1, 1, 0)|-0.0039123410749124865
(0, 2, 1, 0, 1, 0, 2, 0, 5, 5, 1, 1, 1, 0, 0)|-0.002575096239197378
(0, 2, 1, 0, 1, 0, 2, 0, 5, 5, 1, 1, 2, 0, 0)|-0.007501069324415313
(0, 2, 1, 0, 1, 0, 2, 0, 5, 5, 1, 0, 2, 0, 0)|-0.004043133163606869
(0, 2, 1, 0, 1, 0, 2, 0, 5, 5, 1, 1, 2, 0, 1)|0.0
(0, 2, 1, 0, 1, 0, 2, 0, 5, 5, 1, 0, 2, 0, 1)|-0.00404302091590201
(0, 2, 1, 0, 1, 0, 1, 0, 5, 5, 1, 0, 2, 0, 0)|0.0
(0, 2, 1, 0, 1, 0, 2, 0, 5, 3, 1, 0, 2, 0, 1)|0.0
(0, 2, 1, 0, 1, 0, 2, 0, 5, 5, 1, 1, 1, 0, 1)|0.0
(0, 2, 1, 0, 1, 0, 2, 0, 5, 5, 1, 0, 3, 0, 1)|-0.004041761121234675
(0, 2, 1, 0, 1, 0, 1, 0, 5, 5, 1, 0, 3, 0, 0)|0.0
(0, 2, 1, 0, 1, 0, 2, 0, 5, 5, 1, 0, 3, 0, 0)|0.0
(0, 2, 1, 0, 1, 0, 2, 0, 5, 3, 1, 0, 3, 0, 1)|0.0
(0, 2, 1, 0, 1, 0, 2, 0, 5, 5, 1, 0, 3, 1, 1)|-0.004027622011612507
(0, 2, 1, 0, 1, 0, 1, 0, 5, 5, 1, 0, 3, 0, 1)|0.0
(0, 2, 1, 0, 1, 0, 2, 0, 5, 5, 1, 1, 2, 1, 1)|-0.0020879227003173357
(0, 2, 1, 0, 1, 0, 2, 0, 5, 5, 1, 0, 2, 1, 1)|-0.0038689339125982745
(0, 2, 1, 0, 1, 0, 1, 0, 5, 5, 1, 0, 2, 0, 1)|0.0
(0, 2, 1, 0, 1, 0, 2, 0, 5, 3, 1, 0, 2, 1, 0)|0.0
(0, 2, 1, 0, 1, 0, 2, 0, 5, 3, 1, 0, 2, 1, 1)|0.0
(0, 2, 1, 0, 1, 0, 2, 0, 5, 3, 1, 1, 2, 1, 0)|0.0
(0, 2, 1, 0, 1, 0, 1, 0, 5, 5, 1, 1, 2, 0, 0)|-0.0020880300035259524
(0, 2, 1, 0, 1, 0, 2, 0, 5, 3, 1, 1, 2, 1, 1)|0.0
(0, 2, 1, 0, 1, 0, 1, 0, 5, 5, 1, 1, 2, 0, 1)|0.0
(0, 0, 1, 0, 1, 0, 1, 1, 5, 5, 1, 1, 2, 1, 0)|-0.002089222261399468
(0, 0, 1, 0, 1, 0, 1, 1, 5, 5, 1, 1, 2, 1, 1)|0.0
(0, 0, 1, 0, 1, 0, 1, 1, 5, 5, 1, 0, 3, 1, 0)|0.0
(0, 0, 1, 0, 1, 0, 1, 1, 5, 5, 1, 0, 2, 1, 0)|0.0
(0, 0, 1, 0, 1, 0, 1, 1, 5, 5, 1, 1, 2, 0, 0)|-0.0021024695711051966
(0, 0, 1, 0, 1, 0, 1, 1, 5, 5, 1, 0, 3, 0, 0)|-0.002249661901168848
(0, 0, 1, 0, 1, 0, 1, 1, 5, 5, 1, 0, 3, 0, 1)|-0.0038851322352094235
(0, 0, 1, 0, 0, 0, 1, 1, 5, 5, 1, 0, 3, 1, 0)|-0.004467563937930477
(0, 0, 1, 0, 0, 0, 1, 1, 5, 5, 1, 1, 2, 1, 0)|-0.011040333998112592
(0, 0, 1, 0, 0, 0, 1, 1, 5, 5, 1, 0, 2, 1, 0)|-0.006221128565832489
(0, 0, 1, 0, 0, 0, 1, 1, 5, 5, 1, 1, 1, 1, 0)|-0.004771300189859572
(0, 0, 1, 0, 0, 0, 1, 1, 5, 5, 1, 1, 1, 0, 0)|-0.012215490346347599
(0, 0, 1, 0, 0, 0, 1, 1, 5, 5, 1, 1, 2, 0, 0)|-0.03492327596143068
(0, 0, 1, 0, 0, 0, 1, 1, 5, 5, 1, 0, 1, 0, 0)|-0.024870677236269106
(0, 0, 1, 0, 0, 0, 1, 1, 5, 5, 1, 0, 2, 0, 0)|-0.08414733269354327
(0, 0, 1, 0, 0, 0, 1, 1, 5, 5, 1, 1, 0, 0, 0)|-0.010433383075647135
(0, 0, 1, 0, 0, 0, 1, 1, 5, 5, 1, 0, 0, 0, 0)|-0.015863051625000284
(1, 0, 1, 0, 0, 0, 1, 1, 5, 5, 1, 0, 0, 0, 0)|0.0
(0, 0, 2, 0, 0, 0, 1, 1, 5, 5, 1, 0, 0, 0, 0)|-0.004044361395159294
(0, 0, 2, 0, 0, 0, 1, 1, 5, 5, 0, 1, 3, 0, 0)|-0.006372331232754044
(0, 0, 2, 0, 0, 0, 1, 1, 5, 5, 1, 0, 1, 0, 0)|-0.008402048245695756
(0, 0, 2, 0, 0, 0, 1, 1, 5, 5, 1, 1, 1, 0, 0)|-0.004196473420990483
(0, 0, 2, 0, 0, 0, 1, 1, 5, 5, 1, 1, 2, 0, 0)|-0.016500271299079643
(0, 0, 2, 0, 0, 0, 1, 1, 5, 5, 1, 0, 2, 0, 0)|-0.009332776935360061
(0, 0, 2, 0, 0, 0, 1, 1, 5, 5, 1, 0, 3, 0, 0)|-0.005904395631012274
(0, 1, 2, 0, 0, 0, 1, 1, 5, 5, 1, 0, 2, 0, 0)|-0.0022918170370967326
(0, 1, 2, 0, 0, 0, 1, 1, 5, 5, 1, 0, 3, 0, 0)|0.0
(0, 1, 2, 0, 0, 0, 1, 1, 5, 5, 1, 1, 2, 0, 0)|0.0
(0, 1, 1, 0, 0, 0, 1, 1, 5, 5, 0, 1, 3, 0, 0)|-0.004353522634408141
(0, 1, 1, 0, 0, 0, 1, 1, 5, 5, 0, 2, 3, 0, 0)|0.0
(0, 1, 1, 0, 0, 0, 1, 1, 5, 5, 0, 0, 3, 0, 0)|-0.007526628893469588
(0, 1, 1, 0, 0, 0, 1, 1, 5, 5, 1, 0, 0, 0, 0)|-0.004335821511955335
(1, 1, 1, 0, 0, 0, 1, 1, 5, 5, 0, 0, 3, 0, 0)|-0.007374148955790129
(0, 1, 1, 0, 0, 0, 1, 1, 5, 5, 1, 0, 1, 0, 0)|-0.012881380268897298
(0, 1, 1, 0, 0, 0, 1, 1, 5, 5, 1, 1, 1, 0, 0)|-0.016567195643969888
(0, 1, 1, 0, 0, 0, 1, 1, 5, 5, 1, 1, 1, 1, 0)|-0.007837067088033483
(0, 1, 1, 0, 0, 0, 1, 1, 5, 5, 1, 0, 1, 1, 0)|-0.007890718788910366
(0, 1, 1, 0, 0, 0, 1, 1, 5, 5, 1, 0, 0, 1, 0)|-0.010657148665913954
(0, 1, 1, 0, 0, 0, 1, 1, 5, 5, 1, 1, 2, 1, 0)|-0.012410937018409292
(0, 1, 1, 0, 0, 0, 1, 1, 5, 5, 1, 0, 2, 1, 0)|-0.013130098797253933
(1, 1, 1, 0, 0, 0, 1, 1, 5, 5, 0, 0, 3, 1, 0)|-0.0044562919104306105
(1, 1, 1, 0, 0, 0, 1, 1, 5, 5, 1, 0, 0, 1, 0)|0.0
(1, 1, 1, 0, 0, 0, 1, 1, 5, 5, 0, 1, 3, 1, 0)|-0.00226026185044095
(1, 1, 1, 0, 0, 0, 1, 1, 5, 5, 1, 0, 0, 0, 0)|0.0
(1, 1, 1, 0, 0, 0, 1, 1, 5, 5, 0, 1, 3, 0, 0)|-0.002103423566539686
(0, 1, 2, 0, 0, 0, 1, 1, 5, 5, 0, 0, 3, 0, 0)|-0.007662856882888947
(0, 1, 2, 0, 0, 0, 1, 1, 5, 5, 0, 0, 3, 1, 0)|-0.004365660548265406
(0, 1, 2, 0, 0, 0, 1, 1, 5, 5, 1, 0, 0, 0, 0)|-0.0063553878652545925
(1, 1, 2, 0, 0, 0, 1, 1, 5, 5, 0, 0, 3, 0, 0)|0.0
(0, 1, 2, 0, 0, 0, 1, 1, 5, 5, 1, 0, 1, 0, 0)|-0.007894875807769864
(0, 1, 2, 0, 0, 0, 1, 1, 5, 5, 2, 0, 0, 0, 0)|-0.003908519856665807
(0, 1, 1, 0, 0, 0, 1, 1, 5, 5, 0, 0, 3, 1, 0)|-0.011061105336076592
(0, 1, 1, 0, 0, 0, 1, 1, 5, 5, 0, 1, 3, 1, 0)|-0.00642422258328667
(1, 1, 2, 0, 0, 0, 1, 1, 5, 5, 1, 0, 1, 0, 0)|0.0
(0, 1, 2, 0, 0, 0, 1, 1, 5, 5, 2, 0, 1, 0, 0)|-0.00253220939018863
(0, 1, 1, 0, 0, 0, 1, 1, 5, 5, 1, 1, 0, 1, 0)|-0.003910430887485154
(0, 1, 1, 0, 0, 0, 1, 1, 5, 5, 1, 1, 0, 0, 0)|-0.01400826520442093
(0, 1, 1, 0, 0, 0, 1, 1, 3, 5, 1, 0, 1, 0, 0)|-0.00405822378508433
(0, 1, 1, 0, 0, 0, 1, 1, 3, 5, 1, 1, 0, 0, 0)|0.0
(0, 1, 1, 0, 0, 0, 1, 1, 3, 5, 1, 1, 1, 0, 0)|-0.0042123881603179526
(0, 1, 1, 0, 0, 0, 1, 1, 3, 5, 1, 0, 0, 0, 0)|0.0
(0, 1, 1, 0, 0, 0, 1, 0, 3, 5, 1, 0, 1, 0, 0)|0.0
(0, 1, 1, 0, 0, 0, 1, 1, 3, 5, 1, 1, 2, 0, 0)|-0.005942628061929875
(0, 1, 1, 0, 0, 0, 1, 1, 3, 5, 1, 0, 2, 0, 0)|-0.005788693579225183
(0, 1, 1, 0, 0, 0, 1, 1, 3, 5, 1, 0, 3, 0, 0)|-0.0040435827322062735
(0, 1, 1, 0, 0, 0, 1, 1, 3, 5, 1, 0, 3, 1, 0)|-0.004048066579194985
(0, 1, 1, 0, 0, 0, 1, 0, 3, 5, 1, 0, 3, 0, 0)|-0.004098390338888708
(0, 1, 1, 0, 0, 0, 1, 1, 3, 5, 1, 1, 2, 1, 0)|0.0
(0, 1, 1, 0, 0, 0, 1, 1, 3, 5, 1, 0, 2, 1, 0)|0.0
(0, 1, 1, 0, 0, 0, 1, 0, 3, 5, 1, 1, 2, 0, 0)|0.0
(0, 1, 1, 0, 0, 0, 1, 0, 3, 5, 1, 0, 2, 0, 0)|-0.004663191233318828
(0, 0, 1, 0, 0, 0, 2, 0, 3, 5, 1, 0, 2, 0, 0)|-0.011002146277427925
(0, 0, 1, 0, 0, 0, 2, 0, 3, 5, 1, 0, 3, 0, 0)|-0.009694849504802067
(0, 0, 1, 0, 0, 0, 2, 0, 3, 5, 1, 1, 2, 0, 0)|-0.007963558370215847
(0, 0, 1, 0, 0, 0, 2, 0, 3, 5, 1, 1, 1, 0, 0)|-0.005815753265854497
(0, 0, 1, 0, 0, 0, 2, 0, 3, 5, 1, 0, 1, 0, 0)|-0.004350350597495679
(0, 0, 1, 0, 0, 0, 2, 0, 3, 5, 1, 0, 0, 0, 0)|-0.007491028030254524
(1, 0, 1, 0, 0, 0, 2, 0, 3, 5, 0, 0, 3, 0, 0)|0.0
(1, 0, 1, 0, 0, 0, 2, 0, 3, 5, 0, 0, 3, 1, 0)|-0.003928148055800025
(1, 0, 1, 0, 0, 0, 2, 0, 3, 5, 1, 0, 0, 1, 0)|0.0
(1, 0, 1, 0, 0, 0, 2, 0, 3, 5, 0, 1, 3, 1, 0)|-0.0027525034320990396
(0, 0, 2, 0, 0, 0, 2, 0, 3, 5, 0, 0, 3, 1, 0)|-0.009472260356655998
(0, 0, 2, 0, 0, 0, 2, 0, 3, 5, 1, 0, 0, 1, 0)|-0.007411745412303699
(1, 0, 2, 0, 0, 0, 2, 0, 3, 5, 0, 0, 3, 1, 0)|0.0
(0, 0, 2, 0, 0, 0, 2, 0, 3, 5, 2, 0, 0, 1, 0)|0.0
(1, 0, 2, 0, 0, 0, 2, 0, 3, 5, 1, 0, 0, 2, 0)|-0.0030202650452729658
(1, 0, 2, 0, 0, 0, 2, 0, 3, 5, 1, 0, 1, 2, 0)|0.0
(1, 0, 2, 0, 0, 0, 1, 0, 3, 5, 1, 0, 0, 1, 0)|-0.012447389391921838
(1, 0, 2, 0, 0, 0, 1, 0, 3, 5, 1, 0, 1, 1, 0)|0.0
(2, 0, 2, 0, 0, 0, 1, 0, 3, 5, 0, 0, 3, 1, 0)|0.0
(1, 0, 2, 0, 0, 0, 1, 0, 3, 5, 2, 0, 0, 1, 0)|0.0
(2, 0, 2, 0, 0, 0, 1, 0, 3, 5, 1, 0, 0, 0, 0)|-0.004058320718642339
(2, 0, 2, 0, 0, 0, 1, 0, 3, 5, 1, 0, 1, 0, 0)|-0.004213476079038589
(2, 0, 2, 0, 0, 0, 1, 0, 3, 5, 2, 0, 0, 0, 0)|-0.005927115811099073
(2, 0, 2, 0, 0, 0, 1, 0, 3, 5, 1, 0, 1, 1, 0)|-0.005954838148581239
(2, 0, 2, 0, 0, 0, 1, 0, 3, 5, 2, 0, 0, 1, 0)|0.0
(2, 0, 2, 0, 0, 0, 1, 0, 3, 5, 1, 0, 0, 1, 0)|0.0
(3, 0, 2, 0, 0, 0, 1, 0, 3, 5, 1, 0, 1, 0, 0)|-0.005612835664150733
(2, 0, 2, 0, 0, 0, 1, 0, 3, 5, 2, 0, 1, 0, 0)|0.0
(3, 0, 2, 0, 0, 0, 1, 0, 3, 5, 2, 0, 0, 0, 0)|-0.0020293274457877427
(3, 0, 2, 0, 0, 0, 1, 0, 3, 5, 1, 0, 0, 0, 0)|-0.002049932253519849
(3, 0, 2, 0, 0, 0, 1, 0, 3, 5, 2, 0, 0, 1, 0)|-0.001665913927998325
(4, 0, 2, 0, 0, 0, 1, 0, 3, 5, 1, 0, 0, 1, 0)|0.989
(4, 0, 2, 0, 0, 0, 1, 0, 3, 5, 1, 0, 0, 0, 0)|0.0
(4, 0, 2, 0, 0, 0, 1, 0, 3, 5, 1, 0, 1, 1, 0)|0.084437
(4, 0, 2, 0, 0, 0, 0, 0, 3, 5, 1, 0, 1, 0, 0)|0.0
(4, 0, 2, 0, 0, 0, 1, 0, 3, 5, 1, 0, 2, 1, 0)|0.0
(4, 0, 2, 0, 0, 0, 0, 0, 3, 5, 1, 0, 0, 0, 0)|0.0
(4, 0, 2, 0, 0, 0, 1, 0, 3, 5, 1, 1, 0, 1, 0)|0.0
(0, 0, 1, 0, 0, 0, 2, 0, 5, 5, 1, 0, 0, 2, 0)|-0.6630283105222761
(0, 0, 1, 0, 0, 0, 2, 0, 5, 5, 1, 0, 1, 2, 0)|-0.018673491097038242
(0, 0, 1, 0, 0, 0, 2, 0, 5, 5, 1, 1, 1, 2, 0)|-0.017589495352793666
(0, 0, 1, 0, 0, 0, 2, 0, 5, 5, 1, 1, 0, 2, 0)|-0.016892763883297447
(1, 0, 1, 0, 0, 0, 2, 0, 5, 5, 0, 1, 3, 2, 0)|0.0
(1, 0, 1, 0, 0, 0, 1, 0, 5, 5, 1, 0, 0, 0, 0)|0.02273634991488508
(1, 0, 1, 0, 0, 0, 1, 0, 5, 5, 1, 0, 1, 0, 0)|-0.016231235199700933
(1, 0, 1, 0, 0, 0, 1, 0, 5, 5, 1, 1, 0, 0, 0)|-0.008749873265858127
(1, 0, 1, 0, 0, 0, 1, 0, 5, 5, 1, 1, 1, 0, 0)|-0.01743020856995037
(2, 0, 1, 0, 0, 0, 1, 0, 5, 5, 0, 0, 3, 0, 0)|-0.01380459028771544
(1, 0, 1, 1, 0, 0, 2, 0, 5, 5, 0, 1, 3, 1, 0)|-0.005318799789472898
(1, 0, 1, 1, 0, 0, 1, 0, 5, 5, 0, 1, 3, 0, 0)|-0.0435361517037334
(1, 0, 1, 1, 0, 0, 1, 0, 5, 5, 0, 0, 3, 0, 0)|-0.037976576328915754
(1, 0, 1, 1, 0, 0, 1, 0, 5, 5, 0, 0, 3, 0, 1)|-0.0047778382131607655
(1, 0, 1, 1, 0, 0, 1, 0, 5, 3, 0, 0, 3, 0, 1)|0.003970508649142658
(1, 0, 1, 1, 0, 0, 1, 0, 5, 5, 0, 1, 3, 0, 1)|0.07524477491908102
(1, 0, 1, 1, 0, 0, 1, 0, 5, 5, 1, 0, 1, 0, 1)|0.013954119128270801
(1, 0, 1, 1, 0, 0, 1, 0, 5, 3, 0, 1, 3, 0, 1)|-0.0036419984550761326
(1, 0, 1, 1, 0, 0, 1, 0, 5, 3, 1, 0, 1, 0, 1)|0.18967862799735533
(1, 0, 1, 1, 0, 0, 1, 0, 5, 1, 1, 0, 1, 0, 1)|0.0
(1, 0, 1, 1, 0, 0, 0, 0, 5, 3, 1, 0, 1, 0, 1)|0.0
(1, 0, 1, 1, 0, 0, 1, 0, 5, 3, 1, 0, 2, 0, 1)|0.5039129527200374
(1, 0, 1, 1, 0, 0, 1, 0, 5, 1, 1, 0, 2, 0, 1)|0.0
(1, 0, 1, 1, 0, 0, 0, 0, 5, 3, 1, 0, 2, 0, 1)|0.0
(0, 0, 1, 0, 0, 1, 1, 0, 5, 5, 0, 0, 3, 0, 0)|-0.020089386165221088
(0, 0, 1, 0, 0, 1, 1, 0, 5, 5, 0, 1, 3, 0, 0)|-0.022326722576178452
(0, 0, 1, 0, 0, 1, 1, 0, 5, 5, 1, 1, 0, 0, 0)|0.14850514921971494
(1, 0, 1, 0, 0, 1, 1, 0, 5, 5, 0, 1, 3, 0, 0)|0.2556907337279557
(0, 0, 1, 0, 0, 1, 1, 0, 5, 5, 1, 1, 1, 0, 1)|-0.005617348568494616
(0, 0, 1, 0, 0, 1, 0, 0, 5, 5, 1, 1, 1, 0, 1)|0.0
(0, 0, 1, 0, 0, 1, 1, 0, 5, 4, 1, 1, 1, 0, 1)|-0.005814821506465753
(0, 0, 1, 0, 0, 1, 1, 0, 5, 5, 1, 1, 0, 0, 1)|0.03477114418068662
(0, 0, 1, 0, 0, 1, 1, 0, 5, 5, 1, 0, 0, 0, 1)|0.002924389512196357
(1, 0, 1, 0, 0, 1, 1, 0, 5, 5, 0, 1, 3, 0, 1)|-0.012086338615386931
(0, 0, 1, 0, 0, 1, 1, 0, 5, 5, 1, 0, 1, 0, 1)|-0.002517489747068423
(0, 0, 1, 0, 0, 1, 1, 0, 5, 4, 1, 1, 0, 0, 1)|0.0
(0, 0, 1, 0, 0, 1, 1, 0, 5, 5, 1, 1, 1, 1, 0)|0.1873788428740871
(0, 0, 1, 0, 0, 1, 1, 0, 5, 5, 1, 1, 0, 1, 0)|-0.010838960557080989
(0, 0, 1, 0, 0, 1, 1, 0, 5, 5, 1, 0, 0, 1, 0)|0.18658768080828478
(3, 0, 1, 0, 0, 0, 2, 0, 5, 5, 0, 0, 3, 0, 0)|-0.021068509098115914
(0, 0, 1, 0, 1, 0, 2, 0, 5, 5, 1, 0, 0, 0, 0)|-0.04083766849040326
(3, 0, 1, 0, 0, 0, 2, 0, 5, 5, 1, 0, 0, 0, 0)|-0.01390897007621932
(1, 0, 1, 0, 0, 1, 2, 0, 5, 5, 1, 0, 0, 0, 0)|-0.024836255818749653
(1, 0, 1, 0, 0, 1, 2, 0, 5, 5, 1, 0, 0, 0, 1)|-0.008075423912020043
(2, 0, 1, 0, 0, 1, 2, 0, 5, 5, 0, 0, 3, 0, 1)|-0.009475444353510387
(2, 0, 1, 0, 0, 1, 2, 0, 5, 5, 0, 1, 3, 0, 1)|-0.00923975881311628
(3, 0, 1, 0, 0, 1, 2, 0, 5, 5, 0, 0, 3, 0, 1)|-0.011267867037378893
(3, 0, 1, 0, 0, 1, 2, 0, 5, 5, 0, 1, 3, 0, 1)|0.0
(3, 0, 1, 0, 0, 1, 2, 0, 5, 5, 1, 0, 0, 0, 1)|-0.009168748417791597
(4, 0, 1, 0, 0, 1, 2, 0, 5, 5, 0, 0, 3, 0, 1)|-0.0039010553395111584
(4, 0, 1, 0, 0, 1, 2, 0, 5, 5, 0, 1, 3, 0, 1)|-0.002448432542212775
(4, 0, 1, 0, 0, 1, 2, 0, 5, 5, 1, 0, 0, 0, 1)|0.0
(4, 0, 1, 0, 0, 1, 2, 0, 5, 4, 0, 0, 3, 0, 1)|-0.004045716493193128
(4, 0, 1, 0, 0, 1, 2, 0, 5, 4, 0, 1, 3, 0, 1)|-0.007501294918605592
(4, 0, 1, 0, 0, 1, 2, 0, 5, 3, 0, 1, 3, 0, 0)|-0.007679756027925405
(4, 0, 1, 0, 0, 1, 1, 0, 5, 4, 0, 1, 3, 0, 1)|0.0
(4, 0, 1, 0, 0, 1, 2, 0, 5, 4, 0, 1, 3, 0, 0)|0.0
(4, 0, 1, 0, 0, 1, 2, 0, 5, 3, 0, 1, 3, 0, 1)|-0.004367166262088154
(4, 0, 1, 0, 0, 1, 2, 0, 5, 3, 0, 0, 3, 0, 0)|-0.006089314615694125
(4, 0, 1, 0, 0, 1, 1, 0, 5, 4, 0, 0, 3, 0, 1)|0.0
(4, 0, 1, 0, 0, 1, 2, 0, 5, 4, 0, 0, 3, 0, 0)|0.0
(4, 0, 1, 0, 0, 1, 2, 0, 5, 3, 0, 0, 3, 0, 1)|-0.004072014513952055
(4, 0, 1, 0, 0, 1, 2, 0, 5, 2, 0, 0, 3, 0, 1)|0.0
(4, 0, 1, 0, 0, 1, 1, 0, 5, 3, 0, 0, 3, 0, 1)|-0.0074516367456169425
(4, 0, 1, 0, 0, 1, 2, 0, 5, 3, 1, 0, 2, 0, 1)|0.0
(4, 0, 1, 0, 0, 1, 2, 0, 5, 2, 0, 1, 3, 0, 1)|0.0
(4, 0, 1, 0, 0, 1, 1, 0, 5, 3, 0, 1, 3, 0, 1)|-0.0040727742683453715
(4, 0, 1, 0, 0, 1, 2, 0, 5, 2, 0, 1, 3, 0, 0)|0.0
(4, 0, 1, 0, 0, 1, 2, 0, 5, 3, 1, 0, 0, 0, 0)|0.0
(4, 0, 1, 0, 0, 1, 1, 0, 5, 3, 1, 0, 0, 0, 1)|-0.005695572967238978
(4, 0, 1, 0, 0, 1, 1, 0, 5, 3, 0, 0, 3, 0, 0)|-0.007775457322365866
(4, 0, 1, 0, 0, 1, 1, 0, 5, 3, 0, 1, 3, 0, 0)|-0.004375693247422799
(4, 0, 1, 0, 0, 1, 1, 0, 5, 3, 1, 0, 0, 0, 0)|-0.0029879012032669777
(5, 0, 1, 0, 0, 1, 1, 0, 5, 3, 0, 0, 3, 0, 1)|-0.004791611836752921
(5, 0, 1, 0, 0, 1, 1, 0, 5, 3, 0, 0, 3, 0, 0)|-0.012087791147410867
(5, 0, 1, 0, 0, 1, 1, 0, 5, 3, 0, 1, 3, 0, 0)|-0.004049086085965733
(5, 0, 1, 0, 0, 1, 1, 0, 5, 3, 1, 0, 0, 0, 0)|-0.007502227788363348
(5, 0, 1, 0, 0, 1, 1, 0, 5, 3, 0, 1, 3, 0, 1)|-0.0041098326146546856
(5, 0, 1, 0, 0, 1, 1, 0, 5, 3, 1, 0, 0, 0, 1)|0.0
(6, 0, 1, 0, 0, 1, 1, 0, 5, 3, 0, 0, 3, 0, 0)|-0.004056398993670418
(6, 0, 1, 0, 0, 1, 1, 0, 5, 3, 0, 0, 3, 0, 1)|0.97811
(6, 0, 1, 0, 0, 1, 1, 0, 5, 3, 0, 1, 3, 0, 0)|-0.004191907897535543
(6, 0, 1, 0, 0, 1, 1, 0, 5, 3, 1, 0, 0, 0, 0)|0.0
(6, 0, 1, 0, 0, 1, 1, 0, 5, 3, 0, 1, 3, 0, 1)|-0.005712771016111587
(6, 1, 1, 0, 0, 1, 1, 0, 5, 3, 0, 1, 3, 0, 1)|-0.003182870524681
(6, 1, 1, 0, 0, 1, 1, 0, 5, 3, 0, 1, 3, 0, 0)|0.0
(6, 1, 1, 0, 0, 1, 1, 0, 5, 3, 0, 0, 3, 0, 1)|0.005612003090000003
(6, 1, 1, 0, 0, 1, 1, 0, 5, 3, 0, 0, 3, 0, 0)|0.0
(6, 0, 1, 0, 0, 1, 2, 0, 5, 3, 0, 0, 3, 0, 1)|0.08346670100000002
(6, 0, 1, 0, 0, 1, 2, 0, 5, 3, 0, 0, 3, 0, 0)|0.0
(6, 0, 1, 0, 0, 1, 2, 0, 5, 3, 0, 1, 3, 0, 1)|0.0
(6, 0, 1, 0, 0, 1, 2, 0, 5, 3, 1, 0, 0, 0, 1)|0.0
(6, 0, 1, 0, 0, 1, 0, 0, 5, 3, 0, 0, 3, 0, 1)|0.0
(6, 0, 1, 0, 0, 1, 1, 0, 5, 3, 1, 0, 0, 0, 1)|0.0
(2, 0, 1, 0, 0, 0, 2, 0, 5, 5, 1, 0, 1, 0, 0)|-0.028396736250141864
(0, 0, 1, 0, 1, 0, 2, 0, 5, 5, 1, 0, 1, 0, 0)|-0.04408575903827949
(0, 0, 1, 0, 1, 0, 2, 0, 5, 5, 1, 1, 0, 0, 0)|-0.03481082713444625
(0, 0, 1, 0, 1, 0, 2, 0, 5, 5, 1, 2, 1, 0, 0)|-0.022225775348157614
(0, 0, 1, 0, 1, 0, 2, 0, 5, 5, 1, 2, 1, 1, 0)|-0.003407611277176343
(0, 0, 1, 0, 1, 0, 2, 0, 5, 5, 1, 2, 2, 1, 0)|0.0
(0, 0, 1, 0, 1, 0, 2, 0, 5, 5, 1, 2, 0, 1, 0)|0.0
(0, 0, 1, 0, 1, 0, 2, 0, 5, 5, 1, 2, 2, 0, 0)|-0.010282430488440212
(0, 0, 1, 0, 1, 0, 2, 0, 5, 5, 1, 2, 0, 0, 0)|-0.008650350407443113
(0, 0, 1, 0, 1, 0, 1, 0, 5, 5, 1, 1, 0, 0, 0)|-0.011146208219804065
(0, 0, 1, 0, 1, 0, 1, 0, 5, 5, 1, 1, 1, 0, 0)|-0.008837225974289965
(0, 0, 1, 0, 1, 0, 1, 0, 5, 3, 1, 1, 0, 0, 0)|-0.0071064335993776045
(0, 0, 1, 0, 1, 0, 1, 0, 5, 3, 1, 1, 1, 0, 0)|-0.0038239592165161523
(0, 1, 1, 0, 1, 0, 1, 0, 5, 3, 1, 0, 0, 0, 0)|-0.0038702283908256386
(0, 1, 1, 0, 1, 0, 1, 0, 5, 3, 1, 0, 1, 0, 0)|0.0
(0, 1, 1, 0, 1, 0, 1, 0, 5, 3, 1, 1, 0, 0, 0)|-0.002102451075484157
(1, 1, 1, 0, 1, 0, 1, 0, 5, 3, 0, 1, 3, 0, 0)|-0.0022494563942684117
(0, 1, 1, 0, 1, 0, 1, 0, 5, 2, 1, 0, 0, 0, 0)|0.0
(0, 1, 1, 0, 1, 0, 1, 0, 5, 2, 1, 1, 0, 0, 0)|0.0
(1, 1, 1, 0, 1, 0, 1, 0, 5, 3, 0, 0, 3, 0, 0)|0.0
(1, 1, 1, 0, 1, 0, 1, 0, 5, 2, 0, 1, 3, 0, 0)|0.0
(1, 0, 1, 0, 1, 0, 2, 0, 5, 3, 0, 1, 3, 0, 0)|-0.0038828488252045704
(1, 0, 1, 0, 1, 0, 2, 0, 5, 3, 0, 0, 3, 0, 0)|0.0
(1, 0, 1, 0, 1, 0, 2, 0, 5, 2, 0, 1, 3, 0, 0)|-0.002244094558973852
(1, 0, 1, 0, 1, 0, 2, 0, 5, 2, 0, 0, 3, 0, 0)|-0.003823272877487239
(1, 0, 1, 0, 1, 0, 2, 0, 5, 2, 1, 0, 1, 0, 0)|0.0
(1, 0, 1, 0, 1, 0, 2, 0, 5, 2, 0, 0, 3, 0, 1)|0.0
(1, 0, 1, 0, 1, 0, 2, 0, 5, 0, 0, 0, 3, 0, 1)|0.210218406632304
(1, 0, 1, 0, 1, 0, 2, 0, 5, 0, 0, 0, 3, 0, 0)|0.0
(1, 0, 1, 0, 1, 0, 2, 0, 5, 0, 1, 0, 1, 0, 1)|-0.004056612002785637
(1, 0, 1, 0, 1, 0, 2, 0, 5, 0, 0, 1, 3, 0, 1)|0.0
(1, 1, 1, 0, 1, 0, 2, 0, 5, 0, 0, 0, 3, 0, 1)|0.0036060758838710005
(1, 1, 1, 0, 1, 0, 2, 0, 5, 0, 1, 0, 1, 0, 1)|0.0
(1, 1, 1, 0, 1, 0, 2, 0, 5, 0, 0, 1, 3, 0, 1)|0.0
(1, 1, 1, 0, 1, 0, 1, 0, 5, 0, 0, 0, 3, 0, 0)|0.0
(1, 1, 1, 0, 1, 0, 2, 0, 5, 0, 0, 0, 3, 0, 0)|0.08180668781
(1, 1, 1, 0, 1, 0, 2, 0, 5, 0, 1, 0, 1, 0, 0)|0.0
(1, 1, 1, 0, 1, 0, 2, 0, 5, 0, 0, 1, 3, 0, 0)|0.989
(2, 0, 2, 0, 0, 0, 2, 0, 5, 5, 1, 0, 2, 2, 0)|0.0
(2, 0, 2, 0, 0, 0, 2, 0, 5, 5, 1, 0, 1, 2, 0)|-0.003202594287071971
(2, 0, 2, 0, 0, 0, 2, 0, 5, 5, 2, 0, 0, 2, 0)|-0.015688699626531473
(2, 0, 2, 0, 0, 0, 2, 0, 5, 5, 2, 0, 1, 2, 0)|-0.003796485107705263
(3, 0, 2, 0, 0, 0, 2, 0, 5, 5, 1, 0, 1, 2, 0)|-0.002600933521617429
(2, 0, 2, 0, 0, 0, 2, 0, 5, 5, 2, 0, 1, 3, 0)|-0.003923554825814184
(2, 0, 2, 0, 0, 0, 2, 0, 5, 5, 2, 0, 0, 3, 0)|-0.0027009520293398755
(3, 0, 2, 0, 0, 0, 2, 0, 5, 5, 1, 0, 2, 2, 0)|-0.0077881502401936555
(3, 0, 2, 0, 0, 0, 2, 0, 5, 5, 1, 1, 2, 2, 0)|-0.0073305610112009605
(3, 0, 2, 0, 0, 0, 2, 0, 5, 5, 1, 1, 3, 2, 0)|-0.002090604290040258
(3, 0, 1, 0, 0, 0, 2, 0, 5, 5, 1, 1, 3, 2, 0)|-0.0021178254448917574
(3, 0, 1, 0, 0, 0, 2, 0, 5, 5, 1, 1, 2, 2, 0)|0.0
(3, 0, 1, 0, 0, 0, 2, 0, 5, 5, 1, 0, 2, 2, 0)|0.0
(2, 0, 2, 0, 0, 0, 2, 0, 5, 5, 1, 0, 3, 2, 0)|0.0
(1, 0, 1, 0, 0, 1, 2, 0, 5, 5, 1, 1, 3, 2, 0)|-0.0024202827210195272
(1, 0, 1, 1, 0, 0, 2, 0, 5, 5, 1, 1, 3, 2, 0)|-0.0026670213752726622
(1, 0, 1, 0, 1, 0, 2, 0, 5, 5, 1, 1, 3, 2, 0)|0.0
(1, 0, 1, 0, 0, 1, 2, 0, 5, 5, 1, 1, 2, 2, 0)|-0.0057809191224391905
(1, 0, 1, 0, 0, 1, 2, 0, 5, 5, 1, 0, 2, 2, 0)|-0.00395544595720607
(1, 0, 1, 0, 0, 1, 2, 0, 5, 5, 1, 1, 2, 2, 1)|0.0
(1, 0, 1, 0, 0, 1, 1, 0, 5, 5, 1, 1, 2, 1, 0)|0.0
(1, 0, 1, 0, 0, 1, 1, 0, 5, 5, 1, 1, 2, 1, 1)|0.0
(1, 0, 1, 0, 0, 1, 2, 0, 5, 5, 1, 0, 2, 2, 1)|-0.002089338339115776
(1, 0, 1, 0, 0, 1, 1, 0, 5, 5, 1, 0, 2, 1, 0)|0.0
(1, 0, 1, 0, 0, 1, 1, 0, 5, 5, 1, 0, 2, 1, 1)|0.0
(1, 0, 1, 0, 0, 1, 2, 0, 5, 5, 1, 0, 2, 1, 0)|-0.002256238449673545
(1, 0, 1, 0, 0, 1, 2, 0, 5, 5, 1, 0, 2, 1, 1)|-0.004196414448784461
(1, 0, 1, 0, 0, 1, 1, 0, 5, 5, 1, 0, 2, 0, 1)|0.0
(1, 0, 1, 0, 0, 1, 2, 0, 5, 5, 1, 1, 2, 1, 0)|0.0
(1, 0, 1, 0, 0, 1, 2, 0, 5, 5, 1, 0, 1, 1, 0)|0.0
(1, 0, 1, 0, 0, 1, 2, 0, 5, 4, 1, 0, 2, 2, 1)|0.0
(1, 0, 1, 0, 0, 1, 2, 0, 5, 5, 1, 0, 1, 2, 0)|-0.0038689444041413697
(1, 0, 1, 0, 0, 1, 2, 0, 5, 5, 1, 0, 1, 2, 1)|-0.00208804045052042
(1, 0, 1, 0, 0, 1, 1, 0, 5, 5, 1, 0, 1, 1, 0)|0.0
(1, 0, 1, 0, 0, 1, 1, 0, 5, 5, 1, 0, 1, 1, 1)|0.0
(1, 0, 1, 0, 0, 1, 2, 0, 5, 4, 1, 0, 1, 2, 1)|0.0
(1, 1, 1, 0, 0, 1, 2, 0, 5, 5, 1, 0, 2, 1, 1)|-0.0021037593235086203
(1, 1, 1, 0, 0, 1, 1, 0, 5, 5, 1, 0, 2, 0, 1)|-0.004056800527386696
(1, 1, 1, 0, 0, 1, 2, 0, 5, 5, 1, 0, 2, 1, 0)|0.0
(1, 1, 1, 0, 0, 1, 1, 0, 5, 5, 1, 0, 2, 0, 0)|0.0
(1, 1, 1, 0, 0, 1, 2, 0, 5, 4, 1, 0, 2, 1, 0)|-0.0038966215397946494
(1, 1, 1, 0, 0, 1, 2, 0, 5, 4, 1, 0, 2, 1, 1)|0.0
(1, 1, 1, 0, 0, 1, 2, 0, 5, 5, 1, 0, 1, 1, 1)|0.0
(1, 1, 1, 0, 0, 1, 2, 0, 5, 5, 1, 1, 2, 1, 1)|0.0
(1, 1, 1, 0, 0, 1, 2, 0, 5, 5, 1, 0, 2, 2, 1)|-0.002263992483429114
(1, 1, 1, 0, 0, 1, 1, 0, 5, 5, 1, 0, 2, 1, 1)|0.0
(1, 1, 1, 0, 0, 1, 2, 0, 5, 5, 1, 0, 2, 2, 0)|0.0
(1, 1, 1, 0, 0, 1, 2, 0, 5, 4, 1, 0, 2, 2, 1)|0.0
(1, 1, 1, 0, 0, 1, 2, 0, 5, 5, 1, 0, 1, 2, 1)|0.0
(1, 1, 1, 0, 0, 1, 2, 0, 5, 5, 1, 1, 2, 2, 1)|0.0
(1, 1, 1, 0, 0, 1, 2, 0, 5, 5, 1, 0, 2, 0, 1)|-0.004044360926990155
(1, 1, 1, 0, 0, 1, 2, 0, 5, 5, 1, 0, 2, 0, 0)|-0.004380705789175939
(1, 1, 1, 0, 0, 1, 2, 0, 5, 5, 1, 0, 1, 0, 1)|0.0
(1, 1, 1, 0, 0, 1, 2, 0, 5, 5, 1, 1, 2, 0, 1)|0.0
(1, 0, 1, 0, 0, 1, 2, 0, 5, 4, 1, 0, 2, 1, 1)|-0.005763349593540522
(1, 0, 1, 0, 0, 1, 2, 0, 5, 5, 1, 0, 1, 1, 1)|0.0
(1, 0, 1, 0, 0, 1, 2, 0, 5, 5, 1, 1, 2, 1, 1)|0.0
(1, 0, 1, 0, 0, 1, 2, 0, 5, 3, 1, 0, 2, 1, 1)|-0.004287379561236
(1, 0, 1, 0, 0, 1, 1, 0, 5, 4, 1, 0, 2, 0, 1)|-0.007678490809135754
(1, 0, 1, 0, 0, 1, 1, 0, 5, 4, 1, 0, 2, 1, 1)|0.0
(1, 0, 1, 0, 0, 1, 2, 0, 5, 4, 1, 0, 2, 1, 0)|0.0
(1, 0, 1, 0, 0, 1, 2, 0, 5, 4, 1, 0, 1, 1, 1)|-0.004353145715937062
(1, 0, 1, 0, 0, 1, 2, 0, 5, 4, 1, 1, 2, 1, 1)|-0.004041771476762395
(1, 0, 1, 0, 0, 1, 2, 0, 5, 3, 1, 1, 2, 1, 1)|-0.0024211025864031475
(1, 0, 1, 0, 0, 1, 1, 0, 5, 4, 1, 1, 2, 0, 1)|-0.006074826312035468
(1, 0, 1, 0, 0, 1, 1, 0, 5, 4, 1, 1, 2, 1, 1)|0.0
(1, 0, 1, 0, 0, 1, 2, 0, 5, 4, 1, 1, 2, 1, 0)|-0.002102562634472337
(1, 0, 1, 0, 0, 1, 2, 0, 5, 4, 1, 1, 3, 1, 1)|-0.004027738235268176
(1, 0, 1, 0, 0, 1, 2, 0, 5, 3, 1, 1, 3, 1, 1)|0.0
(1, 0, 1, 0, 0, 1, 1, 0, 5, 4, 1, 1, 3, 0, 1)|0.0
(1, 0, 1, 0, 0, 1, 1, 0, 5, 4, 1, 1, 3, 1, 1)|0.0
(1, 0, 1, 0, 0, 1, 2, 0, 5, 4, 1, 1, 3, 1, 0)|-0.0038702383307314854
(1, 1, 1, 0, 0, 1, 2, 0, 5, 4, 1, 1, 2, 1, 0)|-0.0022506959385815185
(1, 1, 1, 0, 0, 1, 2, 0, 5, 4, 1, 1, 2, 1, 1)|0.0
(1, 1, 1, 0, 0, 1, 2, 0, 5, 3, 1, 1, 2, 1, 1)|0.0
(1, 1, 1, 0, 0, 1, 2, 0, 5, 4, 1, 1, 3, 1, 0)|0.0
(1, 1, 1, 0, 0, 1, 2, 0, 5, 3, 1, 0, 2, 1, 1)|0.0
(1, 1, 1, 0, 0, 1, 1, 0, 5, 4, 1, 0, 2, 1, 1)|-0.0023986704802990903
(1, 1, 1, 0, 0, 1, 1, 0, 5, 4, 1, 0, 1, 1, 1)|0.0
(1, 1, 1, 0, 0, 1, 1, 0, 5, 4, 1, 1, 1, 1, 1)|0.0
(1, 1, 1, 0, 0, 1, 1, 0, 5, 4, 1, 1, 2, 1, 1)|0.0
(1, 0, 1, 0, 0, 1, 2, 0, 5, 4, 1, 1, 1, 1, 1)|0.0
(1, 0, 1, 0, 0, 1, 2, 0, 5, 3, 1, 0, 1, 1, 1)|-0.007522398607598896
(1, 0, 1, 0, 0, 1, 1, 0, 5, 4, 1, 0, 1, 1, 1)|-0.002182344641705614
(1, 0, 1, 0, 0, 1, 2, 0, 5, 4, 1, 0, 1, 1, 0)|0.0
(1, 0, 1, 0, 0, 1, 2, 0, 5, 2, 1, 0, 1, 1, 1)|-0.004475263223295946
(1, 0, 1, 0, 0, 1, 2, 0, 5, 3, 1, 0, 1, 1, 0)|-0.002284286845582313
(1, 0, 1, 0, 0, 1, 2, 0, 5, 3, 1, 1, 1, 1, 1)|-0.0022639328766326473
(1, 0, 1, 0, 0, 1, 2, 0, 5, 3, 1, 1, 0, 1, 1)|-0.004043698629251632
(1, 0, 1, 0, 0, 1, 2, 0, 5, 2, 1, 0, 2, 1, 1)|-0.004081645953195669
(1, 0, 1, 0, 0, 1, 2, 0, 5, 3, 1, 0, 2, 1, 0)|-0.005796573212420486
(1, 0, 1, 0, 0, 1, 2, 0, 5, 3, 1, 0, 2, 2, 1)|-0.004197320950952346
(1, 0, 1, 0, 0, 1, 2, 0, 5, 3, 1, 0, 2, 2, 0)|-0.005773523579712075
(1, 0, 1, 0, 0, 1, 2, 0, 5, 2, 1, 0, 2, 2, 1)|0.0
(1, 0, 1, 0, 0, 1, 2, 0, 5, 3, 1, 0, 1, 2, 1)|0.0
(1, 0, 1, 0, 0, 1, 2, 0, 5, 3, 1, 1, 2, 2, 1)|-0.0021178992327762834
(1, 0, 1, 0, 0, 1, 2, 0, 5, 3, 1, 0, 1, 2, 0)|0.0
(1, 0, 1, 0, 0, 1, 2, 0, 5, 3, 1, 1, 2, 2, 0)|-0.0038716048216403667
(1, 0, 1, 0, 0, 1, 2, 0, 5, 2, 1, 1, 2, 2, 1)|0.0
(1, 0, 1, 0, 0, 1, 2, 0, 5, 3, 1, 1, 2, 1, 0)|-0.0057900287378127475
(1, 0, 1, 0, 0, 1, 2, 0, 5, 3, 1, 1, 3, 1, 0)|0.0
(1, 0, 1, 0, 0, 1, 2, 0, 5, 3, 1, 1, 2, 0, 0)|-0.00405871904015177
(1, 0, 1, 0, 0, 1, 2, 0, 5, 2, 1, 1, 2, 0, 1)|-0.0022663560388593035
(1, 0, 1, 0, 0, 1, 2, 0, 5, 3, 1, 1, 2, 0, 1)|-0.004217946578583272
(1, 0, 1, 0, 0, 1, 2, 0, 5, 3, 1, 1, 3, 0, 0)|0.0
(1, 0, 1, 0, 0, 1, 2, 0, 5, 3, 1, 0, 2, 0, 0)|-0.004060546275628566
(1, 0, 1, 0, 0, 1, 2, 0, 5, 3, 1, 1, 3, 0, 1)|0.0
(1, 0, 1, 0, 0, 1, 2, 0, 5, 3, 1, 0, 2, 0, 1)|-0.006005012105311687
(1, 0, 1, 0, 0, 1, 2, 0, 5, 2, 1, 0, 2, 0, 1)|-0.007345908868352424
(1, 0, 1, 0, 0, 1, 2, 0, 5, 3, 1, 0, 1, 0, 0)|-0.004238454271925538
(1, 0, 1, 0, 0, 1, 2, 0, 5, 3, 1, 0, 1, 0, 1)|-0.007331709331149737
(1, 0, 1, 0, 0, 1, 2, 0, 5, 2, 1, 0, 1, 0, 1)|0.0
(1, 0, 1, 0, 0, 1, 2, 0, 5, 3, 1, 1, 1, 0, 1)|-0.0021037539588969383
(1, 0, 1, 0, 0, 1, 2, 0, 5, 3, 1, 1, 0, 0, 1)|0.0
(1, 0, 1, 0, 0, 1, 2, 0, 5, 3, 1, 1, 1, 0, 0)|-0.002271852243020606
(1, 0, 1, 0, 0, 1, 2, 0, 5, 3, 1, 1, 1, 1, 0)|-0.004112989132077915
(1, 0, 1, 0, 0, 1, 2, 0, 5, 3, 1, 1, 0, 1, 0)|-0.0040493673316681425
(1, 0, 1, 0, 0, 1, 2, 0, 5, 2, 1, 1, 0, 1, 1)|0.0
(1, 0, 1, 0, 0, 1, 2, 0, 5, 2, 1, 1, 0, 1, 0)|0.0
(2, 0, 1, 0, 0, 1, 2, 0, 5, 3, 0, 1, 3, 1, 0)|0.0
(1, 0, 1, 0, 0, 1, 2, 0, 5, 2, 1, 1, 1, 1, 1)|-0.005591448460593029
(1, 0, 1, 0, 0, 1, 2, 0, 5, 2, 1, 1, 1, 1, 0)|-0.004259011253969639
(1, 0, 1, 0, 0, 1, 2, 0, 5, 2, 1, 1, 1, 0, 1)|0.0
(1, 0, 1, 0, 0, 1, 2, 0, 5, 2, 1, 1, 1, 0, 0)|0.0
(1, 0, 1, 0, 0, 1, 2, 0, 5, 3, 1, 1, 0, 0, 0)|0.0
(1, 0, 1, 0, 0, 1, 2, 0, 5, 1, 1, 0, 2, 0, 1)|0.0
(1, 0, 1, 0, 0, 1, 2, 0, 5, 2, 1, 0, 2, 0, 0)|0.0
(1, 0, 1, 0, 0, 1, 2, 0, 5, 2, 1, 1, 2, 0, 0)|-0.004070622653992258
(1, 0, 1, 0, 0, 1, 2, 0, 5, 2, 1, 1, 2, 1, 0)|-0.004351544938184709
(1, 0, 1, 0, 0, 1, 2, 0, 5, 2, 1, 1, 2, 1, 1)|0.0
(1, 0, 1, 0, 0, 1, 2, 0, 5, 2, 1, 1, 3, 1, 0)|0.0
(1, 0, 1, 0, 0, 1, 2, 0, 5, 2, 1, 0, 2, 1, 0)|-0.0075044325273255835
(1, 0, 1, 0, 0, 1, 2, 0, 5, 2, 1, 0, 1, 1, 0)|-0.0088929654690903
(1, 0, 1, 0, 0, 1, 2, 0, 5, 2, 1, 1, 1, 3, 0)|-0.004078932540684482
(1, 0, 1, 0, 0, 1, 2, 0, 5, 2, 1, 1, 1, 3, 1)|0.0
(1, 0, 1, 0, 0, 1, 2, 0, 5, 2, 1, 1, 0, 3, 0)|0.0
(1, 0, 1, 0, 0, 1, 2, 0, 5, 2, 1, 0, 1, 3, 0)|-0.004444809659758495
(1, 0, 1, 0, 0, 1, 2, 0, 5, 2, 1, 0, 1, 3, 1)|0.0
(1, 0, 1, 0, 0, 1, 2, 0, 5, 1, 1, 1, 1, 1, 1)|-0.0040379770689932
(1, 0, 1, 0, 0, 1, 2, 0, 5, 2, 1, 1, 1, 2, 1)|-0.002396117614258845
(1, 0, 1, 0, 0, 1, 2, 0, 5, 2, 1, 1, 0, 2, 1)|0.0
(1, 0, 1, 0, 0, 1, 2, 0, 5, 2, 1, 0, 0, 2, 1)|0.0
(1, 0, 1, 0, 0, 1, 2, 0, 5, 2, 1, 0, 1, 2, 1)|0.0
(1, 0, 1, 0, 0, 1, 2, 0, 5, 2, 1, 1, 1, 2, 0)|0.0
(1, 0, 1, 0, 0, 1, 2, 0, 5, 1, 1, 1, 1, 2, 1)|0.0
(1, 0, 1, 0, 0, 1, 2, 0, 5, 1, 1, 1, 1, 2, 0)|0.0
(1, 0, 1, 0, 0, 1, 2, 0, 5, 2, 1, 0, 0, 1, 1)|0.0
(1, 0, 1, 0, 0, 1, 2, 0, 5, 1, 1, 1, 0, 1, 1)|0.0
(1, 0, 1, 0, 0, 1, 2, 0, 5, 1, 1, 0, 0, 1, 1)|0.0
(1, 0, 1, 0, 0, 1, 2, 0, 5, 1, 1, 0, 1, 1, 1)|-0.003985152289485963
(1, 0, 1, 0, 0, 1, 2, 0, 5, 0, 1, 0, 1, 1, 1)|0.0
(1, 0, 1, 0, 0, 1, 2, 0, 5, 1, 1, 0, 1, 1, 0)|0.0
(1, 0, 1, 0, 0, 1, 2, 0, 5, 1, 1, 0, 2, 1, 1)|-0.0033922815879457
(1, 0, 1, 0, 0, 1, 2, 0, 5, 0, 1, 0, 2, 1, 1)|0.0
(1, 0, 1, 0, 0, 1, 2, 0, 5, 1, 1, 0, 2, 1, 0)|0.989
(1, 0, 1, 0, 0, 1, 2, 0, 5, 1, 1, 1, 2, 1, 1)|0.0032617105730000004
(1, 0, 1, 0, 0, 1, 2, 0, 5, 0, 1, 1, 2, 1, 1)|0.0
(1, 0, 1, 0, 0, 1, 2, 0, 5, 1, 1, 1, 2, 1, 0)|0.084437
(1, 0, 1, 0, 0, 1, 2, 0, 5, 1, 1, 1, 2, 2, 1)|-0.0015409603
(1, 0, 1, 0, 0, 1, 2, 0, 5, 0, 1, 1, 2, 2, 1)|0.0
(1, 0, 1, 0, 0, 1, 2, 0, 5, 1, 1, 1, 2, 2, 0)|0.0
(1, 0, 1, 0, 0, 1, 2, 0, 5, 1, 1, 0, 2, 2, 1)|0.0
(1, 0, 1, 0, 0, 1, 2, 0, 5, 1, 1, 1, 3, 2, 1)|0.0
(1, 0, 1, 0, 0, 1, 2, 0, 5, 1, 1, 1, 3, 1, 1)|0.0
(1, 0, 1, 0, 0, 1, 2, 0, 5, 1, 1, 1, 3, 1, 0)|0.0
(0, 0, 0, 1, 0, 0, 2, 0, 5, 5, 0, 3, 3, 0, 0)|-0.021716416475536897
(0, 0, 0, 1, 0, 0, 2, 0, 5, 5, 0, 3, 3, 1, 0)|0.03031028694461878
(0, 0, 0, 1, 0, 0, 1, 0, 5, 5, 0, 3, 3, 0, 0)|-0.12365662016811305
(0, 0, 0, 1, 0, 0, 0, 0, 5, 5, 0, 3, 3, 0, 0)|0.0
(0, 1, 2, 0, 0, 0, 2, 0, 5, 5, 1, 2, 3, 0, 0)|-0.037080527490063415
(0, 1, 2, 0, 0, 0, 2, 0, 5, 5, 2, 1, 2, 0, 0)|-0.07750292180332588
(0, 1, 1, 0, 0, 0, 2, 0, 5, 5, 1, 2, 3, 0, 0)|-0.1654904280486174
(1, 0, 0, 0, 0, 0, 1, 0, 5, 5, 0, 3, 3, 0, 0)|0.5148269371436768
(1, 0, 1, 0, 1, 0, 1, 0, 5, 5, 1, 0, 1, 0, 0)|-0.009028386807924697
(1, 0, 1, 0, 1, 0, 1, 0, 5, 5, 1, 0, 2, 0, 0)|-0.02153278765280596
(1, 0, 1, 0, 1, 0, 1, 0, 5, 5, 1, 1, 2, 0, 0)|-0.019376802655687295
(1, 0, 1, 0, 1, 0, 1, 0, 5, 5, 1, 1, 3, 0, 0)|-0.006800495309648637
(1, 0, 1, 0, 1, 0, 1, 0, 5, 5, 1, 0, 3, 0, 0)|-0.015514087220676308
(1, 0, 1, 0, 1, 0, 1, 0, 5, 5, 1, 1, 1, 0, 0)|-0.021338111138826173
(1, 0, 1, 0, 1, 0, 1, 0, 5, 5, 1, 1, 0, 0, 0)|-0.004570891118895432
(2, 0, 1, 0, 1, 0, 1, 0, 5, 5, 0, 0, 3, 0, 0)|-0.013125442705269264
(2, 0, 1, 0, 1, 0, 1, 0, 5, 5, 1, 0, 0, 0, 0)|0.024162090093382292
(2, 0, 1, 0, 1, 0, 1, 0, 5, 5, 0, 1, 3, 0, 0)|-0.013144916705972532
(2, 0, 1, 0, 1, 0, 1, 0, 5, 5, 1, 0, 1, 0, 0)|0.028160984107739095
(2, 1, 1, 0, 1, 0, 1, 0, 5, 5, 1, 0, 2, 0, 0)|-0.004058724887173904
(2, 1, 1, 0, 1, 0, 1, 0, 5, 5, 1, 0, 1, 0, 0)|-0.00907644857518487
(2, 1, 1, 0, 1, 0, 1, 0, 5, 5, 1, 1, 2, 0, 0)|-0.004218012201727312
(2, 1, 1, 0, 1, 0, 1, 0, 5, 5, 1, 1, 3, 0, 0)|0.0
(2, 0, 1, 0, 1, 0, 2, 0, 5, 5, 1, 1, 3, 0, 0)|0.004534387245136678
(2, 0, 1, 0, 1, 0, 2, 0, 5, 5, 1, 0, 3, 0, 0)|0.09222544607336337
(2, 0, 1, 0, 1, 0, 1, 0, 5, 5, 1, 0, 3, 1, 0)|0.077787213379759
(2, 0, 1, 0, 1, 0, 1, 0, 5, 5, 1, 0, 2, 1, 0)|0.0
(2, 0, 1, 0, 1, 0, 1, 0, 5, 5, 1, 1, 3, 1, 0)|0.0
(2, 0, 0, 0, 1, 0, 1, 0, 5, 5, 0, 3, 3, 0, 0)|0.12672868943914894
(0, 0, 0, 0, 1, 1, 1, 0, 5, 5, 0, 3, 3, 0, 0)|0.0
(0, 0, 0, 1, 1, 0, 1, 0, 5, 5, 0, 3, 3, 0, 0)|-0.06054087836824458
(0, 0, 0, 0, 2, 0, 1, 0, 5, 5, 0, 3, 3, 0, 0)|0.0
(0, 0, 0, 1, 1, 0, 0, 0, 5, 5, 0, 3, 3, 0, 0)|0.0
(1, 1, 1, 0, 0, 0, 1, 0, 5, 5, 1, 0, 0, 1, 0)|-0.003934799388659857
(2, 1, 1, 0, 0, 0, 1, 0, 5, 5, 0, 0, 3, 1, 0)|-0.008315510199654126
(1, 0, 1, 0, 0, 0, 2, 0, 5, 5, 1, 0, 0, 2, 0)|-0.003436818692199725
(1, 0, 1, 0, 0, 0, 2, 0, 5, 5, 1, 0, 1, 2, 0)|0.0
(2, 0, 1, 0, 0, 0, 2, 0, 5, 5, 0, 0, 3, 2, 0)|0.0
(2, 0, 1, 0, 0, 0, 2, 0, 5, 5, 1, 0, 0, 1, 0)|-0.017766259121435788
(0, 0, 1, 0, 0, 1, 2, 0, 5, 5, 0, 1, 3, 1, 1)|0.0
(0, 0, 1, 1, 0, 0, 2, 0, 5, 5, 0, 1, 3, 1, 1)|0.0
(0, 0, 1, 0, 1, 0, 2, 0, 5, 5, 0, 1, 3, 1, 1)|-0.003871499893961106
(0, 0, 1, 0, 1, 0, 2, 0, 5, 5, 0, 1, 3, 1, 0)|-0.022174882106886767
(0, 0, 1, 0, 1, 0, 2, 0, 5, 3, 0, 1, 3, 1, 1)|0.0
(0, 0, 1, 0, 1, 0, 2, 0, 5, 5, 0, 0, 3, 1, 1)|-0.0021167215932784036
(0, 0, 1, 0, 1, 0, 2, 0, 5, 5, 0, 0, 3, 1, 0)|-0.005705336722930938
(0, 0, 1, 0, 1, 0, 2, 0, 5, 3, 0, 0, 3, 1, 1)|-0.0024080177030933736
(0, 0, 1, 0, 1, 0, 2, 0, 5, 3, 0, 0, 3, 0, 1)|-0.005644641145481928
(0, 0, 1, 0, 1, 0, 2, 0, 5, 2, 0, 0, 3, 0, 1)|-0.002410501825005698
(0, 0, 1, 0, 1, 0, 1, 0, 5, 3, 0, 0, 3, 0, 1)|-0.003332936262349
(0, 0, 1, 0, 1, 0, 2, 0, 5, 3, 0, 1, 3, 0, 1)|0.0
(0, 0, 1, 0, 1, 0, 2, 0, 5, 3, 1, 0, 0, 0, 1)|0.0
(0, 0, 1, 0, 1, 0, 2, 0, 5, 2, 1, 0, 0, 2, 1)|-0.005672242500063314
(0, 0, 1, 0, 1, 0, 2, 0, 5, 0, 1, 0, 0, 2, 0)|0.0
(0, 0, 1, 0, 1, 0, 2, 0, 5, 0, 1, 0, 0, 2, 1)|0.0
(0, 0, 1, 0, 1, 0, 2, 0, 5, 2, 1, 0, 1, 2, 1)|0.0
(1, 0, 1, 0, 1, 0, 2, 0, 5, 2, 0, 0, 3, 2, 1)|0.0
(0, 0, 1, 0, 1, 0, 2, 0, 5, 2, 1, 0, 0, 1, 1)|-0.004188324040307132
(0, 0, 1, 0, 1, 0, 2, 0, 5, 2, 1, 0, 0, 1, 0)|0.0
(0, 0, 1, 0, 1, 0, 1, 0, 5, 2, 1, 0, 0, 0, 1)|0.0
(0, 0, 1, 0, 1, 0, 2, 0, 5, 0, 1, 0, 0, 1, 1)|0.0
(0, 0, 1, 0, 1, 0, 2, 0, 5, 2, 1, 0, 1, 1, 1)|0.0
(1, 0, 1, 0, 1, 0, 2, 0, 5, 2, 0, 0, 3, 1, 1)|0.0
(0, 0, 1, 0, 1, 0, 1, 0, 5, 2, 1, 0, 0, 1, 1)|-0.0033194966509000005
(1, 0, 1, 0, 1, 0, 1, 0, 5, 2, 0, 0, 3, 0, 1)|0.004078601000000001
(1, 0, 1, 0, 1, 0, 1, 0, 5, 0, 0, 0, 3, 0, 1)|0.7102734433881794
(1, 0, 1, 0, 1, 0, 1, 0, 5, 2, 0, 1, 3, 0, 1)|0.0
(1, 0, 1, 0, 1, 0, 1, 0, 5, 2, 1, 0, 0, 0, 1)|0.0
(1, 0, 1, 0, 1, 0, 1, 0, 5, 0, 0, 0, 3, 1, 1)|0.8343892478851281
(1, 0, 1, 0, 1, 0, 0, 0, 5, 0, 0, 0, 3, 0, 1)|0.0
(1, 0, 1, 0, 1, 0, 1, 0, 5, 0, 0, 1, 3, 1, 1)|0.0
(1, 0, 1, 0, 1, 0, 1, 0, 5, 0, 1, 0, 0, 1, 1)|0.0
(0, 1, 1, 0, 0, 1, 1, 0, 5, 5, 0, 0, 3, 0, 0)|-0.014307714591983529
(0, 1, 1, 0, 1, 0, 1, 0, 5, 5, 0, 0, 3, 0, 0)|-0.016756920129825107
(0, 1, 1, 0, 1, 0, 1, 0, 5, 5, 1, 0, 0, 0, 0)|-0.009210042288388119
(0, 0, 1, 0, 1, 0, 1, 0, 5, 5, 0, 0, 3, 0, 0)|0.0568717414720272
(0, 0, 1, 0, 1, 0, 1, 0, 5, 5, 0, 1, 3, 0, 0)|-0.04367455391711973
(0, 0, 1, 0, 1, 0, 0, 0, 5, 5, 0, 1, 3, 0, 0)|0.0
(0, 0, 1, 0, 1, 0, 1, 0, 5, 5, 0, 2, 3, 0, 0)|-0.03781267561538136
(0, 0, 1, 0, 1, 0, 0, 0, 5, 5, 0, 2, 3, 0, 0)|0.0
(3, 0, 2, 0, 0, 0, 2, 0, 5, 5, 1, 1, 0, 0, 0)|-0.012674634885759007
(4, 0, 2, 0, 0, 0, 2, 0, 5, 5, 0, 1, 3, 0, 0)|-0.03953039734458125
(5, 0, 2, 0, 0, 0, 2, 0, 5, 5, 1, 1, 2, 0, 0)|-0.011702811865301347
(4, 0, 2, 0, 0, 0, 2, 0, 5, 5, 2, 1, 0, 0, 0)|-0.023354071811075686
(4, 0, 2, 0, 0, 0, 2, 0, 5, 5, 2, 1, 0, 1, 0)|-0.007624725616021207
(4, 0, 2, 0, 0, 0, 2, 0, 5, 5, 2, 1, 1, 1, 0)|0.0
(5, 0, 2, 0, 0, 0, 2, 0, 5, 5, 1, 1, 2, 1, 0)|0.0
(4, 0, 2, 0, 0, 0, 2, 0, 5, 5, 2, 1, 1, 0, 0)|-0.023222298245317272
(4, 0, 2, 0, 0, 0, 2, 0, 5, 5, 2, 2, 1, 0, 0)|-0.023539476528674344
(5, 0, 2, 0, 0, 0, 2, 0, 5, 5, 1, 1, 0, 0, 0)|-0.011753318359167481
(5, 0, 2, 0, 0, 0, 2, 0, 5, 5, 2, 0, 0, 0, 0)|-0.006373636266860857
(5, 0, 2, 0, 0, 0, 2, 0, 5, 5, 2, 0, 1, 2, 0)|-0.0022825711892239574
(5, 0, 2, 0, 0, 0, 2, 0, 5, 5, 2, 0, 0, 2, 0)|0.0
(5, 0, 2, 0, 0, 0, 2, 0, 5, 5, 2, 0, 1, 0, 0)|-0.004250790991377302
(5, 0, 2, 0, 0, 0, 2, 0, 5, 5, 2, 1, 0, 0, 0)|-0.010674909327402607
(6, 0, 2, 0, 0, 0, 2, 0, 5, 5, 1, 1, 1, 0, 0)|-0.016943972622116582
(5, 0, 2, 0, 0, 0, 2, 0, 5, 5, 2, 1, 1, 0, 0)|-0.008289659092786021
(5, 0, 2, 0, 0, 0, 2, 0, 5, 5, 2, 2, 1, 0, 0)|-0.00950837562886854
(6, 0, 2, 0, 0, 0, 2, 0, 5, 5, 1, 1, 1, 1, 0)|-0.0034249575359904926
(6, 0, 2, 0, 0, 0, 2, 0, 5, 5, 1, 0, 1, 1, 0)|0.0
(6, 0, 2, 0, 0, 0, 2, 0, 5, 5, 1, 2, 1, 0, 0)|-0.00692512412396287
(6, 0, 2, 0, 0, 0, 2, 0, 5, 5, 1, 1, 0, 0, 0)|-0.011096015568465973
(7, 0, 2, 0, 0, 0, 2, 0, 5, 5, 0, 1, 3, 0, 0)|-0.007160882230443045
(7, 0, 2, 0, 0, 0, 2, 0, 5, 5, 0, 0, 3, 0, 0)|-0.002699042957780974
(7, 0, 2, 0, 0, 0, 2, 0, 5, 5, 0, 2, 3, 0, 0)|-0.007771662711427759
(7, 0, 2, 0, 0, 0, 2, 0, 5, 5, 0, 1, 3, 1, 0)|-0.002573922916793166
(7, 0, 2, 0, 0, 0, 2, 0, 5, 5, 0, 0, 3, 1, 0)|0.0
(7, 0, 2, 0, 0, 0, 2, 0, 5, 5, 0, 2, 3, 1, 0)|0.0
(7, 0, 2, 0, 0, 0, 2, 0, 5, 5, 0, 0, 3, 2, 0)|-0.008878255086455263
(7, 0, 2, 0, 0, 0, 2, 0, 5, 5, 0, 1, 3, 2, 0)|-0.006210009956731736
(7, 0, 2, 0, 0, 0, 2, 0, 5, 5, 1, 0, 2, 2, 0)|0.0
(7, 0, 1, 0, 0, 0, 2, 0, 5, 5, 0, 2, 3, 1, 0)|-0.0022622927126990464
(7, 0, 1, 0, 0, 0, 1, 0, 5, 5, 0, 2, 3, 0, 0)|0.0
(7, 0, 1, 0, 0, 0, 2, 0, 5, 5, 0, 1, 3, 1, 0)|0.0
(6, 0, 2, 0, 0, 0, 2, 0, 5, 5, 0, 1, 3, 1, 0)|0.0
(5, 0, 1, 0, 0, 1, 2, 0, 5, 5, 0, 2, 3, 1, 0)|0.0
(5, 0, 1, 1, 0, 0, 2, 0, 5, 5, 0, 2, 3, 1, 0)|0.0
(5, 0, 1, 0, 1, 0, 2, 0, 5, 5, 0, 2, 3, 1, 0)|-0.004025474585544959
(5, 0, 1, 0, 1, 0, 1, 0, 5, 5, 0, 2, 3, 0, 0)|-0.0038448326099321936
(5, 0, 1, 0, 1, 0, 2, 0, 5, 5, 0, 1, 3, 1, 0)|0.0
(5, 0, 1, 0, 1, 0, 1, 0, 5, 5, 0, 1, 3, 0, 0)|-0.0018174254762311254
(5, 0, 1, 0, 1, 0, 1, 0, 5, 5, 0, 1, 3, 1, 0)|0.0009174947085430498
(5, 0, 1, 0, 1, 0, 1, 0, 5, 3, 0, 1, 3, 1, 0)|0.07198254031383475
(5, 0, 1, 0, 1, 0, 1, 0, 5, 5, 0, 2, 3, 1, 0)|0.0
(5, 0, 1, 0, 1, 0, 1, 0, 5, 3, 0, 1, 3, 0, 0)|-0.03531507540183607
(5, 0, 1, 0, 1, 0, 1, 0, 5, 3, 0, 2, 3, 0, 0)|-0.03402439989262128
(5, 0, 1, 0, 1, 0, 1, 0, 5, 3, 0, 2, 3, 1, 0)|-0.0015933108699204136
(5, 0, 1, 0, 1, 0, 0, 0, 5, 3, 0, 1, 3, 0, 0)|0.0
(5, 0, 1, 0, 1, 0, 1, 0, 5, 3, 0, 0, 3, 1, 0)|1.0
(5, 0, 1, 0, 1, 0, 0, 0, 5, 3, 0, 0, 3, 0, 0)|0.0
(0, 1, 0, 0, 1, 0, 1, 0, 5, 5, 0, 3, 3, 0, 0)|-0.0061499134359035154
(2, 0, 1, 0, 0, 0, 2, 0, 5, 5, 1, 0, 1, 1, 0)|-0.004029037909870345
(2, 0, 1, 0, 0, 0, 1, 0, 5, 5, 1, 0, 0, 0, 0)|0.004963570180305172
(3, 0, 1, 0, 0, 0, 2, 0, 5, 5, 0, 1, 3, 1, 0)|-0.004069712757599327
(2, 0, 1, 0, 0, 0, 2, 0, 5, 5, 1, 1, 0, 1, 0)|-0.006110284850498152
(3, 0, 1, 0, 0, 0, 2, 0, 5, 5, 0, 0, 3, 1, 0)|0.0
(1, 0, 1, 0, 0, 1, 2, 0, 5, 5, 0, 1, 3, 1, 0)|0.0
(1, 0, 1, 0, 1, 0, 2, 0, 5, 5, 0, 1, 3, 1, 0)|-0.006614664213152219
(1, 0, 1, 0, 1, 0, 2, 0, 5, 5, 1, 0, 1, 1, 0)|-0.002261422839464456
(1, 0, 1, 0, 1, 0, 2, 0, 5, 5, 1, 0, 0, 1, 0)|-0.01084636003947387
(2, 0, 1, 0, 1, 0, 2, 0, 5, 5, 0, 1, 3, 1, 0)|0.0
(1, 0, 1, 0, 1, 0, 2, 0, 5, 5, 1, 1, 0, 1, 0)|-0.0037363560873495626
(2, 0, 1, 0, 1, 0, 2, 0, 5, 5, 1, 0, 1, 1, 0)|-0.0035561781311293198
(2, 0, 1, 0, 1, 0, 2, 0, 5, 5, 1, 0, 0, 1, 0)|-0.007874130421344792
(2, 1, 1, 0, 1, 0, 1, 0, 5, 5, 1, 0, 0, 0, 0)|0.002618188587623164
(3, 1, 1, 0, 1, 0, 1, 0, 5, 5, 0, 1, 3, 0, 0)|0.0
(2, 1, 1, 0, 1, 0, 1, 0, 5, 5, 1, 1, 0, 0, 0)|-0.0022901677046711054
(3, 0, 1, 0, 1, 0, 2, 0, 5, 5, 0, 1, 3, 0, 0)|-0.020365787376156068
(3, 1, 1, 0, 1, 0, 2, 0, 5, 5, 0, 0, 3, 0, 0)|-0.021414341344728388
(3, 1, 1, 0, 1, 0, 2, 0, 5, 5, 1, 0, 1, 0, 0)|-0.005802323247953452
(3, 1, 1, 0, 1, 0, 2, 0, 5, 5, 0, 1, 3, 0, 0)|-0.017026026941398372
(3, 1, 1, 0, 1, 0, 2, 0, 5, 5, 1, 0, 0, 0, 0)|-0.00419809835678277
(4, 1, 1, 0, 1, 0, 2, 0, 5, 5, 0, 1, 3, 0, 0)|-0.013560953816245787
(3, 1, 1, 0, 1, 0, 2, 0, 5, 5, 1, 1, 0, 0, 0)|-0.005782248673207288
(4, 1, 1, 0, 1, 0, 2, 0, 5, 5, 0, 1, 3, 1, 0)|-0.003970518690919146
(4, 1, 1, 0, 1, 0, 2, 0, 5, 5, 0, 0, 3, 1, 0)|-0.00322804366912622
(4, 1, 1, 0, 1, 0, 2, 0, 5, 5, 0, 0, 3, 0, 0)|-0.014756040768069113
(4, 2, 1, 0, 1, 0, 2, 0, 5, 5, 0, 0, 3, 0, 0)|-0.013486845141313089
(4, 2, 1, 0, 1, 0, 2, 0, 5, 5, 0, 1, 3, 0, 0)|-0.008351201346084951
(4, 2, 1, 0, 1, 0, 2, 0, 5, 5, 1, 0, 1, 0, 0)|-0.002257521160873047
(4, 2, 1, 0, 1, 0, 2, 0, 5, 5, 1, 0, 0, 0, 0)|-0.003972457343033848
(4, 2, 1, 0, 1, 0, 2, 0, 5, 5, 1, 0, 0, 1, 0)|-0.0040215314319021036
(4, 2, 1, 0, 1, 0, 2, 0, 5, 5, 1, 0, 1, 1, 0)|0.0
(5, 2, 1, 0, 1, 0, 2, 0, 5, 5, 0, 1, 3, 1, 0)|-0.0024169429578407677
(5, 2, 1, 0, 1, 0, 2, 0, 5, 5, 0, 1, 3, 0, 0)|0.0
(4, 2, 1, 0, 1, 0, 2, 0, 5, 5, 1, 1, 0, 0, 0)|-0.002117524866205669
(5, 2, 1, 0, 1, 0, 1, 0, 5, 5, 0, 1, 3, 1, 0)|0.0
(5, 2, 1, 0, 1, 0, 2, 0, 5, 5, 0, 0, 3, 1, 0)|-0.005743810642675198
(5, 2, 1, 0, 1, 0, 1, 0, 5, 5, 0, 0, 3, 1, 0)|0.0
(5, 2, 1, 0, 1, 0, 2, 0, 5, 5, 0, 0, 3, 0, 0)|-0.005924086397385895
(5, 2, 1, 0, 1, 0, 2, 0, 5, 5, 1, 0, 1, 0, 0)|-0.004043032091902172
(5, 2, 1, 0, 1, 0, 2, 0, 5, 5, 1, 0, 1, 1, 0)|-0.0022638728882711954
(5, 2, 1, 0, 1, 0, 1, 0, 5, 5, 1, 0, 1, 0, 0)|0.0
(5, 2, 1, 0, 1, 0, 2, 0, 5, 5, 1, 0, 0, 1, 0)|-0.004029029779295837
(5, 2, 1, 0, 1, 0, 2, 0, 5, 5, 1, 0, 0, 0, 0)|-0.004041886553335259
(5, 2, 1, 0, 1, 0, 1, 0, 5, 5, 1, 0, 0, 0, 0)|0.0
(6, 2, 1, 0, 1, 0, 2, 0, 5, 5, 0, 1, 3, 1, 0)|-0.00405833325402748
(5, 2, 1, 0, 1, 0, 2, 0, 5, 5, 1, 1, 0, 1, 0)|-0.0038847337743640464
(5, 2, 1, 0, 1, 0, 1, 0, 5, 5, 1, 1, 0, 0, 0)|0.0
(6, 2, 1, 0, 1, 0, 2, 0, 5, 5, 0, 1, 3, 0, 0)|-0.0022652499928624732
(6, 2, 1, 0, 1, 0, 1, 0, 5, 5, 0, 1, 3, 0, 0)|-0.004213616767985188
(6, 2, 1, 0, 1, 0, 2, 0, 5, 5, 0, 0, 3, 0, 0)|0.0
(6, 2, 1, 0, 1, 0, 1, 0, 5, 5, 0, 1, 3, 1, 0)|0.0
(6, 2, 1, 0, 1, 0, 2, 0, 5, 5, 0, 0, 3, 1, 0)|0.0
(6, 2, 1, 0, 1, 0, 0, 0, 5, 5, 0, 1, 3, 0, 0)|0.0
(6, 0, 1, 0, 1, 0, 1, 1, 5, 5, 0, 1, 3, 0, 0)|-0.005956417149104246
(6, 0, 1, 0, 1, 0, 1, 1, 5, 5, 0, 0, 3, 0, 0)|-0.0059450164847605685
(6, 0, 1, 0, 1, 0, 1, 1, 5, 5, 1, 0, 1, 0, 0)|-0.00581577044021095
(6, 0, 1, 0, 1, 0, 0, 1, 5, 5, 1, 0, 1, 0, 0)|-0.00435054529822296
(6, 0, 1, 0, 1, 0, 1, 1, 5, 5, 1, 0, 0, 0, 0)|0.0
(6, 0, 1, 0, 1, 0, 0, 1, 5, 5, 1, 0, 0, 0, 0)|-0.007493213223602243
(7, 0, 1, 0, 1, 0, 0, 1, 5, 5, 0, 1, 3, 0, 0)|-0.0030333467353192514
(6, 0, 1, 0, 1, 0, 0, 1, 5, 5, 1, 1, 0, 0, 0)|-0.003953171194116946
(7, 0, 1, 0, 1, 0, 0, 1, 5, 5, 0, 0, 3, 0, 0)|-0.012592741503547238
(7, 0, 1, 0, 1, 0, 0, 1, 5, 5, 1, 0, 1, 0, 0)|-0.00577372965586949
(7, 0, 1, 0, 1, 0, 0, 1, 5, 5, 1, 0, 0, 0, 0)|-0.0038739410476197416
(8, 0, 1, 0, 1, 0, 0, 1, 5, 5, 0, 1, 3, 0, 0)|-0.0027124389100563204
(7, 0, 1, 0, 1, 0, 0, 1, 5, 5, 1, 1, 0, 0, 0)|-0.002144119501905069
(8, 0, 1, 0, 1, 0, 0, 1, 5, 5, 0, 0, 3, 0, 0)|-0.00902709900062578
(8, 0, 1, 0, 1, 0, 0, 1, 5, 3, 0, 0, 3, 0, 0)|-0.0022626117101715677
(8, 0, 1, 0, 1, 0, 0, 1, 5, 5, 1, 0, 1, 0, 0)|0.0
(8, 0, 1, 0, 1, 0, 0, 1, 5, 3, 1, 0, 1, 0, 0)|-0.004029019001906309
(8, 0, 1, 0, 1, 0, 0, 1, 5, 3, 1, 0, 1, 0, 1)|-0.003884612816007958
(8, 0, 1, 0, 1, 0, 0, 1, 5, 3, 1, 0, 0, 0, 0)|0.0
(8, 0, 1, 0, 1, 0, 0, 1, 5, 2, 1, 0, 1, 0, 0)|0.0
(8, 0, 1, 0, 1, 0, 0, 1, 5, 2, 1, 0, 1, 0, 1)|0.0
(8, 0, 1, 0, 1, 0, 0, 1, 5, 3, 1, 0, 0, 0, 1)|-0.002263892435555084
(8, 0, 1, 0, 1, 0, 0, 1, 5, 2, 1, 0, 0, 0, 0)|0.0
(8, 0, 1, 0, 1, 0, 0, 1, 5, 2, 1, 0, 0, 0, 1)|0.0
(8, 0, 1, 0, 1, 0, 0, 1, 5, 3, 1, 0, 0, 1, 1)|-0.00404324928394538
(8, 0, 1, 0, 1, 0, 0, 1, 5, 3, 1, 0, 0, 1, 0)|0.0
(8, 0, 1, 0, 1, 0, 0, 1, 5, 2, 1, 0, 0, 1, 0)|0.0
(8, 0, 1, 0, 1, 0, 0, 1, 5, 2, 1, 0, 0, 1, 1)|-0.004191784974215464
(8, 0, 1, 0, 1, 0, 0, 0, 5, 3, 1, 0, 0, 0, 1)|0.0
(8, 0, 1, 0, 1, 0, 0, 1, 5, 3, 1, 0, 1, 1, 1)|-0.004044324174471152
(9, 0, 1, 0, 1, 0, 0, 1, 5, 3, 0, 1, 3, 1, 1)|0.0
(8, 0, 1, 0, 1, 0, 0, 1, 5, 3, 1, 0, 1, 1, 0)|0.0
(8, 0, 1, 0, 1, 0, 0, 1, 5, 2, 1, 0, 1, 1, 0)|0.0
(8, 0, 1, 0, 1, 0, 0, 1, 5, 2, 1, 0, 1, 1, 1)|-0.004056388041202598
(8, 0, 1, 0, 1, 0, 0, 0, 5, 2, 1, 0, 1, 0, 1)|0.0
(8, 0, 1, 0, 1, 0, 0, 1, 5, 0, 1, 0, 1, 1, 1)|0.0
(8, 0, 1, 0, 1, 0, 0, 0, 5, 2, 1, 0, 0, 0, 1)|0.0
(8, 0, 1, 0, 1, 0, 0, 1, 5, 0, 1, 0, 0, 1, 1)|0.0
(9, 0, 1, 0, 1, 0, 0, 1, 5, 2, 0, 1, 3, 1, 1)|-0.0031672302751
(8, 0, 1, 0, 1, 0, 0, 1, 5, 2, 1, 1, 0, 1, 1)|-0.005711391405336296
(8, 0, 1, 0, 1, 0, 0, 0, 5, 2, 1, 1, 0, 0, 1)|0.0
(9, 0, 1, 0, 1, 0, 0, 1, 5, 2, 0, 1, 3, 1, 0)|1.0
(9, 0, 1, 0, 1, 0, 0, 1, 5, 2, 0, 0, 3, 1, 1)|0.005787539000000002
(9, 0, 1, 0, 1, 0, 0, 1, 5, 2, 0, 0, 3, 1, 0)|0.08541710000000001
(9, 0, 1, 0, 1, 0, 0, 0, 5, 2, 0, 0, 3, 0, 0)|0.0
(9, 0, 1, 0, 1, 0, 0, 0, 5, 2, 0, 0, 3, 0, 1)|0.0
(9, 0, 1, 0, 1, 0, 0, 1, 5, 2, 1, 0, 1, 1, 0)|0.0
(9, 0, 1, 0, 1, 0, 0, 0, 5, 2, 0, 1, 3, 0, 0)|0.0
(9, 0, 1, 0, 1, 0, 0, 0, 5, 2, 0, 1, 3, 0, 1)|0.0
(0, 0, 1, 0, 0, 1, 2, 0, 5, 5, 1, 1, 0, 0, 0)|-0.035711116986284
(0, 0, 1, 0, 0, 1, 2, 0, 5, 4, 1, 1, 1, 0, 0)|0.0
(0, 0, 0, 0, 0, 1, 2, 0, 5, 5, 0, 3, 3, 1, 0)|-0.01814870065071309
(0, 0, 0, 0, 0, 1, 2, 0, 5, 4, 0, 3, 3, 1, 0)|-0.002263960549386372
(0, 0, 0, 0, 0, 1, 2, 0, 5, 4, 0, 3, 3, 0, 0)|-0.0040440061042930206
(0, 0, 0, 0, 0, 1, 2, 0, 5, 3, 0, 3, 3, 0, 0)|-0.004052818230000228
(0, 0, 0, 0, 0, 1, 2, 0, 5, 4, 0, 3, 3, 0, 1)|-0.98209
(0, 0, 0, 0, 0, 1, 2, 0, 5, 3, 0, 3, 3, 0, 1)|-0.0041517197530889696
(0, 0, 0, 0, 0, 1, 1, 0, 5, 4, 0, 3, 3, 0, 0)|0.9460890548900001
(0, 0, 0, 0, 0, 1, 2, 0, 5, 2, 0, 3, 3, 0, 1)|-0.005261725623894159
(0, 0, 0, 0, 0, 1, 1, 0, 5, 3, 0, 3, 3, 0, 1)|-1.0
(0, 0, 0, 0, 0, 1, 1, 0, 5, 3, 0, 3, 3, 0, 0)|0.0
(0, 0, 0, 0, 0, 1, 2, 0, 5, 2, 0, 3, 3, 0, 0)|0.0
(0, 0, 0, 0, 0, 1, 1, 0, 5, 2, 0, 3, 3, 0, 0)|0.0
(0, 0, 0, 0, 0, 1, 2, 0, 5, 1, 0, 3, 3, 0, 1)|0.0019305010385090035
(0, 0, 0, 0, 0, 1, 1, 0, 5, 2, 0, 3, 3, 0, 1)|0.0
(0, 0, 0, 0, 0, 1, 2, 0, 5, 0, 0, 3, 3, 0, 1)|0.0
(0, 0, 0, 0, 0, 1, 2, 0, 5, 1, 0, 3, 3, 0, 0)|0.08346670100000002
(0, 0, 0, 0, 0, 1, 1, 0, 5, 1, 0, 3, 3, 0, 1)|0.0
(0, 0, 0, 0, 0, 1, 1, 0, 5, 1, 0, 3, 3, 0, 0)|0.97811
(0, 0, 0, 0, 0, 1, 1, 0, 5, 0, 0, 3, 3, 0, 1)|0.0
(0, 0, 1, 0, 0, 0, 2, 0, 5, 5, 1, 1, 0, 1, 0)|-0.0360805144936946
(0, 1, 1, 0, 0, 0, 2, 0, 5, 5, 1, 1, 0, 1, 0)|-0.0076701813496030495
(1, 1, 1, 0, 0, 0, 2, 0, 5, 5, 0, 1, 3, 1, 0)|-0.005987388177804792
(1, 1, 1, 0, 0, 0, 2, 0, 5, 5, 0, 1, 3, 2, 0)|-0.01099557726337515
(1, 1, 1, 0, 0, 0, 2, 0, 5, 5, 0, 0, 3, 0, 0)|-0.021482019889010828
(1, 1, 1, 0, 0, 0, 2, 0, 5, 5, 0, 0, 3, 1, 0)|-0.011158708957617097
(1, 1, 1, 0, 0, 0, 2, 0, 5, 5, 1, 0, 1, 2, 0)|-0.0036925455533225477
(1, 1, 1, 0, 0, 0, 2, 0, 5, 5, 1, 1, 0, 2, 0)|0.0
(1, 1, 1, 0, 0, 0, 2, 0, 5, 5, 1, 1, 1, 2, 0)|0.0
(1, 1, 1, 0, 0, 0, 2, 0, 5, 5, 1, 0, 2, 2, 0)|0.0
(0, 1, 2, 0, 0, 0, 2, 0, 5, 5, 1, 1, 0, 2, 0)|0.0
(0, 1, 2, 0, 0, 0, 2, 0, 5, 5, 1, 1, 1, 2, 0)|0.0
(0, 1, 2, 0, 0, 0, 2, 0, 5, 5, 1, 1, 2, 2, 0)|0.08061363479069902
(0, 1, 2, 0, 0, 0, 1, 0, 5, 5, 1, 1, 2, 1, 0)|0.9460890548900001
(0, 1, 1, 0, 0, 1, 1, 0, 5, 5, 1, 0, 0, 0, 0)|-0.01657048238746334
(1, 0, 1, 0, 0, 1, 2, 0, 5, 5, 0, 1, 3, 0, 0)|-0.031799581710616844
(1, 0, 1, 0, 0, 1, 2, 0, 5, 5, 1, 0, 1, 0, 0)|-0.019460262257510935
(1, 0, 1, 0, 0, 1, 1, 0, 5, 5, 1, 0, 0, 0, 0)|-0.007383717160589274
(1, 0, 1, 0, 0, 1, 1, 0, 5, 5, 1, 0, 1, 0, 0)|-0.00894598509134334
(1, 0, 1, 0, 0, 1, 2, 0, 5, 5, 1, 1, 0, 0, 0)|-0.01547345070330191
(1, 0, 1, 0, 0, 1, 2, 0, 5, 5, 1, 1, 1, 0, 0)|-0.01324632404293483
(1, 0, 1, 0, 0, 1, 1, 0, 5, 5, 1, 1, 0, 0, 0)|-0.00749983677166667
(1, 0, 1, 0, 0, 1, 1, 0, 5, 5, 1, 1, 1, 0, 0)|-0.0060935662917919456
(2, 0, 1, 0, 0, 1, 1, 0, 5, 5, 0, 0, 3, 0, 0)|-0.007824217866858276
(1, 0, 1, 0, 0, 1, 1, 0, 5, 5, 1, 1, 0, 0, 1)|-0.005366275064039711
(1, 0, 1, 0, 0, 1, 0, 0, 5, 5, 1, 1, 0, 0, 0)|0.0
(1, 0, 1, 0, 0, 1, 1, 0, 5, 5, 1, 1, 1, 0, 1)|0.0
(1, 0, 1, 0, 0, 1, 1, 0, 5, 5, 1, 0, 1, 0, 1)|0.0
(1, 0, 1, 0, 0, 1, 1, 0, 5, 5, 1, 0, 0, 0, 1)|0.0
(2, 0, 1, 0, 0, 1, 1, 0, 5, 5, 0, 0, 3, 0, 1)|0.97811
(1, 0, 1, 0, 0, 1, 1, 0, 5, 4, 1, 1, 0, 0, 1)|-0.0038846119651869096
(1, 0, 1, 0, 0, 1, 1, 0, 5, 4, 1, 1, 0, 0, 0)|0.0033754522221409603
(1, 0, 1, 0, 0, 1, 1, 0, 5, 4, 1, 1, 1, 0, 1)|-0.0072873870244019034
(1, 0, 1, 0, 0, 1, 1, 0, 5, 4, 1, 0, 1, 0, 1)|-0.0020964110177535055
(1, 0, 1, 0, 0, 1, 1, 0, 5, 4, 1, 0, 0, 0, 1)|-0.005234182904543005
(2, 0, 1, 0, 0, 1, 1, 0, 5, 4, 0, 0, 3, 0, 1)|-0.003884603225547483
(1, 0, 1, 0, 0, 1, 1, 0, 5, 3, 1, 1, 0, 0, 1)|-0.0022638828864973005
(1, 0, 1, 0, 0, 1, 1, 0, 5, 3, 1, 1, 0, 0, 0)|0.0
(1, 0, 1, 0, 0, 1, 1, 0, 5, 3, 1, 1, 1, 0, 1)|-0.0040431431833033386
(1, 0, 1, 0, 0, 1, 1, 0, 5, 3, 1, 0, 1, 0, 1)|-0.004041787170600111
(1, 0, 1, 0, 0, 1, 1, 0, 5, 3, 1, 1, 2, 0, 1)|-0.00402791437261628
(1, 0, 1, 0, 0, 1, 1, 0, 5, 3, 1, 0, 2, 0, 1)|0.0
(1, 0, 1, 0, 0, 1, 1, 0, 5, 3, 1, 1, 1, 0, 0)|-0.004043133370407832
(1, 0, 1, 0, 0, 1, 1, 0, 5, 2, 1, 1, 1, 0, 1)|0.0
(1, 0, 1, 0, 0, 1, 1, 0, 5, 2, 1, 1, 1, 0, 0)|0.0
(1, 0, 1, 0, 0, 1, 1, 0, 5, 3, 1, 0, 1, 0, 0)|-0.00404302323690047
(1, 0, 1, 0, 0, 1, 1, 0, 5, 3, 1, 1, 2, 0, 0)|-0.0038722151808785656
(1, 0, 1, 0, 0, 1, 1, 0, 5, 3, 1, 0, 2, 0, 0)|0.0
(1, 0, 1, 0, 0, 1, 1, 0, 5, 2, 1, 0, 1, 0, 1)|0.0
(1, 0, 1, 0, 0, 1, 1, 0, 5, 2, 1, 0, 1, 0, 0)|0.0
(1, 0, 1, 0, 0, 1, 1, 0, 5, 2, 1, 1, 2, 0, 1)|-0.002124749504809939
(1, 0, 1, 0, 0, 1, 1, 0, 5, 2, 1, 0, 2, 0, 1)|0.0
(1, 0, 0, 0, 0, 1, 1, 0, 5, 2, 0, 3, 3, 0, 1)|-0.0024972167201104305
(1, 0, 0, 0, 0, 1, 1, 0, 5, 1, 0, 3, 3, 0, 1)|0.0
(1, 0, 0, 0, 0, 1, 0, 0, 5, 2, 0, 3, 3, 0, 1)|0.0
(1, 0, 0, 0, 0, 1, 1, 0, 5, 2, 0, 3, 3, 0, 0)|0.0
(0, 0, 1, 0, 0, 1, 1, 0, 5, 2, 0, 0, 3, 0, 1)|-0.006635741334560338
(0, 0, 1, 0, 0, 1, 1, 0, 5, 1, 0, 0, 3, 0, 1)|0.0
(0, 0, 1, 0, 0, 1, 0, 0, 5, 2, 0, 0, 3, 0, 1)|0.0
(0, 0, 1, 0, 0, 1, 1, 0, 5, 2, 0, 0, 3, 0, 0)|-0.011397582684486074
(0, 0, 1, 0, 0, 1, 1, 0, 5, 2, 1, 0, 0, 0, 1)|0.0
(0, 0, 1, 0, 0, 1, 1, 0, 5, 1, 0, 1, 3, 0, 1)|0.0
(0, 0, 1, 0, 0, 1, 1, 0, 5, 2, 0, 1, 3, 0, 0)|-0.0043468239290852285
(0, 0, 1, 0, 0, 1, 1, 0, 5, 2, 1, 0, 0, 0, 0)|-0.010684311033834874
(0, 0, 1, 0, 0, 1, 1, 0, 5, 2, 1, 0, 1, 0, 0)|-0.008078902876604756
(1, 0, 1, 0, 0, 1, 1, 0, 5, 2, 0, 0, 3, 0, 0)|0.0
(1, 1, 1, 0, 0, 1, 1, 0, 5, 2, 0, 0, 3, 0, 0)|-0.004043445547974856
(1, 1, 1, 0, 0, 1, 1, 0, 5, 2, 0, 1, 3, 0, 0)|-0.004046526913298041
(1, 1, 1, 0, 0, 1, 1, 0, 5, 2, 1, 0, 0, 0, 0)|0.0
(1, 0, 1, 0, 0, 1, 2, 0, 5, 2, 0, 1, 3, 0, 0)|-0.004081110138025151
(1, 0, 1, 0, 0, 1, 2, 0, 5, 1, 0, 1, 3, 0, 0)|-0.004046634112149065
(1, 0, 1, 0, 0, 1, 2, 0, 5, 2, 0, 0, 3, 0, 0)|-0.004469249585018525
(1, 0, 1, 0, 0, 1, 2, 0, 5, 1, 0, 0, 3, 0, 0)|-0.00882547233466357
(1, 0, 1, 0, 0, 1, 2, 0, 5, 0, 0, 0, 3, 0, 1)|0.0
(1, 0, 1, 0, 0, 1, 2, 0, 5, 1, 0, 0, 3, 0, 1)|-0.004482752723527109
(1, 0, 1, 0, 0, 1, 2, 0, 5, 1, 1, 0, 0, 0, 0)|-0.004043263854617592
(1, 0, 1, 0, 0, 1, 2, 0, 5, 0, 0, 1, 3, 0, 1)|0.0
(1, 0, 1, 0, 0, 1, 2, 0, 5, 1, 0, 1, 3, 0, 1)|-0.004082313267666266
(1, 0, 1, 0, 0, 1, 2, 0, 5, 1, 1, 0, 1, 0, 0)|0.0
(2, 0, 1, 0, 0, 1, 2, 0, 5, 1, 0, 0, 3, 0, 0)|0.0
(1, 0, 1, 0, 0, 1, 2, 0, 5, 1, 1, 0, 0, 0, 1)|-0.00404448770614581
(1, 0, 1, 0, 0, 1, 1, 0, 5, 1, 1, 0, 0, 0, 1)|0.0
(1, 0, 1, 0, 0, 1, 2, 0, 5, 1, 1, 0, 1, 0, 1)|0.021034028690482695
(2, 0, 1, 0, 0, 1, 2, 0, 5, 1, 0, 0, 3, 0, 1)|0.0
(1, 0, 1, 0, 0, 1, 1, 0, 5, 1, 1, 0, 1, 0, 1)|0.21535325172716221
(1, 0, 1, 0, 0, 1, 2, 0, 5, 1, 1, 1, 1, 0, 1)|-0.004212383990271784
(1, 0, 1, 0, 0, 1, 2, 0, 5, 1, 1, 1, 0, 0, 1)|0.0
(1, 0, 1, 0, 0, 1, 2, 0, 5, 1, 1, 1, 1, 0, 0)|-0.005942581260064908
(1, 0, 1, 0, 0, 1, 1, 0, 5, 1, 1, 1, 1, 0, 1)|0.763892019190691
(1, 0, 1, 0, 0, 1, 2, 0, 5, 1, 1, 1, 2, 0, 0)|-0.005788162999976275
(1, 0, 1, 0, 0, 1, 2, 0, 5, 1, 1, 1, 2, 0, 1)|-0.004037567708241501
(1, 0, 1, 0, 0, 1, 2, 0, 5, 0, 1, 1, 2, 0, 1)|0.0
(1, 0, 1, 0, 0, 1, 1, 0, 5, 1, 1, 1, 2, 0, 1)|0.0
(1, 0, 1, 0, 0, 1, 1, 0, 5, 1, 1, 1, 2, 0, 0)|-0.0039805578927216735
(1, 0, 1, 0, 0, 1, 1, 0, 5, 1, 1, 1, 1, 0, 0)|-0.00334071709003
(1, 0, 1, 0, 0, 1, 0, 0, 5, 1, 1, 1, 1, 0, 1)|0.0
(1, 0, 1, 0, 0, 1, 1, 0, 5, 1, 1, 0, 1, 0, 0)|0.0038404367000000007
(1, 0, 1, 0, 0, 1, 0, 0, 5, 1, 1, 0, 1, 0, 1)|0.0
(1, 0, 1, 0, 0, 1, 1, 0, 5, 1, 1, 0, 0, 0, 0)|0.0
(1, 0, 1, 0, 0, 1, 1, 0, 5, 0, 1, 1, 1, 0, 1)|0.0
(1, 0, 1, 0, 1, 0, 1, 0, 5, 3, 1, 0, 0, 0, 0)|-0.009717584468961097
(2, 0, 1, 0, 1, 0, 1, 0, 5, 3, 0, 0, 3, 0, 0)|-0.010984050151585219
(1, 0, 1, 0, 1, 0, 1, 0, 5, 3, 1, 0, 1, 0, 0)|-0.007518170252904103
(1, 0, 1, 0, 1, 0, 1, 0, 5, 3, 1, 1, 1, 0, 0)|-0.0042389597248442944
(1, 0, 1, 0, 1, 0, 1, 0, 5, 3, 1, 1, 0, 0, 0)|-0.006240849886019006
(2, 0, 1, 0, 1, 0, 1, 0, 5, 3, 1, 0, 0, 0, 0)|-0.006589937497255483
(2, 0, 1, 0, 1, 0, 1, 0, 5, 3, 0, 1, 3, 0, 0)|-0.006416660821565986
(2, 0, 1, 0, 1, 0, 0, 0, 5, 3, 1, 0, 0, 0, 0)|0.0
(3, 0, 1, 0, 1, 0, 1, 0, 5, 3, 0, 0, 3, 0, 0)|-0.012030570292530093
(2, 0, 1, 0, 1, 0, 1, 0, 5, 3, 1, 1, 0, 0, 0)|-0.007825992590214586
(3, 0, 1, 0, 1, 0, 1, 0, 5, 3, 1, 0, 0, 0, 0)|-0.004225962998491592
(3, 0, 1, 0, 1, 0, 1, 0, 5, 3, 0, 1, 3, 0, 0)|-0.006519360412696129
(4, 0, 1, 0, 1, 0, 1, 0, 5, 3, 0, 0, 3, 0, 0)|0.0
(3, 0, 1, 0, 1, 0, 1, 0, 5, 3, 1, 0, 1, 0, 0)|-0.006094983148053775
(3, 0, 1, 0, 1, 0, 1, 0, 5, 3, 1, 1, 1, 0, 0)|-0.007515899262589695
(3, 0, 1, 0, 1, 0, 1, 0, 5, 3, 1, 1, 2, 0, 0)|-0.004212954106250797
(3, 0, 1, 0, 1, 0, 1, 0, 5, 3, 1, 0, 2, 0, 0)|-0.005948979868134641
(3, 0, 1, 0, 1, 0, 1, 0, 5, 3, 1, 0, 3, 0, 0)|-0.005860702174773998
(3, 0, 0, 0, 1, 0, 1, 0, 5, 3, 0, 3, 3, 0, 0)|-0.004859923417950518
(1, 0, 0, 0, 1, 1, 1, 0, 5, 3, 0, 3, 3, 0, 0)|0.0
(1, 0, 0, 1, 1, 0, 1, 0, 5, 3, 0, 3, 3, 0, 0)|0.0
(1, 0, 0, 0, 2, 0, 1, 0, 5, 3, 0, 3, 3, 0, 0)|-0.01321013937093735
(1, 1, 0, 0, 2, 0, 1, 0, 5, 3, 0, 3, 3, 0, 0)|-0.013060103467042365
(1, 0, 0, 0, 2, 0, 2, 0, 5, 3, 0, 3, 3, 0, 0)|-0.04891194220027227
(1, 0, 0, 0, 2, 0, 2, 0, 5, 2, 0, 3, 3, 0, 0)|-0.0016738022517564382
(1, 0, 0, 0, 2, 0, 2, 0, 5, 0, 0, 3, 3, 0, 0)|0.06268620688356615
(1, 0, 0, 0, 2, 0, 1, 0, 5, 0, 0, 3, 3, 0, 0)|0.8272375127223197
(1, 0, 0, 0, 2, 0, 0, 0, 5, 0, 0, 3, 3, 0, 0)|0.0
(1, 1, 1, 0, 0, 0, 1, 0, 5, 5, 0, 3, 3, 0, 0)|-0.00503170651152481
(1, 0, 1, 0, 0, 0, 2, 0, 5, 5, 0, 3, 3, 0, 0)|-0.0467386333076037
(1, 1, 1, 0, 0, 0, 2, 0, 5, 5, 0, 2, 3, 0, 0)|-0.038905231399270955
(1, 1, 1, 0, 0, 0, 2, 0, 5, 5, 0, 3, 3, 0, 0)|-0.019474080607873194
(1, 1, 2, 0, 0, 0, 2, 0, 5, 5, 0, 0, 3, 1, 0)|-0.04349063330533041
(3, 1, 2, 0, 0, 0, 2, 0, 5, 5, 1, 0, 2, 1, 0)|-0.006190563376695482
(3, 1, 2, 0, 0, 0, 2, 0, 5, 5, 1, 1, 2, 1, 0)|-0.00859946475637952
(3, 1, 2, 0, 0, 0, 2, 0, 5, 5, 1, 2, 2, 0, 0)|0.0
(3, 1, 2, 0, 0, 0, 2, 0, 5, 5, 1, 2, 2, 1, 0)|-0.010641485521796801
(3, 1, 2, 0, 0, 0, 2, 0, 5, 5, 1, 1, 3, 1, 0)|-0.00977200634389065
(3, 1, 2, 0, 0, 0, 2, 0, 5, 5, 1, 2, 3, 1, 0)|-0.009972827052386597
(3, 1, 2, 0, 0, 0, 1, 0, 5, 5, 1, 1, 3, 0, 0)|0.0
(3, 1, 2, 0, 0, 0, 1, 0, 5, 5, 1, 2, 3, 0, 0)|0.0
(3, 1, 2, 0, 0, 0, 1, 0, 5, 5, 1, 2, 2, 0, 0)|-0.004067674225141206
(3, 1, 2, 0, 0, 0, 1, 0, 5, 5, 1, 1, 2, 0, 0)|-0.004318453705288504
(3, 0, 2, 0, 0, 0, 2, 0, 5, 5, 1, 2, 2, 0, 0)|-0.010594026108233949
(3, 0, 2, 0, 0, 0, 2, 0, 5, 5, 1, 1, 3, 0, 0)|-0.02756962317957947
(3, 0, 2, 0, 0, 0, 2, 0, 5, 5, 1, 2, 3, 0, 0)|-0.004626827726243645
(3, 0, 2, 0, 0, 0, 2, 0, 5, 5, 1, 1, 3, 1, 0)|-0.010598116411529388
(3, 0, 2, 0, 0, 0, 2, 0, 5, 5, 1, 0, 3, 1, 0)|-0.010553387227010602
(3, 1, 2, 0, 0, 0, 2, 0, 5, 5, 2, 0, 1, 1, 0)|-0.011673175628201582
(3, 1, 2, 0, 0, 0, 1, 0, 5, 5, 2, 0, 1, 0, 0)|-0.004676862016104145
(3, 1, 2, 0, 0, 0, 2, 0, 5, 5, 2, 0, 0, 1, 0)|-0.007532387284563856
(4, 1, 2, 0, 0, 0, 2, 0, 5, 5, 1, 0, 2, 0, 0)|-0.0043954190465479845
(4, 1, 2, 0, 0, 0, 2, 0, 5, 5, 2, 0, 0, 0, 0)|-0.005370880241343137
(4, 1, 2, 0, 0, 0, 2, 0, 5, 5, 1, 0, 1, 0, 0)|-0.011919076321348785
(4, 1, 2, 0, 0, 0, 2, 0, 5, 5, 2, 0, 1, 0, 0)|-0.0020547820632816653
(4, 1, 2, 0, 0, 0, 2, 0, 5, 5, 2, 0, 1, 1, 0)|-0.004053114145611188
(4, 1, 2, 0, 0, 0, 2, 0, 5, 5, 2, 0, 0, 1, 0)|-0.004155040915950474
(4, 1, 2, 0, 0, 0, 2, 0, 5, 5, 2, 1, 1, 1, 0)|0.0
(4, 1, 2, 0, 0, 0, 2, 0, 5, 5, 2, 1, 1, 0, 0)|0.08180668781
(4, 1, 2, 0, 0, 0, 2, 0, 5, 5, 2, 1, 2, 0, 0)|0.989
(4, 1, 2, 0, 0, 0, 2, 0, 5, 5, 2, 0, 2, 0, 0)|0.0
(1, 0, 2, 0, 0, 0, 1, 0, 5, 5, 1, 0, 0, 1, 0)|-0.011897020373289798
(1, 0, 2, 0, 0, 0, 1, 0, 5, 5, 1, 1, 0, 1, 0)|-0.013781758604582202
(1, 0, 2, 0, 0, 0, 1, 0, 5, 5, 1, 1, 1, 2, 0)|-0.003912149441032199
(1, 0, 2, 0, 0, 0, 1, 0, 5, 5, 1, 0, 1, 2, 0)|0.0
(1, 0, 2, 0, 0, 0, 1, 0, 5, 5, 1, 1, 2, 2, 0)|0.0
(1, 0, 2, 0, 0, 0, 1, 0, 5, 5, 1, 0, 2, 2, 0)|0.0
(1, 0, 1, 0, 0, 0, 1, 0, 5, 5, 1, 0, 2, 0, 0)|0.053160736893846816
(1, 0, 0, 0, 0, 0, 1, 0, 5, 5, 0, 3, 3, 1, 0)|0.127828355475221
(0, 0, 1, 0, 0, 0, 1, 0, 5, 5, 0, 1, 3, 2, 0)|-0.1357448892252758
(0, 0, 1, 0, 0, 0, 1, 0, 5, 5, 0, 0, 3, 2, 0)|-0.12671086443866586
(0, 0, 1, 0, 0, 0, 1, 0, 5, 5, 1, 0, 1, 1, 0)|-0.0182774009303314
(0, 0, 2, 0, 0, 0, 2, 0, 5, 5, 0, 2, 3, 1, 0)|-0.06931113857062562
(0, 0, 2, 0, 0, 0, 1, 0, 5, 5, 0, 2, 3, 0, 0)|-0.002630601848638882
(0, 0, 2, 0, 0, 0, 1, 0, 5, 5, 0, 2, 3, 1, 0)|-0.5416231418511492
(0, 0, 1, 0, 1, 0, 1, 0, 5, 3, 1, 1, 2, 0, 0)|0.0
(0, 0, 1, 0, 1, 0, 1, 0, 5, 3, 1, 2, 2, 0, 0)|0.0
(0, 0, 1, 0, 0, 0, 0, 0, 5, 5, 0, 2, 3, 0, 0)|0.0
(0, 0, 1, 0, 0, 1, 2, 0, 5, 5, 1, 0, 1, 0, 1)|-0.0054117388795165014
(0, 0, 1, 0, 0, 1, 2, 0, 5, 5, 1, 0, 0, 0, 1)|-0.00418472519821456
(0, 0, 1, 0, 0, 1, 2, 0, 5, 5, 1, 1, 0, 0, 1)|-0.005632157106785171
(1, 0, 1, 0, 0, 1, 2, 0, 5, 5, 0, 1, 3, 0, 1)|0.07050043001807701
(1, 0, 1, 0, 0, 1, 2, 0, 5, 5, 0, 0, 3, 0, 1)|-0.006108317198965733
(1, 0, 1, 0, 0, 1, 1, 0, 5, 5, 0, 0, 3, 0, 1)|0.18592224919179048
(1, 0, 1, 0, 0, 1, 1, 0, 5, 5, 0, 0, 3, 0, 0)|0.20084532929500398
(1, 0, 1, 0, 0, 1, 1, 0, 5, 5, 0, 2, 3, 0, 0)|0.04591085948121397
(1, 0, 1, 0, 0, 1, 1, 0, 5, 5, 0, 2, 3, 0, 1)|-0.008732084002178368
(1, 0, 1, 0, 0, 1, 1, 0, 5, 5, 1, 0, 3, 0, 0)|0.0
(1, 0, 1, 0, 0, 1, 1, 0, 5, 4, 0, 0, 3, 0, 0)|-0.00638968897683774
(1, 0, 1, 0, 0, 1, 0, 0, 5, 5, 0, 0, 3, 0, 0)|0.0
(1, 0, 1, 0, 0, 1, 1, 0, 5, 4, 0, 1, 3, 0, 0)|0.0
(1, 0, 1, 0, 0, 1, 1, 0, 5, 4, 1, 0, 3, 0, 0)|0.0
(1, 0, 1, 0, 0, 1, 1, 0, 5, 4, 0, 0, 3, 0, 1)|-0.010856894271987431
(1, 0, 1, 0, 0, 1, 1, 0, 5, 4, 0, 1, 3, 0, 1)|0.29483702000744333
(1, 0, 1, 0, 0, 1, 1, 0, 5, 4, 1, 0, 3, 0, 1)|-0.004367053531093996
(1, 0, 1, 0, 0, 1, 1, 0, 5, 4, 1, 0, 2, 0, 0)|0.0
(1, 0, 1, 0, 0, 1, 1, 0, 5, 4, 1, 1, 2, 0, 0)|0.0
(1, 0, 1, 0, 0, 1, 1, 0, 5, 4, 1, 1, 1, 0, 0)|-0.0015962093000073136
(1, 0, 1, 0, 0, 1, 1, 0, 5, 4, 1, 2, 1, 0, 0)|0.07921831899148102
(1, 0, 1, 0, 0, 1, 1, 0, 5, 4, 1, 2, 1, 0, 1)|0.989
(1, 0, 1, 0, 0, 1, 0, 0, 5, 4, 1, 2, 1, 0, 0)|0.0
(1, 0, 1, 0, 0, 0, 2, 0, 5, 5, 1, 2, 1, 1, 0)|-0.012683484932240679
(1, 0, 1, 0, 0, 0, 2, 0, 5, 5, 1, 3, 2, 0, 0)|-0.00719516832844246
(1, 0, 1, 0, 0, 0, 2, 0, 5, 5, 1, 2, 2, 0, 0)|-0.05032225960896549
(0, 1, 1, 0, 0, 0, 2, 0, 5, 5, 0, 0, 3, 0, 0)|-0.02680212233416314
(0, 1, 1, 0, 0, 0, 1, 0, 5, 5, 0, 0, 3, 0, 0)|-0.0370012812923695
(0, 1, 1, 0, 0, 0, 1, 0, 5, 5, 1, 0, 0, 0, 0)|-0.018755200724247863
(0, 1, 1, 0, 0, 0, 1, 0, 5, 5, 0, 1, 3, 0, 0)|-0.07420805913326974
(0, 0, 1, 0, 1, 0, 1, 0, 5, 3, 1, 0, 2, 0, 0)|-0.0015831561898558
(0, 0, 0, 0, 1, 0, 1, 0, 5, 3, 0, 3, 3, 0, 0)|-0.0037952414297482227
(0, 0, 0, 0, 1, 0, 1, 0, 5, 2, 0, 3, 3, 0, 0)|0.0808460918
(0, 0, 0, 0, 1, 0, 0, 0, 5, 3, 0, 3, 3, 0, 0)|0.0
(0, 0, 0, 0, 1, 0, 1, 0, 5, 0, 0, 3, 3, 0, 0)|0.97811
(0, 0, 0, 0, 1, 0, 1, 0, 5, 0, 0, 3, 3, 0, 1)|0.0
(0, 0, 1, 0, 1, 0, 2, 0, 5, 5, 1, 0, 0, 0, 1)|0.005067191136820249
(1, 0, 1, 0, 1, 0, 2, 0, 5, 5, 0, 0, 3, 0, 1)|-0.001923743637484564
(0, 0, 1, 0, 1, 0, 2, 0, 5, 5, 1, 0, 1, 0, 1)|-0.004072795220041478
(0, 0, 1, 0, 1, 0, 2, 0, 5, 5, 1, 1, 1, 0, 1)|-0.004375928395527248
(0, 0, 1, 0, 1, 0, 2, 0, 5, 5, 1, 1, 0, 0, 1)|-0.00777809647056395
(1, 0, 1, 0, 1, 0, 2, 0, 5, 5, 0, 1, 3, 0, 1)|0.0017618819437512823
(1, 0, 1, 0, 1, 0, 1, 0, 5, 5, 0, 0, 3, 0, 1)|0.15248756467923458
(1, 0, 1, 0, 1, 0, 1, 0, 5, 5, 0, 1, 3, 0, 1)|-0.019862022366796715
(1, 0, 1, 0, 1, 0, 0, 0, 5, 5, 0, 0, 3, 0, 1)|0.0
(1, 0, 1, 0, 1, 0, 1, 0, 5, 5, 1, 0, 0, 0, 1)|0.0
(4, 1, 2, 0, 0, 0, 2, 0, 5, 5, 0, 0, 3, 0, 0)|-0.021666157174789025
(4, 1, 2, 0, 0, 0, 2, 0, 5, 5, 1, 0, 0, 0, 0)|-0.022821077842757276
(5, 1, 2, 0, 0, 0, 2, 0, 5, 5, 0, 0, 3, 0, 0)|-0.012799963740398327
(5, 1, 1, 0, 0, 0, 2, 0, 5, 5, 0, 0, 3, 0, 0)|-0.003913563094690008
(5, 1, 1, 0, 0, 0, 2, 0, 5, 5, 1, 0, 0, 0, 0)|0.0
(3, 1, 1, 0, 0, 1, 2, 0, 5, 5, 0, 0, 3, 0, 0)|-0.008251489058388876
(3, 1, 1, 1, 0, 0, 2, 0, 5, 5, 0, 0, 3, 0, 0)|-0.0025888113882155716
(3, 1, 1, 1, 0, 0, 2, 0, 5, 5, 1, 0, 0, 0, 0)|0.0
(3, 1, 1, 1, 0, 0, 2, 0, 5, 5, 0, 0, 3, 1, 0)|-0.007653459869061901
(3, 1, 1, 1, 0, 0, 2, 0, 5, 5, 1, 0, 0, 1, 0)|-0.005788191412508479
(4, 1, 1, 1, 0, 0, 2, 0, 5, 5, 0, 0, 3, 1, 0)|-0.004037889812927008
(4, 1, 1, 1, 0, 0, 2, 0, 5, 5, 0, 0, 3, 1, 1)|-0.003984172984590426
(4, 1, 1, 1, 0, 0, 2, 0, 5, 5, 0, 0, 3, 0, 1)|-0.002259085528700736
(4, 1, 1, 1, 0, 0, 2, 0, 5, 5, 0, 0, 3, 0, 0)|0.0
(4, 1, 1, 1, 0, 0, 2, 0, 5, 3, 0, 0, 3, 0, 1)|0.0
(4, 1, 1, 1, 0, 0, 1, 0, 5, 5, 0, 0, 3, 0, 1)|0.0
(4, 1, 1, 1, 0, 0, 2, 0, 5, 5, 1, 0, 0, 0, 1)|0.0
(4, 1, 1, 1, 0, 0, 1, 0, 5, 5, 0, 0, 3, 1, 1)|0.0
(4, 1, 1, 1, 0, 0, 2, 0, 5, 3, 0, 0, 3, 1, 1)|-0.00422043564206617
(4, 1, 1, 1, 0, 0, 2, 0, 5, 5, 1, 0, 0, 1, 1)|0.0
(4, 1, 1, 1, 0, 0, 2, 0, 5, 3, 1, 0, 0, 1, 1)|0.0
(4, 1, 1, 1, 0, 0, 2, 0, 5, 3, 0, 0, 3, 1, 0)|0.0
(4, 1, 1, 1, 0, 0, 2, 0, 5, 1, 0, 0, 3, 1, 1)|-0.0060329477224037
(4, 1, 1, 1, 0, 0, 2, 0, 5, 1, 1, 0, 0, 1, 1)|0.0
(4, 1, 1, 0, 0, 0, 2, 0, 5, 1, 1, 0, 0, 1, 0)|-0.006812621528457403
(5, 1, 1, 0, 0, 0, 2, 0, 5, 1, 0, 0, 3, 1, 0)|0.0
(4, 1, 1, 0, 0, 0, 2, 0, 5, 1, 1, 0, 1, 1, 0)|0.0038404367000000007
(4, 2, 1, 0, 0, 0, 2, 0, 5, 1, 1, 0, 1, 1, 0)|0.084437
(4, 2, 1, 0, 0, 0, 2, 0, 5, 1, 1, 1, 1, 1, 0)|0.0
(4, 2, 1, 0, 0, 0, 2, 0, 5, 1, 1, 0, 0, 1, 0)|0.0
(3, 2, 2, 0, 0, 0, 2, 0, 5, 1, 1, 0, 1, 1, 0)|0.0
(2, 2, 1, 0, 0, 1, 2, 0, 5, 1, 1, 0, 1, 1, 0)|0.989
(2, 2, 1, 1, 0, 0, 2, 0, 5, 1, 1, 0, 1, 1, 0)|0.0
(2, 2, 1, 0, 1, 0, 2, 0, 5, 1, 1, 0, 1, 1, 0)|0.0
(2, 2, 1, 0, 0, 1, 2, 0, 5, 1, 1, 1, 1, 1, 0)|0.0
(2, 2, 1, 0, 0, 1, 2, 0, 5, 1, 1, 0, 0, 1, 0)|0.0
(2, 2, 1, 0, 0, 1, 2, 0, 5, 0, 1, 0, 1, 0, 1)|0.0
(1, 0, 1, 0, 1, 0, 2, 0, 5, 5, 1, 0, 0, 0, 1)|0.0
(1, 0, 1, 0, 1, 0, 1, 0, 5, 5, 1, 0, 1, 0, 1)|0.0
(1, 0, 1, 0, 1, 0, 1, 0, 5, 3, 0, 0, 3, 0, 1)|0.989
(1, 1, 1, 0, 1, 0, 1, 0, 5, 5, 0, 0, 3, 0, 1)|0.007456116598242697
(1, 1, 1, 0, 1, 0, 1, 0, 5, 5, 0, 1, 3, 0, 1)|-0.006280311996473179
(1, 1, 1, 0, 1, 0, 1, 0, 5, 5, 1, 0, 0, 0, 1)|0.0
(1, 1, 1, 0, 1, 0, 0, 0, 5, 5, 0, 0, 3, 0, 1)|0.0
(1, 0, 1, 0, 1, 0, 2, 0, 5, 5, 1, 0, 1, 0, 1)|0.0
(1, 0, 1, 0, 1, 0, 1, 0, 5, 5, 0, 0, 3, 1, 1)|0.5002890919234669
(1, 0, 1, 0, 1, 0, 1, 0, 5, 5, 1, 0, 1, 1, 1)|0.0
(1, 0, 1, 0, 1, 0, 1, 0, 5, 5, 0, 1, 3, 1, 1)|0.12323501827311203
(0, 1, 1, 0, 0, 1, 1, 0, 5, 5, 0, 1, 3, 0, 1)|-0.00591025679694714
(0, 1, 1, 0, 0, 1, 1, 0, 5, 5, 0, 0, 3, 0, 1)|-0.0054217098816122964
(0, 1, 1, 0, 0, 1, 1, 0, 5, 4, 0, 1, 3, 0, 1)|0.0
(0, 0, 1, 0, 0, 1, 2, 0, 5, 4, 1, 0, 1, 0, 1)|-0.004213567870758228
(0, 0, 1, 0, 0, 1, 2, 0, 5, 3, 1, 0, 1, 0, 1)|0.0
(0, 0, 1, 0, 0, 1, 1, 0, 5, 4, 1, 0, 1, 0, 1)|-0.005955868358678202
(0, 0, 1, 0, 0, 1, 2, 0, 5, 4, 1, 0, 0, 0, 1)|0.0
(0, 0, 1, 0, 0, 1, 1, 0, 5, 3, 1, 0, 1, 0, 1)|0.14884155518178893
(0, 0, 1, 0, 0, 1, 0, 0, 5, 4, 1, 0, 1, 0, 1)|0.0
(0, 0, 1, 0, 0, 1, 1, 0, 5, 4, 1, 0, 0, 0, 1)|-0.005938795005931392
(0, 0, 1, 0, 0, 0, 1, 0, 5, 4, 1, 0, 0, 0, 0)|-0.005745239328542335
(1, 0, 1, 0, 0, 0, 1, 0, 5, 4, 0, 1, 3, 0, 0)|-0.016147320218617107
(0, 0, 1, 0, 0, 0, 1, 0, 5, 4, 1, 1, 0, 0, 0)|-0.0022815333666795718
(0, 0, 1, 0, 0, 0, 1, 0, 5, 4, 1, 0, 1, 0, 0)|-0.005924225198536663
(1, 0, 1, 0, 0, 0, 1, 0, 5, 4, 0, 0, 3, 0, 0)|-0.009633369165397776
(0, 0, 2, 0, 0, 0, 1, 0, 5, 4, 0, 1, 3, 0, 0)|-0.041432765015961576
(0, 0, 2, 0, 0, 0, 1, 0, 5, 4, 0, 0, 3, 0, 0)|-0.015547146847759917
(0, 0, 2, 0, 0, 0, 1, 0, 5, 4, 1, 0, 1, 0, 0)|0.011873452563542736
(0, 0, 2, 0, 0, 0, 1, 0, 5, 4, 1, 0, 0, 0, 0)|-0.014479363020455098
(1, 0, 2, 0, 0, 0, 1, 0, 5, 4, 0, 1, 3, 0, 0)|-0.004678476449873567
(0, 0, 2, 0, 0, 0, 1, 0, 5, 4, 1, 1, 0, 0, 0)|0.011714321410865116
(1, 0, 2, 0, 0, 0, 1, 0, 5, 4, 0, 0, 3, 0, 0)|-0.011173697529445196
(1, 0, 2, 0, 0, 0, 1, 0, 5, 4, 1, 0, 1, 0, 0)|-0.00806849729945447
(1, 0, 2, 0, 0, 0, 1, 0, 5, 4, 1, 0, 0, 0, 0)|-0.007990801787390473
(1, 0, 2, 0, 0, 0, 1, 0, 5, 4, 1, 0, 2, 0, 0)|-0.009163824142534376
(1, 0, 2, 0, 0, 0, 1, 0, 5, 4, 1, 1, 1, 0, 0)|-0.015255348189889217
(1, 0, 2, 0, 0, 0, 1, 0, 5, 4, 1, 1, 2, 0, 0)|-0.015150207369043583
(1, 0, 2, 0, 0, 0, 1, 0, 5, 4, 1, 1, 0, 0, 0)|-0.009651169254373855
(2, 0, 2, 0, 0, 0, 1, 0, 5, 4, 0, 1, 3, 0, 0)|-0.009481165460498063
(2, 0, 2, 0, 0, 0, 1, 0, 5, 4, 0, 0, 3, 0, 0)|-0.00751474979418237
(2, 0, 2, 0, 0, 0, 1, 0, 5, 4, 1, 0, 1, 0, 0)|-0.004199791286138147
(2, 0, 2, 0, 0, 0, 1, 0, 5, 4, 1, 0, 0, 0, 0)|-0.005801249002672797
(3, 0, 2, 0, 0, 0, 1, 0, 5, 4, 0, 1, 3, 0, 0)|-0.005645566192698828
(2, 0, 2, 0, 0, 0, 1, 0, 5, 4, 1, 1, 0, 0, 0)|-0.004185919947769466
(3, 0, 2, 0, 0, 0, 1, 0, 5, 4, 0, 0, 3, 0, 0)|-0.0024209888185879897
(3, 1, 2, 0, 0, 0, 1, 0, 5, 4, 0, 0, 3, 0, 0)|-0.005788764650977666
(3, 1, 2, 0, 0, 0, 1, 0, 5, 4, 1, 0, 1, 0, 0)|-0.0040443884521722834
(3, 1, 2, 0, 0, 0, 1, 0, 5, 4, 0, 1, 3, 0, 0)|0.0
(3, 1, 2, 0, 0, 0, 1, 0, 5, 4, 1, 0, 0, 0, 0)|-0.004057109451989705
(3, 0, 1, 0, 0, 0, 2, 0, 5, 4, 1, 0, 0, 0, 0)|-0.004199881616046063
(2, 0, 2, 0, 0, 0, 2, 0, 5, 4, 1, 0, 0, 0, 0)|0.0
(1, 0, 1, 0, 0, 1, 2, 0, 5, 4, 1, 0, 0, 0, 0)|0.0
(1, 0, 1, 1, 0, 0, 2, 0, 5, 4, 1, 0, 0, 0, 0)|-0.0058022628063531196
(1, 0, 1, 0, 1, 0, 2, 0, 5, 4, 1, 0, 0, 0, 0)|0.0
(1, 0, 1, 1, 0, 0, 2, 0, 5, 4, 1, 0, 1, 0, 0)|-0.0041974131477867304
(2, 0, 1, 1, 0, 0, 2, 0, 5, 4, 0, 1, 3, 0, 0)|0.0
(1, 0, 1, 1, 0, 0, 2, 0, 5, 4, 1, 1, 0, 0, 0)|-0.005774558336551404
(1, 0, 1, 1, 0, 0, 2, 0, 5, 4, 1, 1, 0, 1, 0)|-0.0038833355615799227
(1, 0, 1, 1, 0, 0, 2, 0, 5, 4, 1, 0, 1, 1, 0)|-0.002249557369022698
(1, 0, 1, 1, 0, 0, 2, 0, 5, 4, 1, 0, 1, 2, 0)|-0.003883970766918866
(1, 0, 1, 1, 0, 0, 1, 0, 5, 4, 1, 0, 1, 1, 0)|-0.0022566864974059003
(1, 0, 1, 1, 0, 0, 2, 0, 5, 4, 1, 1, 0, 2, 0)|0.0
(1, 0, 1, 1, 0, 0, 2, 0, 5, 4, 1, 0, 0, 2, 0)|0.0
(1, 0, 1, 1, 0, 0, 0, 0, 5, 4, 1, 0, 1, 0, 0)|0.0
(1, 0, 1, 1, 0, 0, 1, 0, 5, 4, 1, 0, 1, 0, 0)|-0.00396318330451
(1, 0, 1, 1, 0, 0, 1, 0, 5, 4, 1, 0, 1, 0, 1)|0.0
(1, 0, 1, 1, 0, 0, 1, 0, 5, 4, 1, 1, 0, 0, 0)|0.0
(1, 0, 1, 1, 0, 0, 1, 0, 5, 4, 1, 0, 0, 0, 0)|-0.0031457161000000003
(1, 0, 1, 1, 0, 0, 1, 0, 5, 4, 1, 0, 0, 0, 1)|0.006029000000000002
(1, 0, 1, 1, 0, 0, 0, 0, 5, 4, 1, 0, 0, 0, 0)|0.0
(1, 0, 1, 1, 0, 0, 1, 0, 5, 4, 1, 0, 0, 1, 1)|0.08810000000000001
(1, 0, 1, 1, 0, 0, 1, 0, 5, 4, 1, 0, 0, 1, 0)|0.0
(1, 0, 1, 1, 0, 0, 0, 0, 5, 4, 1, 0, 0, 0, 1)|0.0
(1, 0, 1, 1, 0, 0, 1, 0, 5, 4, 1, 0, 1, 1, 1)|1.0
(2, 0, 1, 1, 0, 0, 1, 0, 5, 4, 0, 1, 3, 1, 1)|0.0
(1, 0, 1, 1, 0, 0, 0, 0, 5, 4, 1, 0, 1, 0, 1)|0.0
(0, 1, 1, 0, 0, 0, 2, 0, 5, 5, 1, 1, 0, 0, 0)|-0.025908584671675793
(0, 1, 1, 0, 0, 0, 1, 0, 5, 5, 1, 1, 0, 0, 0)|-0.027457450892062862
(0, 0, 1, 0, 0, 0, 2, 0, 5, 5, 1, 1, 3, 2, 0)|-0.00690459569352605
(0, 0, 1, 0, 0, 0, 2, 0, 5, 5, 1, 0, 3, 2, 0)|-0.0037872841490348454
(0, 0, 1, 0, 0, 0, 2, 0, 5, 5, 1, 0, 2, 2, 0)|-0.01886343920728945
(0, 0, 1, 0, 0, 0, 0, 0, 5, 5, 1, 1, 0, 0, 0)|0.0
(1, 0, 1, 0, 0, 0, 2, 0, 5, 5, 1, 0, 3, 1, 0)|-0.009736578981743465
(1, 0, 1, 0, 0, 0, 1, 0, 5, 5, 1, 1, 3, 0, 0)|-0.02314413968710356
(1, 0, 1, 0, 0, 0, 1, 0, 5, 5, 1, 2, 1, 0, 0)|-0.010078508576571882
(1, 0, 1, 0, 0, 0, 1, 0, 5, 5, 1, 2, 0, 0, 0)|-0.012867472935479768
(0, 0, 2, 0, 0, 0, 1, 0, 5, 5, 1, 2, 0, 0, 0)|-0.025461776291998063
(0, 0, 2, 0, 0, 0, 1, 0, 5, 5, 1, 2, 1, 0, 0)|-0.02816495324799863
(0, 1, 2, 0, 0, 0, 1, 0, 5, 5, 1, 2, 0, 0, 0)|-0.01811144000874777
(0, 1, 2, 0, 0, 0, 1, 0, 5, 5, 1, 2, 1, 0, 0)|-0.009406898204785321
(1, 2, 2, 0, 0, 0, 2, 0, 5, 5, 0, 1, 3, 0, 0)|-0.03508125709740095
(1, 2, 2, 0, 0, 0, 2, 0, 5, 5, 0, 2, 3, 0, 0)|-0.006099722681545528
(1, 2, 2, 0, 0, 0, 2, 0, 5, 5, 0, 0, 3, 0, 0)|-0.03688626784518341
(1, 2, 2, 0, 0, 0, 2, 0, 5, 5, 1, 0, 3, 0, 0)|-0.004044522533378068
(1, 2, 2, 0, 0, 0, 2, 0, 5, 5, 1, 0, 2, 0, 0)|-0.015469586888651436
(1, 2, 2, 0, 0, 0, 2, 0, 5, 5, 1, 1, 2, 0, 0)|-0.020435437011224727
(1, 2, 2, 0, 0, 0, 2, 0, 5, 5, 1, 1, 1, 0, 0)|-0.024436715146704403
(1, 2, 2, 0, 0, 0, 2, 0, 5, 5, 1, 2, 1, 0, 0)|-0.006346341303562193
(1, 2, 2, 0, 0, 0, 2, 0, 5, 5, 1, 2, 0, 0, 0)|-0.010365474198349298
(1, 2, 2, 0, 0, 0, 2, 0, 5, 5, 1, 1, 0, 0, 0)|-0.019076274362103476
(2, 2, 2, 0, 0, 0, 2, 0, 5, 5, 0, 2, 3, 0, 0)|-0.040103407958942176
(2, 2, 2, 0, 0, 0, 1, 0, 5, 5, 0, 1, 3, 0, 0)|-0.014860088609697706
(2, 2, 2, 0, 0, 0, 1, 0, 5, 5, 0, 2, 3, 0, 0)|-0.004087768929878763
(2, 1, 2, 0, 0, 0, 2, 0, 5, 5, 0, 2, 3, 0, 0)|-0.0556442759635709
(2, 2, 2, 0, 0, 0, 2, 0, 5, 5, 1, 0, 3, 0, 0)|-0.02042812771840697
(2, 2, 2, 0, 0, 0, 2, 0, 5, 5, 1, 1, 3, 0, 0)|-0.01237036821353185
(2, 2, 2, 0, 0, 0, 1, 0, 5, 5, 1, 1, 3, 0, 0)|-0.003149336209999886
(2, 2, 2, 0, 0, 0, 1, 0, 5, 5, 1, 0, 3, 0, 0)|0.0
(2, 0, 2, 0, 0, 0, 1, 1, 5, 5, 1, 1, 3, 0, 0)|-0.013881513444443177
(2, 0, 2, 0, 0, 0, 1, 1, 5, 5, 1, 0, 3, 0, 0)|-0.01193830411842723
(2, 0, 1, 0, 0, 0, 1, 1, 5, 5, 0, 1, 3, 0, 0)|-0.004528495842564929
(2, 0, 1, 0, 0, 0, 1, 1, 5, 5, 0, 2, 3, 0, 0)|-0.005826852668785863
(2, 0, 1, 0, 0, 0, 1, 1, 5, 5, 0, 0, 3, 0, 0)|0.0
(0, 0, 1, 0, 0, 1, 1, 1, 5, 5, 0, 1, 3, 0, 0)|-0.02920550936183254
(0, 0, 1, 1, 0, 0, 1, 1, 5, 5, 0, 1, 3, 0, 0)|-0.009505267337574466
(0, 0, 1, 0, 1, 0, 1, 1, 5, 5, 0, 1, 3, 0, 0)|-0.023595805148766
(0, 0, 1, 0, 0, 1, 1, 1, 5, 5, 0, 2, 3, 0, 0)|-0.008299287306356911
(0, 0, 1, 0, 0, 1, 1, 1, 5, 5, 0, 0, 3, 0, 0)|-0.029096652360458705
(0, 0, 1, 0, 0, 1, 1, 0, 5, 5, 0, 2, 3, 0, 0)|-0.010420269765874138
(0, 0, 1, 0, 0, 0, 1, 0, 5, 4, 0, 2, 3, 0, 0)|0.17109126979000713
(0, 0, 1, 0, 0, 0, 1, 0, 5, 4, 0, 1, 3, 0, 0)|-0.6516543461748494
(0, 0, 1, 0, 0, 0, 1, 0, 5, 4, 0, 0, 3, 0, 0)|-0.013011774377427534
(0, 0, 1, 0, 0, 0, 1, 0, 5, 4, 1, 0, 3, 0, 0)|-0.004044510144771797
(0, 0, 1, 0, 0, 0, 1, 0, 5, 4, 1, 0, 2, 0, 0)|-0.004058475249964053
(0, 0, 1, 0, 0, 0, 1, 0, 5, 4, 1, 1, 2, 0, 0)|-0.004215210437306986
(0, 0, 1, 0, 0, 0, 1, 0, 5, 4, 1, 1, 1, 0, 0)|-0.005974303449012187
(0, 0, 1, 0, 0, 0, 1, 0, 5, 4, 1, 2, 1, 0, 0)|-0.006147788309721079
(0, 0, 1, 0, 0, 0, 1, 0, 5, 4, 1, 2, 0, 0, 0)|-0.008114536155279836
(1, 0, 1, 0, 0, 0, 1, 0, 5, 4, 0, 2, 3, 0, 0)|-0.01920038477465594
(0, 0, 2, 0, 0, 0, 1, 0, 5, 4, 0, 2, 3, 0, 0)|-0.04488976202446904
(0, 0, 2, 0, 0, 0, 1, 0, 5, 4, 1, 0, 3, 0, 0)|0.0019246735225959585
(0, 0, 2, 0, 0, 0, 1, 0, 5, 4, 1, 0, 2, 0, 0)|0.05615650577193587
(0, 0, 2, 0, 0, 0, 1, 0, 5, 4, 1, 1, 2, 0, 0)|0.14597238647595343
(0, 0, 2, 0, 0, 0, 1, 0, 5, 4, 1, 1, 1, 0, 0)|0.11508996546689305
(0, 0, 2, 0, 0, 0, 0, 0, 5, 4, 1, 1, 2, 0, 0)|0.0
(2, 0, 1, 0, 0, 0, 2, 0, 5, 5, 1, 1, 1, 0, 0)|-0.016178089265138678
(2, 0, 1, 0, 0, 0, 2, 0, 5, 5, 1, 1, 0, 0, 0)|-0.009176975356263873
(0, 0, 1, 0, 0, 1, 2, 0, 5, 5, 1, 1, 1, 0, 1)|-0.009784377575635007
(0, 0, 1, 0, 0, 1, 1, 0, 5, 5, 1, 2, 2, 0, 0)|0.084437
(0, 0, 1, 0, 0, 1, 1, 0, 5, 5, 1, 1, 2, 0, 0)|-0.004193148480288086
(0, 0, 1, 0, 0, 1, 1, 0, 5, 4, 1, 1, 1, 0, 0)|-0.004225952876477051
(2, 0, 1, 0, 1, 0, 2, 0, 5, 5, 0, 0, 3, 1, 0)|-0.007281984223322469
(3, 0, 1, 0, 1, 0, 1, 0, 5, 5, 0, 0, 3, 0, 0)|-0.029725840218934235
(3, 1, 1, 0, 1, 0, 1, 0, 5, 5, 0, 0, 3, 0, 0)|0.0
(2, 1, 1, 0, 1, 0, 1, 0, 5, 5, 1, 1, 1, 0, 0)|-0.011970571808533698
(3, 0, 1, 0, 1, 0, 2, 0, 5, 5, 0, 0, 3, 1, 0)|-0.005414680489171458
(3, 0, 1, 0, 1, 0, 2, 0, 5, 5, 1, 0, 0, 1, 0)|0.0
(3, 0, 1, 0, 1, 0, 2, 0, 5, 5, 0, 1, 3, 1, 0)|-0.006813158621891623
(3, 0, 1, 0, 1, 0, 2, 0, 5, 5, 1, 1, 2, 0, 0)|-0.004200114587357008
(3, 0, 1, 0, 1, 0, 1, 0, 5, 5, 1, 0, 2, 0, 0)|-0.010017534278929135
(3, 0, 1, 0, 1, 0, 1, 0, 5, 5, 1, 1, 2, 0, 0)|-0.0058048775236476755
(3, 0, 1, 0, 1, 0, 1, 0, 5, 5, 1, 0, 1, 0, 0)|-0.00920177745779665
(3, 0, 1, 0, 1, 0, 1, 0, 5, 5, 1, 0, 0, 0, 0)|-0.00765489744654003
(3, 0, 1, 0, 1, 0, 1, 0, 5, 5, 1, 1, 1, 0, 0)|-0.007524718888675258
(4, 0, 1, 0, 1, 0, 1, 0, 5, 5, 0, 0, 3, 0, 0)|-0.005804653434102151
(4, 0, 1, 0, 1, 0, 1, 0, 5, 5, 0, 1, 3, 0, 0)|0.0
(4, 0, 1, 0, 1, 0, 1, 0, 5, 5, 1, 0, 0, 0, 0)|-0.004224515005295953
(4, 0, 1, 0, 1, 0, 1, 0, 5, 5, 1, 0, 1, 0, 0)|-0.0060787318215034004
(5, 0, 1, 0, 1, 0, 1, 0, 5, 5, 0, 0, 3, 0, 0)|0.0
(4, 0, 1, 0, 1, 0, 1, 0, 5, 5, 1, 1, 1, 0, 0)|-0.007331662659177639
(4, 0, 1, 0, 1, 0, 1, 0, 5, 5, 1, 0, 2, 0, 0)|-0.0021032195076939987
(4, 1, 1, 0, 1, 0, 1, 0, 5, 5, 1, 0, 2, 0, 0)|-0.0022579945299333166
(4, 1, 1, 0, 1, 0, 1, 0, 5, 5, 1, 0, 1, 0, 0)|0.0
(4, 1, 1, 0, 1, 0, 1, 0, 5, 5, 1, 1, 1, 0, 0)|0.0
(4, 1, 1, 0, 1, 0, 1, 0, 5, 5, 1, 1, 2, 0, 0)|0.0
(4, 0, 1, 0, 1, 0, 2, 0, 5, 5, 1, 0, 2, 0, 0)|-0.003977716999259072
(4, 0, 1, 0, 1, 0, 2, 0, 5, 5, 1, 1, 1, 0, 0)|0.0
(4, 0, 1, 0, 1, 0, 2, 0, 5, 5, 1, 1, 2, 0, 0)|-0.003308832763850409
(4, 0, 1, 0, 1, 0, 1, 0, 5, 5, 1, 1, 2, 0, 0)|0.004198285478671058
(4, 0, 1, 0, 1, 0, 0, 0, 5, 5, 1, 1, 1, 0, 0)|0.0
(4, 0, 1, 0, 1, 0, 0, 0, 5, 5, 1, 0, 2, 0, 0)|0.0
(4, 0, 1, 0, 1, 0, 1, 0, 5, 3, 1, 0, 1, 0, 1)|0.0
(4, 0, 1, 0, 1, 0, 1, 0, 5, 3, 1, 0, 2, 0, 1)|0.0
(4, 0, 1, 0, 0, 0, 1, 0, 5, 5, 1, 0, 2, 0, 0)|0.0026672091849471013
(4, 0, 1, 0, 0, 0, 1, 0, 5, 5, 1, 1, 2, 0, 0)|0.0
(4, 0, 1, 0, 0, 0, 1, 0, 5, 5, 1, 0, 1, 0, 0)|0.0
(2, 0, 1, 0, 0, 1, 1, 0, 5, 5, 1, 0, 2, 0, 0)|0.084437
(2, 0, 1, 1, 0, 0, 1, 0, 5, 5, 1, 0, 2, 0, 0)|0.0
(0, 0, 0, 1, 1, 0, 1, 0, 5, 5, 0, 3, 3, 0, 1)|0.011692081059910476
(0, 0, 0, 1, 1, 0, 1, 0, 5, 5, 0, 3, 3, 1, 0)|0.003630152079394781
(0, 0, 0, 1, 1, 0, 1, 0, 5, 5, 0, 3, 3, 1, 1)|0.0
(0, 0, 0, 1, 1, 0, 1, 0, 5, 3, 0, 3, 3, 1, 1)|0.0
(0, 0, 0, 1, 1, 0, 1, 0, 5, 3, 0, 3, 3, 0, 1)|0.0
(0, 0, 0, 1, 1, 0, 0, 0, 5, 5, 0, 3, 3, 0, 1)|0.0
(0, 1, 0, 1, 1, 0, 1, 0, 5, 5, 0, 3, 3, 0, 0)|-0.005210528832481715
(0, 0, 0, 1, 1, 0, 2, 0, 5, 5, 0, 3, 3, 0, 0)|-0.017145104741657848
(0, 0, 0, 1, 1, 0, 2, 0, 5, 5, 0, 3, 3, 0, 1)|-0.0044013564310177835
(0, 1, 0, 1, 1, 0, 2, 0, 5, 5, 0, 3, 3, 0, 1)|-0.00806348407427366
(0, 1, 0, 1, 1, 0, 1, 0, 5, 5, 0, 3, 3, 0, 1)|-0.010483470395948496
(0, 1, 0, 1, 1, 0, 1, 0, 5, 3, 0, 3, 3, 0, 1)|-4.069734737032274e-06
(0, 1, 0, 1, 1, 0, 1, 0, 5, 1, 0, 3, 3, 0, 1)|0.08180668781
(0, 1, 0, 1, 1, 0, 0, 0, 5, 3, 0, 3, 3, 0, 1)|0.0
(0, 0, 0, 1, 1, 0, 2, 0, 5, 1, 0, 3, 3, 0, 1)|0.989
(0, 0, 0, 1, 1, 0, 2, 0, 5, 0, 0, 3, 3, 0, 1)|0.0
(1, 0, 1, 0, 0, 0, 2, 0, 5, 5, 1, 1, 1, 2, 0)|-0.003936658067546605
(1, 0, 1, 0, 0, 0, 2, 0, 5, 5, 1, 1, 0, 2, 0)|0.0
(0, 0, 2, 0, 0, 0, 2, 0, 5, 5, 1, 1, 1, 2, 0)|-0.00284801422611228
(0, 0, 2, 0, 0, 0, 2, 0, 5, 5, 1, 1, 0, 2, 0)|-0.010533491401247558
(0, 0, 2, 0, 0, 0, 2, 0, 5, 5, 1, 0, 1, 2, 0)|0.0
(0, 0, 2, 0, 0, 0, 2, 0, 5, 5, 1, 0, 0, 2, 0)|0.0
(0, 1, 2, 0, 0, 0, 2, 0, 5, 5, 1, 1, 0, 1, 0)|-0.016899897113077256
(0, 1, 2, 0, 0, 0, 2, 0, 5, 5, 1, 0, 0, 1, 0)|-0.00976462527966493
(0, 1, 2, 0, 0, 0, 2, 0, 5, 5, 2, 0, 0, 1, 0)|-0.010793499147199683
(0, 1, 2, 0, 0, 0, 2, 0, 5, 5, 2, 0, 0, 0, 0)|-0.006414678900305338
(0, 2, 2, 0, 0, 0, 2, 0, 5, 5, 2, 0, 0, 0, 0)|-0.01091466345422096
(0, 2, 2, 0, 0, 0, 2, 0, 5, 5, 2, 0, 1, 0, 0)|-0.013346063818363979
(0, 3, 2, 0, 0, 0, 2, 0, 5, 5, 2, 0, 0, 0, 0)|-0.006185346302409903
(0, 3, 2, 0, 0, 0, 2, 0, 5, 5, 2, 0, 1, 0, 0)|-0.00854032028942514
(0, 3, 2, 0, 0, 0, 2, 0, 5, 5, 2, 1, 0, 0, 0)|-0.011208313349089677
(0, 3, 2, 0, 0, 0, 2, 0, 5, 5, 2, 1, 1, 0, 0)|-0.011534406642110145
(0, 3, 1, 0, 0, 0, 2, 0, 5, 5, 1, 1, 0, 0, 0)|-0.011142963256913604
(0, 3, 1, 0, 0, 0, 2, 0, 5, 5, 1, 1, 1, 0, 0)|-0.008051679296817833
(0, 3, 1, 0, 0, 0, 2, 0, 5, 5, 1, 2, 1, 0, 0)|-0.012583199489459573
(0, 3, 1, 0, 0, 0, 2, 0, 5, 5, 1, 0, 1, 0, 0)|-0.008190861163288599
(0, 3, 1, 0, 0, 0, 2, 0, 5, 5, 1, 0, 1, 1, 0)|-0.014534084907847342
(0, 3, 1, 0, 0, 0, 2, 0, 5, 5, 1, 1, 1, 1, 0)|-0.012167373326906301
(0, 3, 1, 0, 0, 0, 2, 0, 5, 5, 1, 1, 2, 1, 0)|-0.011923285475805236
(0, 3, 1, 0, 0, 0, 2, 0, 5, 5, 1, 0, 2, 1, 0)|-0.012582422060630542
(0, 3, 1, 0, 0, 0, 2, 0, 5, 5, 1, 1, 0, 1, 0)|-0.009972007951445604
(0, 3, 1, 0, 0, 0, 2, 0, 5, 5, 1, 0, 2, 0, 0)|-0.00440030462534647
(0, 3, 1, 0, 0, 0, 2, 0, 5, 5, 1, 1, 2, 0, 0)|-0.0066985264955954586
(0, 3, 1, 0, 0, 0, 2, 0, 5, 5, 1, 2, 1, 1, 0)|-0.010445625372045159
(0, 3, 1, 0, 0, 0, 2, 0, 5, 5, 1, 2, 2, 0, 0)|-0.011539854311769052
(0, 3, 1, 0, 0, 0, 2, 0, 5, 5, 1, 1, 2, 2, 0)|-0.00910438746098166
(0, 3, 1, 0, 0, 0, 2, 0, 5, 5, 1, 1, 1, 2, 0)|-0.013293213158048087
(0, 3, 1, 0, 0, 0, 2, 0, 5, 5, 1, 0, 1, 2, 0)|-0.006053960351852707
(0, 3, 1, 0, 0, 0, 2, 0, 5, 5, 1, 0, 2, 2, 0)|-0.007050835650021045
(0, 3, 1, 0, 0, 0, 2, 0, 5, 5, 1, 2, 1, 2, 0)|-0.011864626583106934
(0, 3, 1, 0, 0, 0, 2, 0, 5, 5, 1, 1, 0, 2, 0)|-0.01401574969411889
(0, 3, 1, 0, 0, 0, 2, 0, 5, 5, 1, 0, 3, 1, 0)|-0.00974588559657515
(0, 3, 1, 0, 0, 0, 2, 0, 5, 5, 1, 0, 3, 2, 0)|-0.00962242529968653
(0, 3, 1, 0, 0, 0, 1, 0, 5, 5, 1, 1, 1, 0, 0)|-0.0037459234048383364
(0, 3, 1, 0, 0, 0, 1, 0, 5, 5, 1, 2, 1, 0, 0)|0.0
(0, 3, 1, 0, 0, 0, 1, 0, 5, 5, 1, 1, 2, 0, 0)|0.0
(0, 1, 1, 0, 0, 0, 1, 1, 5, 5, 1, 2, 1, 0, 0)|-0.012832064627641445
(0, 1, 1, 0, 0, 0, 1, 1, 5, 5, 1, 1, 2, 0, 0)|-0.019956488334821065
(0, 1, 1, 0, 0, 0, 1, 1, 5, 5, 1, 0, 2, 0, 0)|-0.019632084801178198
(0, 1, 1, 0, 0, 0, 1, 1, 5, 5, 1, 0, 3, 0, 0)|-0.01691496021676939
(0, 1, 1, 0, 0, 0, 1, 1, 5, 5, 1, 0, 3, 1, 0)|-0.012130562480200993
(0, 1, 1, 0, 0, 0, 1, 1, 5, 5, 1, 2, 2, 0, 0)|-0.004049211121385326
(0, 1, 1, 0, 0, 0, 1, 1, 5, 5, 1, 2, 2, 1, 0)|-0.0041112359302505706
(0, 1, 1, 0, 0, 0, 1, 1, 5, 5, 1, 2, 1, 1, 0)|-0.004807361731207298
(0, 1, 1, 0, 0, 0, 0, 1, 5, 5, 1, 1, 2, 0, 0)|-0.005043094836528762
(0, 1, 1, 0, 0, 0, 0, 1, 5, 5, 1, 0, 2, 0, 0)|0.0
(0, 1, 1, 0, 0, 0, 0, 1, 5, 5, 1, 1, 1, 0, 0)|0.0
(0, 1, 1, 0, 0, 0, 0, 1, 5, 5, 1, 0, 1, 0, 0)|0.0
(0, 0, 1, 0, 0, 0, 1, 1, 5, 5, 1, 0, 1, 1, 0)|0.0
(0, 0, 1, 0, 0, 0, 1, 1, 5, 5, 1, 0, 3, 0, 0)|-0.00810098969322516
(0, 0, 1, 0, 0, 0, 0, 1, 5, 5, 1, 0, 2, 0, 0)|-1.0
(0, 0, 1, 0, 0, 0, 0, 1, 5, 5, 1, 1, 2, 0, 0)|0.0
(0, 0, 1, 0, 0, 0, 0, 1, 5, 5, 1, 0, 3, 0, 0)|0.0
(0, 0, 1, 0, 0, 0, 0, 1, 5, 5, 1, 1, 1, 0, 0)|0.0
(0, 0, 1, 0, 0, 0, 0, 1, 5, 5, 1, 0, 1, 0, 0)|0.0
(1, 0, 1, 0, 0, 0, 1, 0, 5, 5, 0, 2, 3, 1, 0)|-0.009795772432161658
(0, 0, 2, 0, 0, 0, 1, 0, 5, 5, 0, 3, 3, 0, 0)|0.062256920476814075
(0, 0, 2, 0, 0, 0, 1, 0, 5, 5, 0, 3, 3, 1, 0)|-0.007656551053538715
(0, 0, 2, 0, 0, 0, 0, 0, 5, 5, 0, 2, 3, 0, 0)|0.0
(4, 1, 2, 0, 0, 0, 2, 0, 5, 5, 0, 1, 3, 0, 0)|-0.021912023665343533
(4, 1, 2, 0, 0, 0, 2, 0, 5, 5, 1, 1, 1, 0, 0)|-0.004045489879092226
(4, 2, 2, 0, 0, 0, 2, 0, 5, 5, 1, 1, 1, 0, 0)|-0.00406947114581623
(4, 2, 2, 0, 0, 0, 2, 0, 5, 5, 1, 0, 1, 0, 0)|-0.0043386211651653085
(4, 2, 2, 0, 0, 0, 2, 0, 5, 5, 1, 1, 0, 0, 0)|-0.007359384569756543
(4, 2, 2, 0, 0, 0, 2, 0, 5, 5, 1, 0, 0, 0, 0)|-0.0024206693130163675
(5, 2, 2, 0, 0, 0, 2, 0, 5, 5, 0, 1, 3, 0, 0)|-0.0042000281661678275
(5, 2, 1, 0, 0, 0, 2, 0, 5, 5, 0, 1, 3, 0, 0)|-0.00578521458907075
(5, 2, 1, 0, 0, 0, 2, 0, 5, 5, 0, 2, 3, 0, 0)|0.0
(4, 2, 2, 0, 0, 0, 2, 0, 5, 5, 0, 0, 3, 0, 0)|0.0
(3, 2, 1, 0, 0, 1, 2, 0, 5, 5, 0, 1, 3, 0, 0)|0.0
(3, 2, 1, 1, 0, 0, 2, 0, 5, 5, 0, 1, 3, 0, 0)|-0.0210406661368376
(3, 2, 1, 0, 1, 0, 2, 0, 5, 5, 0, 1, 3, 0, 0)|-0.02359500099967171
(3, 2, 1, 0, 1, 0, 2, 0, 5, 5, 0, 2, 3, 0, 0)|-0.01983395726880482
(3, 2, 1, 0, 1, 0, 2, 0, 5, 5, 0, 0, 3, 0, 0)|-0.007517147294920821
(3, 2, 1, 0, 1, 0, 2, 0, 5, 5, 1, 0, 2, 0, 0)|-0.004227245603924621
(3, 2, 1, 0, 1, 0, 2, 0, 5, 5, 1, 0, 1, 0, 0)|-0.006109378270758934
(3, 2, 1, 0, 1, 0, 2, 0, 5, 5, 1, 1, 1, 0, 0)|-0.007679092618201476
(3, 2, 1, 0, 1, 0, 2, 0, 5, 5, 1, 1, 2, 0, 0)|-0.006081717762399653
(3, 3, 1, 0, 1, 0, 2, 0, 5, 5, 1, 1, 2, 0, 0)|-0.0073655134101923035
(3, 3, 1, 0, 1, 0, 2, 0, 5, 5, 1, 1, 1, 0, 0)|0.0
(3, 3, 1, 0, 1, 0, 2, 0, 5, 5, 1, 0, 1, 0, 0)|0.0
(3, 3, 1, 0, 1, 0, 2, 0, 5, 5, 1, 0, 2, 0, 0)|-0.002490852037170476
(3, 3, 0, 0, 1, 0, 2, 0, 5, 5, 0, 3, 3, 0, 0)|-0.006565022635227512
(2, 3, 1, 0, 1, 0, 2, 0, 5, 5, 0, 0, 3, 0, 0)|0.0
(1, 3, 0, 0, 1, 1, 2, 0, 5, 5, 0, 3, 3, 0, 0)|-0.05183358483586124
(1, 3, 0, 1, 1, 0, 2, 0, 5, 5, 0, 3, 3, 0, 0)|0.0
(1, 3, 0, 0, 2, 0, 2, 0, 5, 5, 0, 3, 3, 0, 0)|0.0
(1, 4, 0, 0, 1, 1, 2, 0, 5, 5, 0, 3, 3, 0, 0)|-0.02021183373899201
(1, 4, 0, 0, 1, 1, 2, 0, 5, 5, 0, 3, 3, 0, 1)|-0.005636549306841779
(1, 4, 0, 0, 1, 1, 1, 0, 5, 5, 0, 3, 3, 0, 1)|-0.0023187669834345507
(1, 4, 0, 0, 1, 1, 2, 0, 5, 4, 0, 3, 3, 0, 1)|0.0
(1, 2, 0, 0, 1, 0, 1, 1, 5, 5, 0, 3, 3, 0, 0)|-0.004652966482606121
(0, 2, 1, 0, 1, 0, 1, 1, 5, 5, 0, 0, 3, 0, 0)|-0.01088739037717308
(0, 2, 1, 0, 1, 0, 1, 1, 5, 5, 0, 1, 3, 0, 0)|0.0
(0, 2, 1, 0, 1, 0, 1, 1, 5, 5, 1, 0, 0, 0, 0)|-0.004723361794476473
(0, 2, 1, 0, 1, 0, 1, 1, 5, 5, 1, 0, 1, 0, 0)|-0.01167746121746883
(1, 2, 1, 0, 1, 0, 1, 1, 5, 5, 0, 0, 3, 0, 0)|0.0
(0, 2, 1, 0, 1, 0, 1, 1, 5, 5, 1, 1, 1, 0, 0)|-0.00639084142999072
(0, 2, 1, 0, 1, 0, 1, 1, 5, 5, 1, 1, 2, 0, 0)|-0.010720947708692169
(0, 2, 1, 0, 1, 0, 1, 1, 5, 5, 1, 0, 2, 0, 0)|-0.006447340832885813
(0, 2, 1, 0, 1, 0, 1, 1, 5, 5, 1, 1, 0, 0, 0)|-0.01378204946212273
(1, 2, 1, 0, 1, 0, 1, 1, 5, 5, 0, 1, 3, 0, 0)|-0.03854377739718947
(1, 2, 1, 0, 1, 0, 1, 1, 5, 5, 0, 2, 3, 0, 0)|-0.03721455381499228
(1, 2, 1, 0, 1, 0, 0, 1, 5, 5, 0, 1, 3, 0, 0)|-0.006838130566696711
(1, 2, 1, 0, 1, 0, 0, 1, 5, 5, 0, 2, 3, 0, 0)|0.0
(1, 0, 1, 0, 1, 0, 0, 2, 5, 5, 0, 1, 3, 0, 0)|-0.015940747278585073
(1, 0, 1, 0, 1, 0, 0, 2, 5, 5, 0, 2, 3, 0, 0)|-0.015143906715118782
(1, 0, 1, 0, 1, 0, 0, 2, 5, 5, 0, 0, 3, 0, 0)|-0.00751755568290703
(1, 0, 1, 0, 1, 0, 0, 2, 5, 5, 1, 0, 2, 0, 0)|-0.004231922146197897
(1, 0, 1, 0, 1, 0, 0, 2, 5, 5, 1, 0, 1, 0, 0)|-0.006161864716025768
(1, 0, 1, 0, 1, 0, 0, 2, 5, 5, 1, 1, 2, 0, 0)|0.0
(1, 0, 1, 0, 1, 0, 0, 2, 5, 5, 1, 1, 1, 0, 0)|-0.008274116314953882
(1, 0, 1, 0, 1, 0, 0, 2, 5, 5, 1, 1, 0, 0, 0)|-0.012895467347177192
(1, 0, 1, 0, 1, 0, 0, 2, 5, 5, 1, 2, 0, 0, 0)|0.0
(2, 0, 1, 0, 1, 0, 0, 2, 5, 5, 0, 1, 3, 0, 0)|-0.009346423660004695
(2, 0, 1, 0, 1, 0, 0, 2, 5, 5, 0, 2, 3, 0, 0)|-0.00595620582667934
(2, 0, 1, 0, 1, 0, 0, 2, 5, 5, 0, 0, 3, 0, 0)|0.0
(2, 0, 1, 0, 1, 0, 0, 1, 5, 5, 0, 2, 3, 0, 0)|-0.005942620783359274
(2, 0, 1, 0, 1, 0, 0, 1, 5, 3, 0, 2, 3, 0, 0)|-0.005788611064168886
(2, 0, 1, 0, 1, 0, 0, 1, 5, 3, 0, 1, 3, 0, 0)|-0.004042647282804318
(2, 0, 1, 0, 1, 0, 0, 1, 5, 2, 0, 2, 3, 0, 0)|-0.0039805578927216735
(2, 0, 1, 0, 1, 0, 0, 1, 5, 0, 0, 1, 3, 0, 1)|0.084437
(2, 0, 1, 0, 1, 0, 0, 1, 5, 0, 0, 1, 3, 0, 0)|0.0038404367000000007
(2, 0, 1, 0, 1, 0, 0, 1, 5, 0, 0, 2, 3, 0, 1)|0.989
(2, 0, 1, 0, 1, 0, 0, 1, 5, 0, 0, 2, 3, 0, 0)|-0.00334071709003
(5, 1, 2, 0, 0, 0, 2, 0, 5, 5, 0, 1, 3, 0, 0)|-0.009194595707186231
(5, 2, 2, 0, 0, 0, 2, 0, 5, 5, 0, 0, 3, 0, 0)|-0.005803907588864504
(5, 2, 2, 0, 0, 0, 2, 0, 5, 5, 1, 0, 2, 0, 0)|-0.004216059572883754
(5, 2, 2, 0, 0, 0, 2, 0, 5, 5, 1, 0, 1, 0, 0)|-0.0059838335901655805
(5, 2, 2, 0, 0, 0, 2, 0, 5, 5, 1, 1, 1, 0, 0)|-0.006255828772184008
(5, 2, 2, 0, 0, 0, 2, 0, 5, 5, 1, 1, 0, 0, 0)|-0.009339359727284145
(5, 2, 2, 0, 0, 0, 2, 0, 5, 5, 1, 2, 0, 0, 0)|-0.005874498073865065
(6, 2, 2, 0, 0, 0, 2, 0, 5, 5, 0, 2, 3, 0, 0)|-0.005016323548221431
(6, 2, 2, 0, 0, 0, 2, 0, 5, 5, 0, 1, 3, 0, 0)|-0.014965471921677114
(6, 2, 2, 0, 0, 0, 2, 0, 5, 5, 0, 0, 3, 0, 0)|-0.014183592671863764
(6, 2, 1, 0, 0, 0, 2, 0, 5, 5, 0, 2, 3, 0, 0)|-0.004940400220531431
(6, 2, 1, 0, 0, 0, 2, 0, 5, 5, 0, 1, 3, 0, 0)|0.0
(4, 2, 1, 0, 0, 1, 2, 0, 5, 5, 0, 2, 3, 0, 0)|0.0
(4, 2, 1, 1, 0, 0, 2, 0, 5, 5, 0, 2, 3, 0, 0)|0.0
(4, 2, 1, 0, 1, 0, 2, 0, 5, 5, 0, 2, 3, 0, 0)|-0.014113358255122678
(4, 3, 1, 0, 1, 0, 2, 0, 5, 5, 0, 2, 3, 0, 0)|-0.005007833643171284
(4, 3, 1, 0, 1, 0, 2, 0, 5, 5, 0, 1, 3, 0, 0)|-0.004102856167567822
(4, 4, 1, 0, 1, 0, 2, 0, 5, 5, 0, 2, 3, 0, 0)|-0.013738914373314336
(4, 4, 1, 0, 1, 0, 2, 0, 5, 5, 0, 1, 3, 0, 0)|-0.01340283828939629
(4, 4, 1, 0, 1, 0, 2, 0, 5, 5, 0, 2, 3, 1, 0)|-0.005509128160258387
(4, 4, 1, 0, 1, 0, 2, 0, 5, 5, 0, 1, 3, 1, 0)|-0.0030740680602262672
(4, 4, 1, 0, 1, 0, 1, 0, 5, 5, 0, 2, 3, 0, 0)|-0.0022581331349572995
(4, 4, 1, 0, 1, 0, 1, 0, 5, 5, 0, 1, 3, 0, 0)|0.0
(4, 3, 1, 0, 1, 0, 2, 0, 5, 5, 0, 1, 3, 1, 0)|-0.0022708479848927475
(4, 3, 1, 0, 1, 0, 2, 0, 5, 5, 0, 2, 3, 1, 0)|0.0
(4, 3, 1, 0, 1, 0, 2, 0, 5, 5, 0, 0, 3, 1, 0)|0.0
(4, 3, 1, 0, 1, 0, 2, 0, 5, 5, 0, 0, 3, 0, 0)|-0.00567259072749968
(4, 3, 1, 0, 1, 0, 2, 0, 5, 5, 1, 0, 2, 0, 0)|0.0
(4, 3, 1, 0, 1, 0, 1, 0, 5, 5, 0, 0, 3, 0, 0)|-0.002727358177733332
(4, 2, 1, 0, 1, 0, 2, 0, 5, 5, 1, 0, 2, 0, 0)|-0.009192868641481463
(4, 2, 1, 0, 1, 0, 2, 0, 5, 5, 1, 0, 2, 1, 0)|-0.0041800513822315005
(4, 2, 1, 0, 1, 0, 2, 0, 5, 5, 1, 1, 2, 1, 0)|-0.0055797012596128
(4, 2, 1, 0, 1, 0, 2, 0, 5, 5, 1, 1, 1, 1, 0)|0.0
(4, 2, 1, 0, 1, 0, 1, 0, 5, 5, 1, 0, 2, 0, 0)|0.0
(4, 2, 1, 0, 1, 0, 1, 0, 5, 5, 1, 1, 2, 0, 0)|0.0
(4, 2, 1, 0, 1, 0, 2, 0, 5, 5, 1, 1, 2, 0, 0)|-0.0023949416123187073
(4, 2, 1, 0, 1, 0, 2, 0, 5, 5, 1, 0, 3, 0, 0)|0.0
(4, 2, 1, 0, 1, 0, 2, 0, 5, 5, 1, 1, 3, 0, 0)|0.0
(4, 2, 1, 0, 1, 0, 2, 0, 5, 5, 1, 0, 3, 1, 0)|0.0
(4, 2, 1, 0, 1, 0, 2, 0, 5, 5, 1, 1, 3, 1, 0)|-0.003892791644284859
(4, 2, 1, 0, 1, 0, 1, 0, 5, 5, 1, 1, 3, 0, 0)|-0.0023556862433766444
(4, 2, 1, 0, 1, 0, 1, 0, 5, 5, 1, 0, 3, 0, 0)|0.0
(4, 0, 1, 0, 1, 0, 1, 1, 5, 5, 1, 1, 3, 0, 0)|-0.005063180481962717
(4, 0, 1, 0, 1, 0, 1, 1, 5, 5, 1, 0, 3, 0, 0)|0.0
(4, 0, 1, 0, 1, 0, 1, 1, 5, 5, 1, 1, 2, 0, 0)|-0.015491363433924984
(4, 0, 1, 0, 1, 0, 1, 1, 5, 5, 1, 0, 2, 0, 0)|-0.01667307853557414
(4, 0, 1, 0, 1, 0, 1, 1, 5, 5, 1, 0, 1, 0, 0)|-0.01674379967164541
(4, 0, 1, 0, 1, 0, 1, 1, 5, 5, 1, 1, 1, 0, 0)|-0.016112882011316002
(4, 0, 1, 0, 1, 0, 1, 1, 5, 5, 1, 1, 0, 0, 0)|-0.007514552969088942
(4, 0, 1, 0, 1, 0, 1, 1, 5, 5, 1, 2, 1, 0, 0)|-0.004197537397921678
(4, 0, 1, 0, 1, 0, 1, 1, 5, 5, 1, 2, 0, 0, 0)|-0.005775952838627133
(5, 0, 1, 0, 1, 0, 1, 1, 5, 5, 0, 2, 3, 0, 0)|0.0
(5, 0, 1, 0, 1, 0, 1, 1, 3, 5, 0, 2, 3, 0, 0)|-0.0038991446295404387
(5, 0, 1, 0, 1, 0, 1, 1, 3, 5, 0, 1, 3, 0, 0)|-0.0024269879858635057
(5, 0, 1, 0, 1, 0, 1, 1, 2, 5, 0, 1, 3, 0, 0)|-0.00585542206515006
(5, 0, 1, 0, 1, 0, 1, 1, 2, 5, 0, 2, 3, 0, 0)|-0.0059133661529512885
(5, 0, 1, 0, 1, 0, 1, 1, 0, 5, 0, 1, 3, 1, 0)|-0.0034217750457924715
(5, 0, 1, 0, 1, 0, 1, 1, 0, 5, 0, 2, 3, 1, 0)|0.0029306953334178303
(5, 0, 1, 0, 1, 0, 1, 0, 0, 5, 0, 1, 3, 0, 0)|-0.0003041730035318287
(5, 0, 1, 0, 1, 0, 1, 0, 0, 5, 0, 2, 3, 0, 0)|0.0742266591853853
(5, 1, 1, 0, 1, 0, 1, 0, 0, 5, 0, 1, 3, 0, 0)|-0.003886794755688317
(5, 1, 1, 0, 1, 0, 1, 0, 0, 5, 0, 2, 3, 0, 0)|-0.0022883810963896358
(5, 0, 1, 0, 1, 0, 2, 0, 0, 5, 0, 2, 3, 0, 0)|-0.004315345515440396
(5, 0, 1, 0, 1, 0, 2, 0, 0, 5, 0, 1, 3, 0, 0)|-0.007098153933113308
(5, 0, 1, 0, 1, 0, 1, 0, 0, 5, 0, 2, 3, 1, 0)|0.989
(5, 0, 1, 0, 1, 0, 1, 0, 0, 5, 0, 1, 3, 1, 0)|0.0
(5, 0, 1, 0, 1, 0, 0, 0, 0, 5, 0, 2, 3, 0, 0)|0.0
(2, 0, 1, 0, 0, 0, 1, 0, 5, 5, 0, 1, 3, 0, 0)|-0.012881806977345955
(2, 0, 1, 0, 0, 0, 1, 0, 5, 5, 0, 0, 3, 1, 0)|0.00692461783152666
(2, 0, 1, 0, 0, 0, 1, 0, 5, 5, 1, 0, 0, 1, 0)|0.0
(2, 0, 1, 0, 0, 0, 1, 0, 5, 5, 0, 1, 3, 1, 0)|0.0241450211498457
(1, 0, 2, 0, 0, 0, 1, 0, 5, 5, 0, 0, 3, 1, 0)|-0.02209256003024482
(0, 0, 1, 0, 0, 1, 1, 0, 5, 5, 0, 0, 3, 1, 0)|0.0
(0, 0, 1, 1, 0, 0, 1, 0, 5, 5, 0, 0, 3, 1, 0)|0.0
(0, 0, 1, 0, 1, 0, 1, 0, 5, 5, 0, 0, 3, 1, 0)|0.8831309619976584
(2, 0, 2, 0, 0, 0, 1, 0, 5, 5, 0, 0, 3, 1, 0)|0.97811
(2, 0, 2, 0, 0, 0, 1, 0, 5, 5, 1, 0, 0, 1, 0)|0.1762687704221085
(2, 0, 2, 0, 0, 0, 1, 0, 5, 5, 1, 0, 1, 1, 0)|0.3758753034730329
(2, 0, 2, 0, 0, 0, 0, 0, 5, 5, 1, 0, 1, 0, 0)|0.0
(1, 0, 1, 0, 1, 0, 2, 0, 5, 5, 1, 1, 0, 0, 0)|-0.030692392325836437
(1, 0, 1, 0, 1, 0, 2, 0, 5, 5, 1, 2, 1, 0, 0)|-0.02915346186809585
(1, 0, 1, 0, 1, 0, 2, 0, 5, 5, 1, 2, 1, 1, 0)|-0.004202427468713296
(1, 0, 1, 0, 1, 0, 2, 0, 5, 5, 1, 1, 1, 1, 0)|0.0
(1, 0, 1, 0, 1, 0, 2, 0, 5, 5, 1, 2, 2, 1, 0)|-0.0058308357880280095
(1, 0, 1, 0, 1, 0, 2, 0, 5, 5, 1, 1, 2, 1, 0)|-0.004521336802684645
(1, 1, 1, 0, 1, 0, 2, 0, 5, 5, 1, 2, 1, 0, 0)|-0.014456677096983154
(1, 1, 1, 0, 1, 0, 2, 0, 5, 5, 1, 1, 0, 0, 0)|-0.012302029202363993
(1, 1, 1, 0, 1, 0, 2, 0, 5, 5, 1, 1, 0, 1, 0)|-0.004006921756649505
(1, 1, 1, 0, 1, 0, 2, 0, 5, 5, 1, 0, 1, 1, 0)|0.0
(1, 1, 1, 0, 1, 0, 2, 0, 5, 5, 1, 1, 1, 1, 0)|-0.0036366078187374334
(1, 1, 1, 0, 1, 0, 2, 0, 5, 5, 1, 0, 0, 1, 0)|0.0
(1, 1, 1, 0, 1, 0, 2, 0, 5, 5, 1, 0, 0, 0, 0)|-0.011037768945397977
(2, 1, 1, 0, 1, 0, 2, 0, 5, 5, 0, 0, 3, 0, 0)|-0.010022385739375039
(2, 1, 1, 0, 1, 0, 2, 0, 5, 5, 0, 1, 3, 0, 0)|-0.008014589209873389
(2, 1, 1, 0, 1, 0, 2, 0, 5, 5, 1, 0, 1, 2, 0)|-0.0039738034511799265
(2, 1, 1, 0, 1, 0, 2, 0, 5, 5, 1, 0, 0, 2, 0)|0.0
(2, 1, 1, 0, 1, 0, 2, 0, 5, 5, 1, 0, 1, 1, 0)|-0.002258057824695731
(2, 1, 1, 0, 1, 0, 2, 0, 5, 5, 1, 0, 0, 1, 0)|0.0
(2, 1, 1, 0, 1, 0, 1, 0, 5, 5, 1, 0, 1, 1, 0)|-0.004093558604411243
(2, 1, 1, 0, 1, 0, 1, 0, 5, 5, 1, 0, 0, 1, 0)|0.0
(2, 0, 1, 0, 1, 0, 2, 0, 5, 5, 1, 1, 0, 1, 0)|-0.00831513931760315
(3, 0, 1, 0, 1, 0, 1, 0, 5, 5, 0, 1, 3, 0, 0)|-0.035131971065001384
(3, 0, 1, 0, 1, 0, 1, 0, 5, 5, 0, 2, 3, 0, 0)|-0.033391137796332314
(3, 0, 1, 0, 1, 0, 1, 0, 5, 5, 0, 2, 3, 1, 0)|-0.005883675481783349
(3, 0, 1, 0, 1, 0, 1, 0, 5, 5, 0, 1, 3, 1, 0)|-0.005120365175700305
(3, 0, 1, 0, 1, 0, 1, 0, 5, 5, 1, 1, 0, 0, 0)|-0.004313949619381438
(3, 0, 1, 0, 1, 0, 1, 0, 5, 3, 1, 1, 0, 0, 0)|0.012675164332648165
(3, 0, 1, 0, 1, 0, 0, 0, 5, 3, 1, 1, 0, 0, 0)|0.0
(3, 0, 1, 0, 1, 0, 1, 0, 5, 2, 1, 1, 1, 0, 0)|0.0
(3, 0, 1, 0, 1, 0, 1, 0, 5, 2, 1, 1, 0, 1, 0)|0.989
(3, 0, 1, 0, 1, 0, 0, 0, 5, 2, 1, 1, 0, 0, 0)|0.0
(3, 0, 1, 0, 1, 0, 1, 0, 5, 0, 1, 1, 0, 1, 0)|0.0
(3, 0, 1, 0, 1, 0, 1, 0, 5, 2, 1, 0, 1, 1, 0)|0.0
(3, 0, 1, 0, 1, 0, 1, 0, 5, 2, 1, 0, 0, 1, 0)|0.0
(0, 1, 1, 1, 0, 0, 2, 0, 5, 5, 1, 0, 0, 0, 0)|-0.020028114097381214
(0, 1, 1, 1, 0, 0, 2, 0, 5, 5, 1, 0, 1, 0, 0)|-0.010951541768355177
(0, 2, 1, 1, 0, 0, 2, 0, 5, 5, 1, 0, 1, 0, 0)|-0.008509462567638423
(0, 2, 1, 1, 0, 0, 2, 0, 5, 5, 1, 1, 0, 0, 0)|0.0
(0, 2, 1, 1, 0, 0, 2, 0, 5, 5, 1, 0, 0, 0, 0)|-0.009669739051678972
(0, 2, 1, 1, 0, 0, 2, 0, 5, 5, 1, 1, 1, 0, 0)|-0.012641698225923984
(0, 2, 1, 1, 0, 0, 2, 0, 5, 5, 1, 0, 2, 0, 0)|0.0
(0, 2, 1, 1, 0, 0, 2, 0, 5, 5, 1, 1, 2, 0, 0)|-0.009893183236087925
(0, 2, 1, 1, 0, 0, 1, 0, 5, 5, 1, 1, 1, 0, 0)|0.0
(0, 2, 1, 1, 0, 0, 1, 0, 5, 5, 1, 1, 2, 0, 0)|0.0
(1, 2, 1, 1, 0, 0, 2, 0, 5, 5, 0, 0, 3, 0, 0)|-0.009695960316004474
(1, 2, 1, 1, 0, 0, 2, 0, 5, 5, 0, 1, 3, 0, 0)|0.0
(1, 2, 1, 1, 0, 0, 2, 0, 5, 5, 1, 0, 0, 0, 0)|-0.009999258870611696
(2, 2, 1, 1, 0, 0, 2, 0, 5, 5, 0, 0, 3, 0, 0)|-0.01469990757890347
(1, 2, 1, 1, 0, 0, 2, 0, 5, 5, 1, 0, 1, 0, 0)|-0.007820325978328928
(1, 2, 1, 1, 0, 0, 2, 0, 5, 5, 1, 1, 0, 0, 0)|-0.006306784894768318
(1, 2, 1, 1, 0, 0, 2, 0, 5, 5, 1, 1, 1, 0, 0)|-0.007903672991297095
(1, 2, 1, 1, 0, 0, 2, 0, 5, 5, 1, 0, 2, 0, 0)|0.0
(1, 2, 1, 1, 0, 0, 2, 0, 5, 5, 1, 1, 2, 0, 0)|-0.007808731862042953
(2, 2, 1, 1, 0, 0, 2, 0, 5, 5, 1, 0, 0, 0, 0)|0.0
(2, 2, 1, 1, 0, 0, 2, 0, 5, 5, 0, 1, 3, 0, 0)|-0.01283518666406097
(2, 2, 1, 1, 0, 0, 1, 0, 5, 5, 0, 1, 3, 0, 0)|-0.005825399891294205
(2, 2, 1, 1, 0, 0, 1, 0, 5, 5, 0, 0, 3, 0, 0)|0.0
(2, 0, 1, 1, 0, 0, 1, 1, 5, 5, 0, 1, 3, 0, 0)|-0.0044597116087270496
(2, 0, 1, 1, 0, 0, 1, 1, 5, 5, 0, 0, 3, 0, 0)|-0.008718424340370916
(2, 0, 1, 1, 0, 0, 0, 1, 5, 5, 0, 1, 3, 0, 0)|0.0
(2, 0, 1, 1, 0, 0, 0, 1, 5, 5, 0, 0, 3, 0, 0)|0.0
(2, 0, 1, 1, 0, 0, 1, 1, 5, 5, 0, 0, 3, 1, 0)|-0.002728287843446077
(2, 0, 1, 1, 0, 0, 1, 1, 5, 5, 0, 1, 3, 1, 0)|0.0
(2, 0, 1, 1, 0, 0, 1, 1, 5, 5, 1, 0, 0, 1, 0)|0.0
(2, 0, 1, 1, 0, 0, 1, 1, 5, 5, 1, 0, 0, 0, 0)|-0.004495800217575041
(3, 0, 1, 1, 0, 0, 1, 1, 5, 5, 0, 0, 3, 0, 0)|0.0
(2, 0, 1, 1, 0, 0, 1, 1, 5, 5, 1, 0, 1, 0, 0)|0.0
(2, 0, 1, 1, 0, 0, 0, 1, 5, 5, 1, 0, 0, 0, 0)|-0.009123459232043097
(3, 0, 1, 1, 0, 0, 0, 1, 5, 5, 0, 0, 3, 0, 0)|-0.0033772001811045163
(2, 0, 1, 1, 0, 0, 0, 1, 5, 5, 1, 0, 1, 0, 0)|0.0
(3, 0, 1, 1, 0, 0, 0, 1, 5, 5, 1, 0, 0, 0, 0)|0.0
(3, 0, 1, 1, 0, 0, 0, 1, 5, 5, 0, 1, 3, 0, 0)|-0.005670167418150583
(3, 0, 1, 1, 0, 0, 0, 0, 5, 5, 0, 0, 3, 0, 0)|0.0
(3, 0, 1, 1, 0, 0, 0, 1, 5, 5, 0, 0, 3, 0, 1)|0.08711
(3, 0, 1, 1, 0, 0, 0, 0, 5, 5, 0, 0, 3, 0, 1)|0.0
(3, 0, 1, 1, 0, 0, 0, 1, 5, 5, 1, 0, 0, 0, 1)|0.989
(4, 0, 1, 1, 0, 0, 0, 1, 5, 5, 0, 0, 3, 0, 1)|0.0
(3, 0, 1, 1, 0, 0, 0, 1, 5, 5, 1, 0, 1, 0, 1)|0.0
(3, 0, 1, 1, 0, 0, 0, 0, 5, 5, 1, 0, 0, 0, 1)|0.0
(3, 0, 1, 0, 0, 0, 2, 0, 5, 5, 0, 1, 3, 0, 0)|-0.01672717666285107
(3, 0, 1, 0, 0, 0, 2, 0, 5, 5, 1, 0, 1, 0, 0)|-0.008259863050080342
(3, 0, 1, 0, 0, 0, 2, 0, 5, 5, 1, 1, 1, 0, 0)|-0.005928780691985694
(3, 0, 1, 0, 0, 0, 2, 0, 5, 5, 1, 1, 2, 0, 0)|-0.005631709938732932
(3, 0, 1, 0, 0, 0, 2, 0, 5, 5, 1, 0, 2, 0, 0)|-0.002263904462503047
(3, 1, 1, 0, 0, 0, 2, 0, 5, 5, 1, 0, 2, 0, 0)|-0.004043382916700522
(1, 1, 1, 0, 0, 1, 2, 0, 5, 5, 1, 0, 1, 0, 0)|-0.004073220885815576
(1, 1, 1, 1, 0, 0, 2, 0, 5, 5, 1, 0, 1, 0, 0)|-0.012554518961658483
(1, 1, 1, 0, 0, 1, 2, 0, 5, 5, 1, 1, 1, 0, 0)|-0.007829428603933146
(1, 1, 1, 0, 0, 1, 2, 0, 5, 5, 1, 0, 0, 0, 0)|-0.008584513584299774
(2, 1, 1, 0, 0, 1, 2, 0, 5, 5, 0, 0, 3, 0, 0)|-0.00937204560592031
(2, 1, 1, 0, 0, 1, 2, 0, 5, 5, 1, 0, 0, 0, 0)|-0.010796136874637702
(2, 1, 1, 0, 0, 1, 2, 0, 5, 5, 0, 1, 3, 0, 0)|-0.015491607248264958
(2, 2, 1, 0, 0, 1, 2, 0, 5, 5, 1, 0, 0, 0, 0)|-0.004070486049023721
(3, 2, 1, 0, 0, 1, 2, 0, 5, 5, 0, 0, 3, 0, 0)|0.0
(2, 2, 1, 0, 0, 1, 2, 0, 5, 5, 1, 0, 1, 0, 0)|-0.004350011773554658
(2, 2, 1, 0, 0, 1, 2, 0, 5, 5, 1, 1, 1, 0, 0)|-0.007487225292420398
(2, 2, 1, 0, 0, 1, 1, 0, 5, 5, 1, 1, 1, 0, 1)|0.0
(2, 2, 1, 0, 0, 1, 2, 0, 5, 5, 1, 1, 2, 0, 0)|-0.00388460205338077
(2, 2, 1, 0, 0, 1, 1, 0, 5, 5, 1, 1, 2, 0, 1)|-0.002263771642881815
(2, 2, 1, 0, 0, 1, 2, 0, 5, 5, 1, 0, 2, 0, 0)|0.0
(2, 2, 1, 0, 0, 1, 1, 0, 5, 5, 1, 0, 1, 0, 1)|0.0
(2, 2, 1, 0, 0, 1, 1, 0, 5, 5, 1, 0, 2, 0, 1)|0.0
(2, 0, 1, 0, 0, 1, 1, 1, 5, 5, 1, 1, 2, 0, 1)|-0.0040419071431312785
(2, 0, 1, 0, 0, 1, 1, 1, 5, 5, 1, 1, 2, 0, 0)|0.0
(2, 0, 1, 0, 0, 1, 0, 1, 5, 5, 1, 1, 2, 0, 1)|0.0
(2, 0, 1, 0, 0, 1, 1, 1, 5, 5, 1, 0, 1, 0, 1)|-0.004029260865670915
(2, 0, 1, 0, 0, 1, 1, 1, 5, 5, 1, 1, 1, 0, 1)|0.0
(2, 0, 1, 0, 0, 1, 1, 1, 5, 5, 1, 0, 2, 0, 1)|-0.003887327336373898
(2, 0, 1, 0, 0, 1, 1, 1, 5, 5, 1, 0, 1, 0, 0)|-0.006213809083399852
(2, 0, 1, 0, 0, 1, 0, 1, 5, 5, 1, 0, 1, 0, 1)|0.0
(2, 0, 1, 0, 0, 1, 1, 1, 5, 4, 1, 0, 1, 0, 1)|0.0
(2, 0, 1, 0, 0, 1, 1, 1, 5, 5, 1, 0, 2, 0, 0)|-0.007943318617523929
(2, 0, 1, 0, 0, 1, 1, 1, 5, 4, 1, 0, 2, 0, 1)|-0.0022943584329281424
(2, 0, 1, 0, 0, 1, 1, 0, 5, 5, 1, 0, 2, 0, 1)|0.989
(2, 0, 1, 0, 0, 0, 1, 1, 5, 4, 1, 0, 2, 0, 0)|-0.004381760365868248
(2, 0, 1, 0, 0, 0, 1, 1, 5, 4, 1, 0, 1, 0, 0)|0.0
(2, 0, 1, 0, 0, 0, 1, 1, 5, 4, 1, 1, 2, 0, 0)|0.0
(1, 0, 2, 0, 0, 0, 1, 1, 5, 4, 1, 0, 2, 0, 0)|0.0
(0, 0, 1, 0, 0, 1, 1, 1, 5, 4, 1, 0, 2, 0, 0)|-0.00784355068314532
(0, 0, 1, 1, 0, 0, 1, 1, 5, 4, 1, 0, 2, 0, 0)|0.0
(0, 0, 1, 0, 1, 0, 1, 1, 5, 4, 1, 0, 2, 0, 0)|0.0
(0, 0, 1, 0, 0, 1, 1, 1, 5, 4, 1, 0, 1, 0, 0)|-0.007814686978664317
(0, 0, 1, 0, 0, 1, 1, 1, 5, 4, 1, 1, 2, 0, 0)|-0.007964963888294221
(0, 0, 1, 0, 0, 1, 1, 1, 5, 4, 1, 1, 1, 0, 0)|-0.008228566165397966
(0, 0, 1, 0, 0, 1, 1, 1, 5, 4, 1, 0, 0, 0, 0)|-0.012373862385362847
(1, 0, 1, 0, 0, 1, 1, 1, 5, 4, 0, 0, 3, 0, 0)|-0.0031905735440851905
(1, 0, 1, 0, 0, 1, 1, 1, 5, 4, 0, 0, 3, 0, 1)|0.005525549449100002
(1, 0, 1, 0, 0, 1, 0, 1, 5, 4, 0, 0, 3, 0, 1)|0.0
(1, 0, 1, 0, 0, 1, 1, 1, 5, 4, 1, 0, 0, 0, 0)|0.0
(1, 0, 1, 0, 0, 1, 1, 1, 5, 4, 0, 1, 3, 0, 0)|0.0
(1, 0, 1, 0, 0, 1, 1, 1, 5, 4, 0, 1, 3, 0, 1)|0.08250610499000001
(1, 0, 1, 0, 0, 1, 0, 0, 5, 4, 0, 1, 3, 0, 1)|0.0
(1, 0, 1, 0, 0, 1, 1, 0, 5, 3, 0, 1, 3, 0, 0)|0.0
(2, 0, 0, 0, 0, 0, 2, 0, 5, 5, 0, 3, 3, 0, 0)|-0.007203540211330548
(0, 0, 0, 0, 0, 1, 2, 0, 5, 5, 0, 3, 3, 0, 0)|-0.03396909499108188
(0, 0, 0, 0, 1, 0, 1, 0, 5, 5, 0, 3, 3, 1, 0)|0.13624392722267817
(0, 0, 1, 0, 0, 1, 2, 0, 5, 5, 1, 1, 2, 0, 0)|-0.005990352147534634
(0, 0, 1, 0, 0, 1, 2, 0, 5, 5, 1, 2, 2, 0, 0)|-0.011260095580542702
(0, 0, 1, 0, 0, 1, 2, 0, 5, 5, 1, 2, 2, 0, 1)|-0.0114957967053435
(0, 0, 1, 0, 0, 1, 1, 0, 5, 5, 1, 2, 2, 0, 1)|0.0
(0, 0, 1, 0, 0, 1, 2, 0, 5, 5, 1, 2, 3, 0, 0)|-0.003884601960204243
(0, 0, 1, 0, 0, 1, 2, 0, 5, 5, 1, 2, 3, 0, 1)|-0.0022637705971295503
(0, 0, 1, 0, 0, 1, 1, 0, 5, 5, 1, 2, 3, 0, 1)|0.0
(0, 0, 1, 0, 0, 1, 2, 0, 5, 5, 1, 1, 2, 0, 1)|-0.004029130456359903
(0, 0, 1, 0, 0, 1, 2, 0, 5, 4, 1, 2, 2, 0, 1)|-0.002277931624500731
(0, 0, 1, 0, 0, 1, 2, 0, 5, 4, 1, 1, 2, 0, 1)|-0.0038858637077430155
(0, 0, 1, 0, 0, 1, 2, 0, 5, 3, 1, 1, 2, 0, 1)|0.0
(0, 0, 1, 0, 0, 1, 1, 0, 5, 4, 1, 1, 2, 0, 1)|0.084437
(0, 0, 1, 0, 0, 1, 2, 0, 5, 4, 1, 1, 1, 0, 1)|-0.010734293211417122
(0, 0, 1, 0, 0, 1, 2, 0, 5, 3, 1, 2, 2, 0, 1)|0.0
(0, 0, 1, 0, 0, 1, 1, 0, 5, 4, 1, 2, 2, 0, 1)|0.989
(0, 0, 1, 0, 0, 0, 2, 0, 5, 4, 1, 2, 2, 0, 0)|-0.0041992402722303415
(0, 0, 1, 0, 0, 0, 2, 0, 5, 4, 1, 1, 2, 0, 0)|-0.005795064783729972
(0, 0, 1, 0, 0, 0, 2, 0, 5, 4, 1, 2, 3, 0, 0)|0.0
(0, 0, 1, 0, 0, 0, 2, 0, 5, 4, 1, 1, 1, 0, 0)|-0.09445458334356976
(0, 0, 1, 0, 0, 0, 2, 0, 5, 4, 1, 1, 0, 0, 0)|-0.004858712016716241
(0, 1, 1, 0, 0, 0, 2, 0, 5, 4, 1, 1, 0, 0, 0)|-0.01319654339748866
(0, 1, 1, 0, 0, 0, 2, 0, 5, 4, 1, 1, 1, 0, 0)|-0.018890015257140846
(0, 1, 1, 0, 0, 0, 2, 0, 5, 4, 1, 1, 0, 1, 0)|-0.00306530326609695
(0, 1, 1, 0, 0, 0, 2, 0, 5, 4, 1, 1, 1, 1, 0)|0.0
(0, 1, 1, 0, 0, 0, 2, 0, 5, 4, 1, 1, 2, 0, 0)|-0.017700004926686413
(0, 1, 1, 0, 0, 0, 2, 0, 5, 4, 1, 2, 2, 0, 0)|-0.01761128402304842
(0, 1, 1, 0, 0, 0, 2, 0, 5, 4, 1, 2, 3, 0, 0)|-0.01457124322120112
(0, 1, 1, 0, 0, 0, 2, 0, 5, 4, 1, 2, 2, 1, 0)|-0.002353646645615913
(0, 1, 1, 0, 0, 0, 2, 0, 5, 4, 1, 1, 2, 1, 0)|-0.005040518284621253
(0, 1, 1, 0, 0, 0, 2, 0, 5, 4, 1, 2, 3, 1, 0)|0.0
(0, 2, 1, 0, 0, 0, 2, 0, 5, 4, 1, 2, 3, 0, 0)|-0.004061885610131071
(0, 2, 1, 0, 0, 0, 2, 0, 5, 4, 1, 2, 2, 0, 0)|-0.006403884225856332
(0, 2, 1, 0, 0, 0, 2, 0, 5, 4, 1, 1, 3, 0, 0)|-0.011017821717243501
(0, 2, 1, 0, 0, 0, 2, 0, 5, 4, 1, 1, 2, 0, 0)|-0.0042534860845238
(0, 2, 1, 0, 0, 0, 2, 0, 5, 4, 1, 1, 1, 0, 0)|0.0
(0, 2, 1, 0, 0, 0, 2, 0, 5, 4, 1, 0, 3, 0, 0)|-0.08232235372888329
(0, 2, 1, 0, 0, 0, 2, 0, 5, 4, 1, 0, 3, 1, 0)|-0.8935817080987031
(0, 2, 1, 0, 0, 0, 2, 0, 5, 4, 1, 0, 2, 1, 0)|-0.01370529853781122
(0, 2, 1, 0, 0, 0, 2, 0, 5, 4, 1, 1, 3, 1, 0)|-0.0066409438687217905
(0, 2, 1, 0, 0, 0, 2, 0, 5, 4, 1, 1, 2, 1, 0)|-0.09379185058
(0, 1, 1, 0, 0, 0, 1, 0, 5, 5, 1, 1, 1, 0, 0)|-0.019140009761779944
(0, 1, 1, 0, 0, 0, 1, 0, 5, 5, 1, 0, 1, 0, 0)|-0.07365137905593219
(0, 0, 1, 0, 0, 0, 1, 0, 5, 5, 1, 2, 0, 0, 0)|0.009413866009274796
(0, 0, 1, 0, 0, 0, 1, 0, 5, 5, 1, 2, 1, 0, 0)|-0.012624558375745863
(0, 1, 1, 0, 0, 0, 1, 0, 5, 5, 1, 2, 0, 0, 0)|-0.014893708482716633
(0, 0, 1, 0, 0, 0, 0, 0, 5, 5, 1, 2, 0, 0, 0)|0.0
(0, 0, 1, 0, 0, 0, 2, 0, 5, 5, 1, 3, 0, 0, 0)|-0.017720668749257578
(0, 0, 1, 0, 0, 0, 1, 0, 5, 5, 1, 3, 0, 0, 0)|0.006928436286924635
(0, 1, 1, 0, 0, 0, 1, 0, 5, 5, 1, 2, 1, 0, 0)|-0.005363442829067689
(0, 1, 1, 0, 0, 0, 1, 0, 5, 5, 1, 3, 0, 0, 0)|0.0
(0, 0, 1, 0, 0, 0, 2, 0, 5, 5, 1, 2, 3, 1, 0)|-0.011850020447906062
(0, 0, 1, 0, 0, 0, 0, 0, 5, 5, 1, 1, 1, 0, 0)|0.0
(0, 0, 2, 0, 0, 0, 2, 0, 5, 5, 1, 0, 3, 2, 0)|-0.006352461437563243
(0, 0, 2, 0, 0, 0, 2, 0, 5, 5, 1, 0, 2, 2, 0)|-0.0022478191455852113
(0, 0, 2, 0, 0, 0, 2, 0, 5, 5, 1, 1, 2, 2, 0)|-0.0027289721391202176
(0, 0, 2, 0, 0, 0, 1, 0, 5, 5, 1, 1, 2, 1, 0)|0.021470196689899503
(0, 0, 2, 0, 0, 0, 2, 0, 5, 5, 1, 0, 2, 3, 0)|-0.0038646571731690152
(0, 0, 2, 0, 0, 0, 2, 0, 5, 5, 1, 0, 3, 3, 0)|0.0
(0, 0, 2, 0, 0, 0, 2, 0, 5, 5, 1, 1, 2, 3, 0)|-0.0020399233801236213
(0, 0, 2, 0, 0, 0, 1, 0, 5, 5, 1, 0, 2, 2, 0)|0.0
(0, 0, 2, 0, 0, 0, 2, 0, 5, 5, 1, 1, 3, 2, 0)|0.0
(0, 0, 2, 0, 0, 0, 1, 0, 5, 5, 1, 1, 3, 1, 0)|0.0
(0, 0, 2, 0, 0, 0, 1, 0, 5, 5, 1, 0, 3, 1, 0)|0.90692171
(0, 0, 2, 0, 0, 0, 1, 0, 5, 5, 1, 1, 1, 1, 0)|-0.0034288517453586027
(0, 0, 2, 0, 0, 0, 1, 0, 5, 5, 1, 0, 3, 2, 0)|0.08801900000000001
(0, 0, 2, 0, 0, 0, 1, 0, 5, 5, 1, 1, 2, 2, 0)|0.0
(0, 0, 2, 0, 0, 0, 1, 0, 5, 5, 1, 1, 3, 2, 0)|0.0
(0, 0, 2, 0, 0, 0, 0, 0, 5, 5, 1, 0, 3, 1, 0)|0.0
(0, 0, 2, 0, 0, 0, 0, 0, 5, 5, 1, 0, 3, 0, 0)|0.0
(0, 0, 2, 0, 0, 0, 2, 0, 5, 5, 2, 0, 3, 0, 0)|-0.04624105944986766
(0, 0, 2, 0, 0, 0, 2, 0, 5, 5, 2, 1, 3, 0, 0)|-0.04419587043421651
(0, 0, 2, 0, 0, 0, 2, 0, 5, 5, 2, 1, 0, 1, 0)|-0.01955082694988494
(1, 0, 2, 0, 0, 0, 2, 0, 5, 5, 1, 1, 3, 1, 0)|-0.017078958011075517
(1, 0, 2, 0, 0, 0, 1, 0, 5, 5, 2, 1, 3, 0, 0)|-0.02301736744160736
(0, 0, 1, 0, 1, 0, 1, 0, 5, 5, 1, 1, 3, 0, 0)|-0.017717219416853846
(0, 0, 1, 0, 1, 0, 0, 0, 5, 5, 1, 1, 3, 0, 0)|0.0
(0, 0, 1, 0, 1, 0, 0, 0, 5, 5, 1, 2, 3, 0, 0)|0.0
(1, 1, 1, 0, 0, 1, 2, 0, 5, 4, 1, 0, 0, 0, 0)|-0.00404313398476107
(1, 1, 1, 0, 0, 1, 2, 0, 5, 4, 1, 0, 1, 0, 0)|-0.004043030131998534
(2, 1, 1, 0, 0, 1, 2, 0, 5, 4, 0, 0, 3, 0, 0)|0.0
(1, 1, 1, 0, 0, 1, 2, 0, 5, 4, 1, 1, 1, 0, 0)|0.0
(1, 1, 1, 0, 0, 1, 2, 0, 5, 4, 1, 0, 1, 0, 1)|0.0
(1, 1, 1, 0, 0, 1, 2, 0, 5, 3, 1, 0, 1, 0, 1)|0.0
(1, 1, 1, 0, 0, 1, 2, 0, 5, 3, 1, 0, 1, 0, 0)|-0.004041864556661428
(1, 1, 1, 0, 0, 1, 2, 0, 5, 3, 1, 1, 1, 0, 0)|0.0
(1, 1, 1, 0, 0, 1, 2, 0, 5, 3, 1, 0, 0, 0, 0)|-0.00402878290304632
(1, 1, 1, 0, 0, 1, 2, 0, 5, 3, 1, 1, 0, 0, 0)|0.0
(2, 1, 1, 0, 0, 1, 2, 0, 5, 3, 0, 0, 3, 0, 0)|0.0
(1, 1, 1, 0, 0, 1, 2, 0, 5, 2, 1, 0, 0, 0, 0)|-0.003881962997152865
(1, 1, 1, 0, 0, 1, 2, 0, 5, 3, 1, 0, 0, 0, 1)|0.0
(1, 1, 1, 0, 0, 1, 2, 0, 5, 2, 1, 0, 0, 0, 1)|0.0
(1, 1, 1, 0, 0, 1, 2, 0, 5, 2, 1, 0, 1, 0, 0)|0.0
(1, 1, 1, 0, 0, 1, 2, 0, 5, 2, 1, 1, 0, 0, 0)|0.0
(2, 1, 1, 0, 0, 1, 2, 0, 5, 2, 0, 0, 3, 0, 0)|0.0
(1, 1, 1, 0, 0, 1, 1, 0, 5, 2, 1, 0, 0, 0, 1)|-0.002234152605531595
(1, 1, 1, 0, 0, 1, 2, 0, 5, 1, 1, 0, 0, 0, 1)|0.0
(1, 1, 1, 0, 0, 1, 1, 0, 5, 2, 1, 0, 1, 0, 1)|-0.0037128067281288306
(1, 1, 1, 0, 0, 1, 1, 0, 5, 2, 1, 1, 1, 0, 1)|0.0
(1, 1, 1, 0, 0, 1, 1, 0, 5, 2, 1, 0, 1, 0, 0)|0.0
(1, 1, 1, 0, 0, 1, 1, 0, 5, 1, 1, 0, 1, 0, 1)|-0.0003356535143527479
(1, 0, 1, 0, 0, 1, 2, 0, 5, 0, 1, 0, 1, 0, 1)|0.0
(1, 0, 1, 0, 0, 0, 1, 0, 5, 1, 1, 1, 1, 0, 0)|-0.0022653614734198446
(1, 0, 1, 0, 0, 0, 1, 0, 5, 1, 1, 0, 1, 0, 0)|0.0
(1, 0, 1, 0, 0, 0, 1, 0, 5, 1, 1, 1, 2, 0, 0)|0.0
(0, 0, 2, 0, 0, 0, 1, 0, 5, 1, 1, 0, 1, 0, 0)|-0.006302849349190567
(0, 0, 2, 0, 0, 0, 1, 0, 5, 1, 1, 0, 2, 0, 0)|-0.004227518820282405
(0, 0, 2, 0, 0, 0, 1, 0, 5, 1, 1, 1, 2, 0, 0)|-0.00611244467208086
(0, 0, 2, 0, 0, 0, 1, 0, 5, 1, 1, 1, 1, 0, 0)|-0.01288942306673573
(0, 0, 1, 0, 0, 0, 1, 0, 5, 1, 0, 1, 3, 0, 0)|-0.03804571037455301
(0, 0, 1, 0, 0, 0, 1, 0, 5, 1, 0, 0, 3, 0, 0)|-0.03696349247623842
(0, 0, 1, 0, 0, 0, 1, 0, 5, 1, 1, 0, 0, 0, 0)|-0.011752440628837195
(0, 0, 1, 0, 0, 0, 1, 0, 5, 1, 1, 0, 1, 0, 0)|-0.09198100000000001
(0, 0, 1, 0, 0, 0, 1, 0, 5, 1, 1, 1, 1, 0, 0)|-0.991
(0, 0, 1, 1, 0, 0, 1, 0, 5, 5, 0, 0, 3, 0, 0)|-0.05086840735975416
(0, 0, 1, 1, 0, 0, 1, 0, 5, 5, 1, 0, 0, 0, 0)|0.09810483786909945
(0, 0, 1, 1, 0, 0, 1, 0, 5, 5, 1, 0, 0, 1, 0)|0.07581538413706382
(0, 0, 1, 1, 0, 0, 1, 0, 5, 5, 1, 0, 1, 0, 1)|-0.012669340573444696
(0, 0, 1, 1, 0, 0, 0, 0, 5, 5, 1, 0, 1, 0, 1)|0.0
(0, 0, 1, 1, 0, 0, 1, 0, 5, 5, 1, 0, 0, 0, 1)|0.0068046107660908895
(0, 0, 1, 1, 0, 0, 1, 0, 5, 5, 1, 1, 1, 0, 1)|0.0
(0, 0, 1, 1, 0, 0, 1, 0, 5, 5, 1, 0, 1, 1, 1)|0.0
(0, 0, 1, 1, 0, 0, 1, 0, 5, 5, 1, 1, 0, 1, 0)|0.0
(0, 0, 1, 1, 0, 0, 1, 0, 5, 3, 1, 0, 1, 1, 0)|0.0
(0, 0, 1, 1, 0, 0, 1, 0, 5, 5, 1, 0, 0, 1, 1)|0.0
(0, 0, 1, 1, 0, 0, 0, 0, 5, 5, 1, 0, 0, 0, 0)|0.0
(0, 0, 1, 1, 0, 0, 1, 0, 5, 5, 1, 1, 0, 0, 0)|0.4340304437879772
(0, 0, 1, 1, 0, 0, 1, 0, 5, 5, 1, 1, 0, 0, 1)|0.0823611342337173
(0, 0, 1, 1, 0, 0, 1, 0, 5, 5, 1, 0, 2, 0, 1)|0.0
(0, 0, 0, 1, 0, 0, 1, 0, 5, 5, 0, 3, 3, 1, 0)|-0.2891771306692028
(0, 0, 0, 1, 0, 0, 1, 0, 5, 5, 0, 3, 3, 1, 1)|-0.08036228493802001
(0, 0, 0, 1, 0, 0, 0, 0, 5, 5, 0, 3, 3, 0, 1)|0.0
(0, 0, 0, 1, 0, 0, 1, 0, 5, 3, 0, 3, 3, 0, 0)|0.0
(0, 0, 0, 1, 0, 0, 1, 0, 5, 3, 0, 3, 3, 1, 0)|0.0
(1, 0, 2, 0, 0, 0, 2, 0, 5, 5, 0, 1, 3, 2, 0)|-0.004213383479681004
(1, 0, 2, 0, 0, 0, 2, 0, 5, 5, 0, 0, 3, 2, 0)|-0.005953798874085346
(2, 0, 2, 0, 0, 0, 2, 0, 5, 5, 0, 1, 3, 2, 0)|-0.01239105879348319
(2, 0, 2, 0, 0, 0, 2, 0, 5, 5, 0, 0, 3, 2, 0)|-0.005242418474986164
(2, 0, 2, 0, 0, 0, 2, 0, 5, 5, 1, 0, 0, 2, 0)|-0.005829003970907784
(3, 0, 2, 0, 0, 0, 2, 0, 5, 5, 0, 1, 3, 2, 0)|-0.009176992369856626
(2, 0, 2, 0, 0, 0, 2, 0, 5, 5, 1, 1, 1, 2, 0)|0.0
(2, 0, 2, 0, 0, 0, 2, 0, 5, 5, 1, 1, 0, 2, 0)|-0.004500570020154226
(3, 0, 2, 0, 0, 0, 2, 0, 5, 5, 0, 0, 3, 2, 0)|-0.00793244950637636
(3, 0, 2, 0, 0, 0, 1, 0, 5, 5, 1, 1, 3, 0, 0)|-0.023434303043594767
(3, 0, 2, 0, 0, 0, 1, 0, 5, 5, 1, 0, 3, 0, 0)|-0.02670323070057848
(3, 0, 2, 0, 0, 0, 1, 0, 5, 5, 2, 0, 2, 0, 0)|-0.030213043823033962
(3, 0, 2, 0, 0, 0, 1, 0, 5, 5, 2, 0, 3, 0, 0)|-0.028941133148683514
(3, 0, 2, 0, 0, 0, 1, 0, 5, 5, 2, 0, 3, 1, 0)|-0.005260355443856366
(3, 0, 2, 0, 0, 0, 1, 0, 5, 5, 2, 0, 2, 1, 0)|-0.01770432596920724
(3, 0, 2, 0, 0, 0, 1, 0, 5, 5, 2, 0, 2, 2, 0)|-0.005236090826912409
(3, 0, 2, 0, 0, 0, 1, 0, 5, 5, 2, 0, 1, 2, 0)|-0.0033845278227900796
(3, 0, 2, 0, 0, 0, 1, 0, 5, 5, 2, 0, 1, 1, 0)|-0.01649475358655644
(3, 0, 2, 0, 0, 0, 1, 0, 5, 5, 2, 1, 1, 0, 0)|-0.008817486593067088
(4, 0, 2, 0, 0, 0, 1, 0, 5, 5, 1, 1, 1, 1, 0)|-0.006566349159896425
(4, 0, 2, 0, 0, 0, 1, 0, 5, 5, 1, 0, 1, 1, 0)|-0.0035435703826715357
(4, 0, 2, 0, 0, 0, 1, 0, 5, 5, 1, 1, 2, 1, 0)|0.0
(4, 0, 2, 0, 0, 0, 1, 0, 5, 5, 1, 1, 0, 1, 0)|0.0011128645760385917
(4, 0, 2, 0, 0, 0, 1, 0, 5, 5, 1, 0, 2, 1, 0)|-0.004081062457315091
(4, 0, 2, 0, 0, 0, 1, 0, 5, 5, 1, 1, 0, 0, 0)|0.03347627306709546
(4, 0, 2, 0, 0, 0, 1, 0, 5, 5, 1, 0, 2, 2, 0)|-0.004468714447980814
(4, 0, 2, 0, 0, 0, 1, 0, 5, 5, 1, 0, 1, 2, 0)|-0.0088194663073043
(4, 0, 2, 0, 0, 0, 1, 0, 5, 5, 1, 1, 2, 2, 0)|0.0
(4, 0, 2, 0, 0, 0, 1, 0, 5, 5, 1, 1, 1, 2, 0)|-0.0027192716368145582
(4, 0, 2, 0, 0, 0, 1, 0, 5, 5, 1, 0, 0, 2, 0)|-0.005471638239164037
(4, 0, 2, 0, 0, 0, 1, 0, 5, 5, 2, 0, 1, 2, 0)|0.0
(5, 0, 2, 0, 0, 0, 1, 0, 5, 5, 1, 0, 3, 0, 0)|-0.0192193618630061
(5, 0, 2, 0, 0, 0, 1, 0, 5, 5, 1, 0, 3, 1, 0)|-0.0057564900211934415
(5, 0, 2, 0, 0, 0, 1, 0, 5, 5, 1, 0, 2, 1, 0)|-0.009084335821297687
(5, 0, 2, 0, 0, 0, 1, 0, 5, 5, 1, 1, 2, 0, 0)|-0.021636183406338563
(5, 0, 2, 0, 0, 0, 1, 0, 5, 5, 1, 1, 1, 0, 0)|-0.01665735081328921
(5, 0, 2, 0, 0, 0, 1, 0, 5, 5, 1, 1, 1, 1, 0)|-0.006168691773390047
(5, 0, 2, 0, 0, 0, 1, 0, 5, 5, 1, 1, 2, 1, 0)|-0.005944108677333721
(5, 0, 2, 0, 0, 0, 1, 0, 5, 5, 1, 0, 1, 1, 0)|-0.007294209879531251
(5, 0, 2, 0, 0, 0, 1, 0, 5, 5, 1, 1, 3, 0, 0)|-0.014045501231916972
(5, 0, 1, 0, 0, 0, 1, 0, 5, 5, 0, 1, 3, 0, 0)|-0.004198912974463993
(5, 0, 1, 0, 0, 0, 1, 0, 5, 5, 0, 2, 3, 0, 0)|0.0
(3, 0, 1, 0, 0, 1, 1, 0, 5, 5, 0, 1, 3, 0, 0)|0.0
(3, 0, 1, 1, 0, 0, 1, 0, 5, 5, 0, 1, 3, 0, 0)|-0.005791391408125615
(3, 0, 1, 1, 0, 0, 1, 0, 5, 5, 0, 2, 3, 0, 0)|-0.004074167240594661
(3, 0, 1, 1, 0, 0, 1, 0, 5, 5, 0, 1, 3, 0, 1)|-0.007950920930802012
(3, 0, 1, 1, 0, 0, 1, 0, 5, 5, 0, 2, 3, 0, 1)|-0.004391327054934459
(3, 0, 1, 1, 0, 0, 1, 0, 5, 5, 0, 0, 3, 0, 1)|-0.009194484635755588
(3, 0, 1, 1, 0, 0, 1, 0, 5, 5, 0, 0, 3, 0, 0)|0.0
(3, 0, 1, 1, 0, 0, 1, 0, 5, 5, 1, 0, 3, 0, 1)|-0.004198743414831892
(3, 0, 1, 1, 0, 0, 1, 0, 5, 5, 1, 0, 2, 0, 1)|-0.005789488381951647
(3, 0, 1, 1, 0, 0, 0, 0, 5, 5, 1, 0, 2, 0, 1)|0.0
(3, 0, 1, 1, 0, 0, 1, 0, 5, 5, 1, 1, 2, 0, 1)|-0.004052593181553435
(3, 0, 1, 1, 0, 0, 1, 0, 5, 5, 1, 1, 3, 0, 1)|0.0
(3, 0, 1, 1, 0, 0, 1, 0, 5, 5, 1, 1, 1, 0, 1)|-0.004149193956828666
(3, 0, 1, 1, 0, 0, 1, 0, 5, 5, 1, 2, 1, 0, 1)|-0.005233377742184801
(3, 0, 1, 1, 0, 0, 1, 0, 5, 5, 1, 1, 0, 0, 1)|0.002251872800000002
(3, 0, 1, 1, 0, 0, 1, 0, 5, 5, 1, 2, 0, 0, 1)|0.0
(3, 0, 1, 1, 0, 0, 1, 0, 5, 3, 1, 2, 1, 0, 0)|0.0
(3, 0, 1, 1, 0, 0, 1, 0, 5, 3, 1, 1, 0, 0, 0)|0.08711
(4, 0, 1, 1, 0, 0, 1, 0, 5, 5, 0, 1, 3, 0, 1)|0.0
(4, 0, 1, 1, 0, 0, 1, 0, 5, 3, 0, 1, 3, 0, 0)|0.989
(4, 0, 1, 1, 0, 0, 1, 0, 5, 3, 0, 2, 3, 0, 0)|0.0
(4, 0, 1, 1, 0, 0, 1, 0, 5, 3, 0, 1, 3, 0, 1)|0.0
(4, 0, 1, 1, 0, 0, 1, 0, 5, 1, 0, 1, 3, 0, 0)|0.0
(4, 0, 1, 1, 0, 0, 1, 0, 5, 1, 0, 1, 3, 0, 1)|0.0
(4, 0, 1, 1, 0, 0, 0, 0, 5, 3, 0, 1, 3, 0, 1)|0.0
(1, 2, 1, 0, 0, 0, 2, 0, 5, 5, 1, 0, 1, 0, 0)|-0.010940472599626962
(1, 2, 1, 0, 0, 0, 2, 0, 5, 5, 1, 0, 2, 0, 0)|-0.004069354894725805
(1, 2, 1, 0, 0, 0, 2, 0, 5, 5, 1, 0, 0, 0, 0)|0.0
(0, 2, 2, 0, 0, 0, 2, 0, 5, 5, 1, 1, 3, 0, 0)|-0.012157327011996538
(0, 2, 2, 0, 0, 0, 2, 0, 5, 5, 1, 2, 3, 0, 0)|-0.008190667655549308
(0, 2, 2, 0, 0, 0, 2, 0, 5, 5, 1, 1, 2, 1, 0)|-0.0029634405290962494
(0, 2, 2, 0, 0, 0, 2, 0, 5, 5, 1, 1, 3, 1, 0)|0.0
(0, 2, 2, 0, 0, 0, 2, 0, 5, 5, 1, 0, 2, 1, 0)|0.0
(0, 2, 2, 0, 0, 0, 1, 0, 5, 5, 1, 1, 3, 0, 0)|-0.003404870972598526
(0, 2, 2, 0, 0, 0, 1, 0, 5, 5, 1, 1, 2, 0, 0)|0.0
(0, 0, 2, 0, 0, 0, 1, 1, 5, 5, 1, 1, 3, 0, 0)|-0.016720788584428062
(0, 0, 2, 0, 0, 0, 1, 1, 5, 5, 1, 2, 3, 0, 0)|-0.015417130417533354
(0, 0, 1, 0, 0, 0, 1, 1, 5, 5, 1, 0, 0, 1, 0)|0.0061708298259743576
(0, 0, 1, 0, 0, 0, 1, 1, 5, 5, 1, 1, 0, 1, 0)|0.0
(1, 0, 1, 0, 0, 0, 1, 1, 5, 5, 0, 1, 3, 1, 0)|0.0
(0, 0, 1, 0, 0, 0, 1, 0, 5, 5, 1, 2, 1, 1, 0)|-0.01907212904679213
(0, 0, 1, 0, 0, 0, 1, 0, 5, 5, 1, 1, 1, 1, 0)|-0.9304702249851281
(0, 0, 1, 0, 0, 0, 1, 0, 5, 5, 1, 1, 2, 1, 0)|-0.08097226599619141
(0, 0, 1, 0, 0, 0, 1, 0, 5, 5, 1, 1, 0, 1, 0)|-0.0011109116786814897
(0, 0, 1, 0, 0, 0, 0, 0, 5, 5, 1, 1, 2, 0, 0)|0.0
(0, 0, 1, 0, 0, 0, 0, 0, 5, 5, 1, 2, 1, 0, 0)|0.0
(0, 0, 1, 1, 0, 0, 2, 0, 5, 5, 0, 0, 3, 1, 0)|-0.010622766765929244
(0, 1, 1, 1, 0, 0, 1, 0, 5, 5, 1, 1, 0, 0, 0)|-0.013584213773095277
(1, 1, 1, 1, 0, 0, 1, 0, 5, 5, 0, 1, 3, 0, 0)|-0.006328829391055578
(0, 1, 1, 1, 0, 0, 1, 0, 5, 5, 1, 0, 0, 0, 0)|-0.007667874930668823
(1, 1, 1, 1, 0, 0, 2, 0, 5, 5, 1, 0, 0, 0, 0)|-0.004213593080909227
(2, 1, 1, 1, 0, 0, 2, 0, 5, 5, 0, 1, 3, 0, 0)|-0.0059420026401975105
(1, 1, 1, 1, 0, 0, 2, 0, 5, 5, 1, 1, 0, 0, 0)|-0.005956151300889183
(1, 1, 1, 1, 0, 0, 2, 0, 5, 5, 1, 1, 1, 0, 0)|-0.0095062916174786
(2, 1, 1, 1, 0, 0, 2, 0, 5, 5, 0, 0, 3, 0, 0)|-0.011923703261011328
(2, 1, 1, 1, 0, 0, 1, 0, 5, 5, 0, 1, 3, 0, 0)|-0.003145935869798372
(2, 1, 1, 1, 0, 0, 1, 0, 5, 5, 0, 0, 3, 0, 0)|-0.003963202885999035
(2, 0, 1, 1, 0, 0, 2, 0, 5, 5, 0, 1, 3, 0, 1)|-0.007653023527050939
(2, 0, 1, 1, 0, 0, 2, 0, 5, 5, 0, 0, 3, 0, 1)|-0.005783194762438488
(2, 0, 1, 1, 0, 0, 2, 0, 5, 3, 0, 1, 3, 0, 1)|-0.00334842010943419
(2, 0, 1, 1, 0, 0, 2, 0, 5, 3, 0, 0, 3, 0, 1)|-0.003981244231750587
(2, 0, 1, 1, 0, 0, 2, 0, 5, 5, 1, 0, 1, 0, 1)|0.0
(2, 0, 1, 1, 0, 0, 2, 0, 5, 3, 1, 0, 1, 0, 1)|0.0
(2, 0, 1, 1, 0, 0, 2, 0, 5, 3, 0, 0, 3, 0, 0)|0.0
(2, 0, 1, 1, 0, 0, 2, 0, 5, 1, 0, 0, 3, 0, 1)|0.0
(2, 0, 1, 1, 0, 0, 2, 0, 5, 3, 0, 1, 3, 0, 0)|0.0
(2, 0, 1, 1, 0, 0, 2, 0, 5, 1, 0, 1, 3, 0, 1)|0.003753983059100003
(2, 0, 1, 1, 0, 0, 1, 0, 5, 1, 0, 1, 3, 0, 1)|0.08346670100000002
(2, 0, 1, 1, 0, 0, 1, 0, 5, 1, 0, 1, 3, 0, 0)|0.0
(2, 0, 1, 1, 0, 0, 2, 0, 5, 0, 0, 1, 3, 0, 1)|0.0
(2, 0, 1, 1, 0, 0, 2, 0, 5, 1, 0, 1, 3, 0, 0)|0.0
(2, 0, 1, 1, 0, 0, 1, 0, 5, 1, 0, 0, 3, 0, 1)|0.97811
(2, 0, 1, 1, 0, 0, 1, 0, 5, 0, 0, 1, 3, 0, 1)|0.0
(2, 0, 1, 1, 0, 0, 0, 0, 5, 1, 0, 1, 3, 0, 1)|0.0
(2, 0, 1, 1, 0, 0, 1, 0, 5, 0, 0, 0, 3, 0, 1)|0.0
(2, 0, 1, 1, 0, 0, 0, 0, 5, 1, 0, 0, 3, 0, 1)|0.0
(5, 0, 2, 0, 0, 0, 2, 0, 5, 5, 0, 0, 3, 1, 0)|-0.015062306041724063
(5, 0, 2, 0, 0, 0, 2, 0, 5, 5, 1, 0, 0, 1, 0)|0.0
(5, 0, 2, 0, 0, 0, 2, 0, 5, 5, 0, 1, 3, 1, 0)|-0.022820984854003832
(5, 0, 2, 0, 0, 0, 2, 0, 5, 5, 1, 0, 2, 1, 0)|-0.0031628863763052194
(5, 0, 2, 0, 0, 0, 2, 0, 5, 5, 1, 0, 1, 1, 0)|0.0
(5, 0, 2, 0, 0, 0, 2, 0, 5, 5, 1, 0, 3, 1, 0)|0.0
(5, 0, 2, 0, 0, 0, 2, 0, 5, 5, 1, 0, 3, 0, 0)|-0.011590818620188304
(5, 0, 2, 0, 0, 0, 2, 0, 5, 5, 1, 1, 3, 0, 0)|-0.011504571256370054
(5, 0, 1, 0, 0, 0, 2, 0, 5, 5, 0, 0, 3, 0, 0)|-0.007360204495182911
(5, 0, 1, 0, 0, 0, 2, 0, 5, 5, 0, 1, 3, 0, 0)|-0.0024300584626653033
(5, 0, 1, 0, 0, 0, 2, 0, 5, 5, 0, 1, 3, 1, 0)|-0.005889538474058922
(5, 0, 1, 0, 0, 0, 2, 0, 5, 5, 0, 0, 3, 1, 0)|-0.0041879006525913035
(4, 0, 2, 0, 0, 0, 2, 0, 5, 5, 0, 1, 3, 1, 0)|0.0
(3, 0, 1, 0, 0, 1, 2, 0, 5, 5, 0, 1, 3, 1, 0)|-0.005764403615326556
(4, 0, 2, 0, 0, 0, 2, 0, 5, 5, 0, 0, 3, 1, 0)|0.0
(3, 0, 1, 0, 0, 1, 2, 0, 5, 5, 0, 0, 3, 1, 0)|-0.003768214414929946
(3, 0, 1, 0, 0, 1, 2, 0, 5, 5, 0, 1, 3, 1, 1)|0.0
(3, 0, 1, 0, 0, 1, 1, 0, 5, 5, 0, 1, 3, 0, 1)|0.0
(3, 0, 1, 0, 0, 1, 2, 0, 5, 5, 0, 0, 3, 1, 1)|0.0
(3, 0, 1, 0, 0, 1, 1, 0, 5, 5, 0, 0, 3, 0, 1)|0.0
(3, 0, 1, 0, 0, 1, 2, 0, 5, 5, 1, 0, 2, 1, 0)|-0.004262660499643131
(3, 0, 1, 0, 0, 1, 2, 0, 5, 5, 1, 1, 2, 1, 0)|-0.004231136473383689
(3, 0, 1, 0, 0, 1, 2, 0, 5, 5, 1, 0, 1, 1, 0)|-0.006506851847846589
(3, 0, 1, 0, 0, 1, 2, 0, 5, 5, 1, 1, 2, 0, 0)|-0.009154802253529121
(3, 0, 1, 0, 0, 1, 1, 0, 5, 5, 1, 1, 2, 0, 0)|-0.00782737106792036
(3, 0, 1, 0, 0, 1, 1, 0, 5, 5, 1, 0, 1, 0, 0)|-0.007907075992478932
(3, 0, 1, 0, 0, 1, 1, 0, 5, 5, 1, 0, 1, 0, 1)|-0.011101929864046144
(3, 0, 1, 0, 0, 1, 1, 0, 5, 5, 1, 0, 2, 0, 0)|-0.006245899294653715
(3, 0, 1, 0, 0, 1, 1, 0, 5, 5, 1, 0, 2, 0, 1)|-0.006411303321377647
(3, 0, 1, 0, 0, 1, 1, 0, 5, 5, 1, 0, 2, 1, 0)|-0.009226792103455587
(3, 0, 1, 0, 0, 1, 1, 0, 5, 5, 1, 0, 2, 1, 1)|0.0
(3, 0, 1, 0, 0, 1, 0, 0, 5, 5, 1, 0, 2, 0, 0)|0.0
(3, 0, 1, 0, 0, 1, 1, 0, 5, 5, 1, 1, 2, 1, 0)|-0.005822041934792249
(3, 0, 1, 0, 0, 1, 1, 0, 5, 5, 1, 0, 1, 1, 0)|-0.00457244043168013
(3, 0, 1, 0, 0, 1, 1, 0, 5, 5, 1, 0, 1, 1, 1)|-0.005769260267250272
(3, 0, 1, 0, 0, 1, 0, 0, 5, 5, 1, 0, 1, 0, 0)|0.0
(3, 0, 1, 0, 0, 1, 1, 0, 5, 5, 1, 1, 2, 0, 1)|-0.007539315867561924
(3, 0, 1, 0, 0, 1, 0, 0, 5, 5, 1, 1, 2, 0, 0)|0.0
(3, 0, 1, 0, 0, 1, 1, 0, 5, 4, 1, 1, 2, 0, 0)|0.0
(3, 0, 1, 0, 0, 1, 1, 0, 5, 4, 1, 0, 2, 0, 0)|0.0
(3, 0, 1, 0, 0, 1, 1, 0, 5, 4, 1, 0, 1, 0, 0)|0.0
(3, 0, 1, 0, 0, 1, 1, 0, 5, 5, 1, 1, 2, 1, 1)|-0.0042016439363899896
(3, 0, 1, 0, 0, 1, 1, 0, 5, 4, 1, 0, 1, 1, 0)|-0.003823272877487239
(3, 0, 1, 0, 0, 1, 1, 0, 5, 4, 1, 0, 2, 1, 0)|0.0
(3, 0, 1, 0, 0, 1, 1, 0, 5, 4, 1, 1, 2, 1, 0)|0.0
(3, 0, 1, 0, 0, 1, 1, 0, 5, 4, 1, 0, 1, 1, 1)|0.0
(3, 0, 1, 0, 0, 1, 1, 0, 5, 3, 1, 0, 1, 1, 0)|-0.00157545317045161
(3, 0, 1, 0, 0, 1, 1, 0, 5, 3, 1, 0, 2, 1, 0)|0.0
(3, 0, 1, 0, 0, 1, 1, 0, 5, 3, 1, 1, 2, 1, 0)|0.0
(3, 0, 1, 0, 0, 1, 1, 0, 5, 3, 1, 0, 1, 0, 0)|0.0036060758838710005
(3, 0, 1, 0, 0, 1, 1, 0, 5, 3, 1, 0, 2, 0, 0)|0.0
(3, 0, 1, 0, 0, 1, 1, 0, 5, 3, 1, 1, 2, 0, 0)|0.0
(3, 0, 1, 0, 0, 1, 1, 0, 5, 2, 1, 0, 1, 0, 0)|0.08180668781
(3, 0, 1, 0, 0, 1, 1, 0, 5, 3, 1, 0, 1, 0, 1)|0.0
(3, 0, 1, 0, 0, 1, 1, 0, 5, 2, 1, 0, 2, 0, 0)|0.0
(3, 0, 1, 0, 0, 1, 1, 0, 5, 2, 1, 1, 2, 0, 0)|0.0
(3, 0, 1, 0, 0, 1, 1, 0, 5, 1, 1, 0, 1, 0, 0)|0.989
(3, 0, 1, 0, 0, 1, 1, 0, 5, 2, 1, 0, 1, 0, 1)|0.0
(3, 0, 1, 0, 0, 1, 0, 0, 5, 2, 1, 0, 1, 0, 0)|0.0
(3, 0, 1, 0, 0, 1, 1, 0, 5, 1, 1, 0, 2, 0, 0)|0.0
(3, 0, 1, 0, 0, 1, 1, 0, 5, 1, 1, 1, 2, 0, 0)|0.0
(3, 0, 1, 0, 0, 1, 1, 0, 5, 0, 1, 0, 1, 0, 0)|0.0
(3, 0, 1, 0, 0, 1, 0, 0, 5, 1, 1, 0, 1, 0, 0)|0.0
(1, 0, 1, 0, 1, 0, 2, 0, 5, 5, 1, 0, 2, 0, 0)|-0.03363055983671817
(1, 0, 1, 0, 1, 0, 2, 0, 5, 5, 1, 0, 2, 1, 0)|-0.008465795028204479
(1, 0, 1, 0, 1, 0, 2, 0, 5, 5, 1, 1, 3, 0, 0)|-0.016669209988996955
(1, 0, 0, 0, 1, 0, 2, 0, 5, 5, 0, 3, 3, 0, 0)|-0.025361748811713124
(1, 0, 0, 0, 1, 0, 1, 0, 5, 5, 0, 3, 3, 0, 0)|0.10543333379502728
(0, 0, 1, 0, 1, 0, 1, 0, 5, 5, 0, 2, 3, 1, 0)|-0.14132559672217415
(0, 0, 1, 0, 1, 0, 1, 0, 5, 5, 0, 1, 3, 1, 0)|0.19977369539332962
(1, 1, 2, 0, 0, 0, 2, 0, 5, 5, 1, 0, 1, 1, 0)|-0.010926466562040181
(1, 1, 2, 0, 0, 0, 2, 0, 5, 5, 1, 0, 2, 1, 0)|-0.006466703738684657
(1, 1, 2, 0, 0, 0, 2, 0, 5, 5, 1, 1, 0, 1, 0)|-0.017020504714549016
(1, 1, 2, 0, 0, 0, 2, 0, 5, 5, 1, 1, 1, 1, 0)|-0.013384208849977096
(1, 1, 2, 0, 0, 0, 2, 0, 5, 5, 1, 1, 2, 1, 0)|-0.010894790311578424
(1, 0, 2, 0, 0, 0, 2, 0, 5, 5, 1, 0, 3, 1, 0)|-0.0028927154663131232
(1, 0, 1, 0, 0, 0, 2, 0, 5, 5, 1, 2, 2, 1, 0)|-0.008508455834826657
(1, 0, 0, 0, 0, 0, 0, 0, 5, 5, 0, 3, 3, 0, 0)|0.0
(0, 1, 1, 0, 0, 1, 2, 0, 5, 5, 0, 1, 3, 0, 0)|-0.01841602102128872
(0, 1, 1, 1, 0, 0, 2, 0, 5, 5, 0, 1, 3, 0, 0)|-0.015089707908334735
(0, 1, 1, 1, 0, 0, 2, 0, 5, 5, 0, 1, 3, 1, 0)|-0.010085059596369746
(0, 1, 1, 1, 0, 0, 2, 0, 5, 5, 1, 0, 3, 0, 0)|-0.004057130461665954
(0, 1, 1, 1, 0, 0, 2, 0, 5, 5, 1, 1, 3, 0, 0)|0.0
(0, 1, 1, 1, 0, 0, 2, 0, 5, 5, 1, 0, 2, 0, 0)|-0.00420011741488163
(0, 1, 1, 1, 0, 0, 1, 0, 5, 5, 1, 0, 3, 0, 0)|0.0
(0, 1, 1, 1, 0, 0, 1, 0, 5, 5, 1, 0, 2, 0, 0)|0.0
(0, 1, 1, 1, 0, 0, 2, 0, 5, 5, 1, 1, 2, 0, 0)|-0.0058049092579307415
(0, 1, 1, 1, 0, 0, 2, 0, 5, 5, 1, 1, 1, 0, 0)|-0.013737160608529935
(0, 1, 1, 1, 0, 0, 2, 0, 5, 5, 1, 1, 0, 0, 0)|-0.010098341122218944
(1, 0, 1, 1, 0, 0, 2, 0, 5, 5, 0, 1, 3, 0, 1)|0.07108748402231711
(1, 0, 1, 1, 0, 0, 0, 0, 5, 5, 0, 1, 3, 0, 1)|0.0
(0, 1, 1, 0, 0, 0, 2, 0, 5, 5, 0, 3, 3, 0, 0)|-0.0359333211453243
(0, 2, 1, 0, 0, 0, 2, 0, 5, 5, 0, 3, 3, 0, 0)|-0.03963011212036688
(0, 2, 1, 0, 0, 0, 2, 0, 5, 5, 0, 2, 3, 0, 0)|-0.04031768413288893
(0, 3, 1, 0, 0, 0, 2, 0, 5, 5, 0, 3, 3, 0, 0)|-0.009361709062036589
(0, 3, 1, 0, 0, 0, 2, 0, 5, 5, 0, 2, 3, 0, 0)|-0.044549829065476186
(0, 3, 1, 0, 0, 0, 2, 0, 5, 5, 0, 2, 3, 1, 0)|-0.011440699936429849
(0, 3, 1, 0, 0, 0, 2, 0, 5, 5, 0, 1, 3, 0, 0)|-0.09607222656199685
(0, 3, 1, 0, 0, 0, 2, 0, 5, 5, 0, 0, 3, 0, 0)|-1.0
(2, 1, 1, 0, 1, 0, 2, 0, 5, 5, 1, 1, 0, 0, 0)|-0.02011890244057084
(2, 1, 1, 0, 1, 0, 2, 0, 5, 5, 1, 2, 1, 0, 0)|-0.021434965273054156
(2, 1, 1, 0, 1, 0, 1, 0, 5, 5, 1, 2, 1, 0, 0)|-0.002907260659081752
(2, 1, 1, 0, 1, 0, 1, 0, 5, 5, 1, 2, 2, 0, 0)|0.0
(2, 0, 1, 0, 1, 0, 2, 0, 5, 5, 1, 2, 1, 0, 0)|-0.01119178510090835
(2, 0, 1, 0, 1, 0, 2, 0, 5, 5, 1, 2, 2, 0, 0)|-0.006437046759231423
(2, 0, 1, 0, 1, 0, 1, 0, 5, 5, 1, 1, 0, 0, 0)|0.08806536537974864
(2, 0, 1, 0, 1, 0, 1, 0, 5, 5, 1, 2, 1, 0, 0)|-0.008178195939823924
(2, 0, 1, 0, 1, 0, 0, 0, 5, 5, 1, 0, 0, 0, 0)|0.0
(0, 0, 1, 0, 1, 0, 2, 0, 5, 5, 0, 0, 3, 2, 0)|-0.007395542399748583
(0, 0, 1, 0, 1, 0, 2, 0, 5, 5, 0, 1, 3, 2, 0)|-0.0043499675377014
(0, 0, 1, 0, 1, 0, 2, 0, 5, 5, 1, 0, 0, 2, 0)|0.0
(0, 0, 1, 0, 1, 0, 2, 0, 5, 3, 1, 0, 1, 1, 0)|-0.0022650193845496795
(0, 0, 1, 0, 1, 0, 2, 0, 5, 3, 1, 0, 0, 1, 0)|-0.004055770939440883
(0, 0, 1, 0, 1, 0, 2, 0, 5, 3, 1, 1, 0, 1, 0)|0.0
(0, 0, 1, 0, 1, 0, 2, 0, 5, 3, 1, 0, 0, 0, 0)|-0.004184859028517198
(0, 0, 1, 0, 1, 0, 2, 0, 5, 2, 1, 0, 0, 0, 0)|-0.0056336591303838114
(0, 0, 1, 0, 1, 0, 2, 0, 5, 3, 1, 0, 1, 0, 0)|0.0
(0, 0, 1, 0, 1, 0, 2, 0, 5, 3, 1, 1, 0, 0, 0)|0.0
(0, 0, 1, 0, 1, 0, 2, 0, 5, 2, 1, 0, 0, 0, 1)|-0.006801457319527563
(0, 0, 1, 0, 1, 0, 2, 0, 5, 0, 1, 0, 0, 0, 1)|0.021096404565518583
(0, 0, 1, 0, 1, 0, 2, 0, 5, 0, 1, 0, 0, 0, 0)|-0.0032560861860515926
(0, 0, 1, 0, 1, 0, 2, 0, 5, 2, 1, 0, 1, 0, 0)|0.0
(0, 0, 1, 0, 1, 0, 2, 0, 5, 2, 1, 1, 0, 0, 0)|-0.0022860018862452917
(0, 0, 1, 0, 1, 0, 2, 0, 5, 2, 1, 1, 0, 0, 1)|-0.004288909847169906
(0, 0, 1, 0, 1, 0, 2, 0, 5, 0, 1, 1, 0, 0, 1)|0.0
(0, 0, 1, 0, 1, 0, 2, 0, 5, 0, 1, 1, 0, 0, 0)|0.0
(1, 0, 1, 0, 1, 0, 2, 0, 5, 2, 0, 1, 3, 0, 1)|0.0
(0, 0, 1, 0, 1, 0, 2, 0, 5, 2, 1, 0, 1, 0, 1)|0.0
(0, 0, 1, 0, 1, 0, 2, 0, 5, 2, 1, 1, 1, 0, 1)|-0.005943975629121289
(1, 0, 1, 0, 1, 0, 2, 0, 5, 0, 1, 0, 0, 0, 1)|-0.0040443441294482005
(1, 0, 1, 0, 1, 0, 1, 0, 5, 0, 0, 1, 3, 0, 1)|0.0
(1, 0, 1, 0, 1, 0, 1, 0, 5, 0, 1, 0, 0, 0, 1)|1.0
(1, 0, 1, 0, 1, 0, 1, 0, 5, 0, 0, 0, 3, 0, 0)|0.0
(0, 0, 1, 0, 0, 1, 2, 0, 5, 5, 1, 2, 1, 0, 0)|-0.01795670537142095
(0, 0, 1, 0, 0, 1, 2, 0, 5, 5, 1, 2, 1, 1, 0)|0.01401521430221065
(0, 0, 1, 0, 0, 1, 2, 0, 5, 5, 1, 1, 0, 1, 0)|0.009883443411235461
(0, 0, 1, 0, 0, 1, 2, 0, 5, 5, 1, 2, 1, 0, 1)|0.0
(0, 0, 1, 0, 0, 1, 2, 0, 5, 4, 1, 2, 1, 0, 1)|-0.002866086389027541
(0, 0, 1, 0, 0, 1, 2, 0, 5, 4, 1, 1, 0, 0, 1)|0.0
(0, 0, 1, 0, 0, 0, 2, 0, 5, 4, 1, 0, 2, 0, 0)|-0.98209
(0, 0, 1, 0, 0, 0, 2, 0, 5, 4, 1, 2, 1, 0, 0)|0.0
(1, 1, 1, 0, 0, 0, 0, 0, 5, 5, 1, 0, 0, 0, 0)|-0.002725058955538858
(1, 1, 1, 0, 0, 0, 0, 0, 5, 5, 1, 0, 1, 0, 0)|0.0
(2, 1, 1, 0, 0, 0, 0, 0, 5, 5, 0, 0, 3, 0, 0)|0.0
(0, 1, 2, 0, 0, 0, 0, 0, 5, 5, 1, 0, 0, 0, 0)|-0.009167321728209528
(0, 1, 2, 0, 0, 0, 0, 0, 5, 5, 1, 0, 1, 0, 0)|0.0
(1, 1, 2, 0, 0, 0, 0, 0, 5, 5, 0, 0, 3, 0, 0)|-0.0038845529739980752
(1, 1, 2, 0, 0, 0, 0, 0, 5, 5, 0, 1, 3, 0, 0)|-0.0022632208080592
(1, 1, 2, 0, 0, 0, 0, 0, 5, 5, 1, 0, 0, 0, 0)|0.0
(1, 1, 2, 0, 0, 0, 0, 0, 5, 5, 0, 1, 3, 1, 0)|-0.004035786756213331
(1, 1, 2, 0, 0, 0, 0, 0, 5, 5, 0, 0, 3, 1, 0)|-0.003960569654470596
(1, 0, 2, 0, 0, 0, 1, 0, 5, 5, 0, 1, 3, 1, 0)|-0.024019226280138757
(2, 0, 2, 0, 0, 0, 1, 0, 5, 5, 0, 1, 3, 1, 0)|0.0
(2, 0, 2, 0, 0, 0, 0, 0, 5, 5, 0, 0, 3, 0, 0)|0.0
(0, 0, 1, 0, 0, 0, 2, 0, 5, 5, 0, 0, 3, 2, 0)|-0.0697306656902953
(0, 0, 1, 0, 0, 0, 2, 0, 5, 5, 1, 1, 2, 2, 0)|0.0
(0, 1, 1, 0, 0, 0, 2, 0, 5, 5, 1, 1, 3, 0, 0)|-0.991
(0, 1, 1, 0, 0, 0, 2, 0, 5, 5, 1, 0, 3, 0, 0)|-0.09690917621767264
(0, 1, 1, 0, 0, 0, 2, 0, 5, 5, 1, 1, 3, 1, 0)|-0.004050870680081028
(0, 1, 1, 0, 0, 0, 2, 0, 5, 5, 1, 0, 3, 1, 0)|-0.002414617076284784
(0, 1, 1, 0, 0, 0, 1, 0, 5, 5, 1, 0, 3, 0, 0)|-0.0063218612697263695
(2, 1, 1, 0, 0, 0, 1, 0, 5, 5, 0, 1, 3, 1, 0)|0.0
(2, 1, 1, 0, 0, 0, 1, 0, 5, 5, 1, 0, 0, 1, 0)|0.0
(1, 0, 1, 0, 0, 1, 2, 0, 5, 4, 0, 1, 3, 0, 1)|0.143450689128759
(1, 0, 1, 0, 0, 1, 2, 0, 5, 4, 0, 0, 3, 0, 1)|0.0
(1, 0, 1, 0, 0, 1, 2, 0, 5, 3, 0, 1, 3, 0, 1)|0.0
(1, 0, 1, 0, 0, 1, 2, 0, 5, 4, 0, 1, 3, 0, 0)|0.0
(1, 0, 1, 0, 0, 0, 1, 0, 5, 4, 1, 0, 0, 0, 0)|-0.009592005977715607
(1, 0, 1, 0, 0, 0, 1, 0, 5, 4, 1, 0, 1, 0, 0)|-0.008361160298427721
(2, 0, 1, 0, 0, 0, 1, 0, 5, 4, 0, 0, 3, 0, 0)|-0.009333135260472034
(1, 0, 1, 0, 0, 0, 1, 0, 5, 4, 1, 1, 1, 0, 0)|-0.006251313395757591
(1, 0, 1, 0, 0, 0, 1, 0, 5, 4, 1, 1, 0, 0, 0)|-0.006215647936068189
(2, 0, 1, 0, 0, 0, 1, 0, 5, 4, 1, 0, 0, 0, 0)|0.0
(2, 0, 1, 0, 0, 0, 1, 0, 5, 4, 0, 1, 3, 0, 0)|0.0
(0, 0, 1, 0, 0, 1, 1, 0, 5, 4, 0, 0, 3, 0, 0)|-0.005802500333257358
(0, 0, 1, 1, 0, 0, 1, 0, 5, 4, 0, 0, 3, 0, 0)|0.0
(0, 0, 1, 0, 1, 0, 1, 0, 5, 4, 0, 0, 3, 0, 0)|0.0
(0, 0, 1, 0, 0, 1, 1, 0, 5, 4, 1, 0, 0, 0, 0)|-0.004200105921814752
(0, 0, 1, 0, 0, 1, 1, 0, 5, 4, 1, 0, 1, 0, 0)|-0.005804780267281165
(0, 0, 1, 0, 0, 1, 0, 0, 5, 4, 1, 0, 1, 0, 0)|0.0
(0, 0, 1, 0, 0, 1, 1, 0, 5, 4, 1, 1, 0, 0, 0)|0.0
(0, 0, 1, 0, 0, 1, 0, 0, 5, 4, 1, 1, 1, 0, 1)|0.0
(0, 0, 1, 0, 0, 1, 0, 0, 5, 4, 1, 1, 1, 0, 0)|0.0
(0, 0, 1, 0, 0, 1, 1, 0, 5, 4, 1, 1, 2, 0, 0)|0.0038404367000000007
(0, 0, 1, 0, 0, 1, 1, 0, 5, 4, 1, 2, 1, 0, 0)|-0.006094869545196978
(0, 0, 1, 0, 0, 1, 1, 0, 5, 4, 1, 2, 1, 0, 1)|0.0
(0, 0, 1, 0, 0, 1, 1, 0, 5, 3, 1, 2, 1, 0, 0)|-0.0075146113797569004
(0, 0, 1, 0, 0, 1, 1, 0, 5, 3, 1, 1, 1, 0, 0)|-0.004198206271559366
(0, 0, 1, 0, 0, 1, 1, 0, 5, 3, 1, 1, 2, 0, 0)|0.0
(0, 0, 1, 0, 0, 1, 1, 0, 5, 2, 1, 2, 1, 0, 1)|0.0
(0, 0, 1, 0, 0, 1, 1, 0, 5, 3, 1, 2, 1, 0, 1)|-0.0039842493161443455
(0, 0, 1, 0, 0, 1, 1, 0, 5, 2, 1, 2, 1, 0, 0)|-0.003382147207007241
(0, 0, 1, 0, 0, 1, 1, 0, 5, 2, 1, 1, 1, 0, 1)|0.0
(0, 0, 1, 0, 0, 1, 1, 0, 5, 3, 1, 1, 1, 0, 1)|0.0008653263441785013
(0, 0, 1, 0, 0, 1, 1, 0, 5, 2, 1, 1, 1, 0, 0)|0.0033754522221409603
(0, 0, 1, 0, 0, 1, 1, 0, 5, 3, 1, 0, 1, 0, 0)|0.06598465595160008
(0, 0, 1, 0, 0, 1, 1, 0, 5, 3, 1, 1, 2, 0, 1)|0.0
(0, 0, 1, 0, 0, 1, 0, 0, 5, 2, 1, 2, 1, 0, 1)|0.0
(0, 0, 1, 0, 0, 1, 0, 0, 5, 2, 1, 2, 1, 0, 0)|0.0
(0, 0, 1, 0, 0, 1, 1, 0, 5, 1, 1, 2, 1, 0, 0)|0.0
(0, 0, 1, 0, 0, 1, 1, 0, 5, 2, 1, 1, 2, 0, 0)|0.0
(0, 0, 1, 0, 0, 1, 0, 0, 5, 2, 1, 1, 1, 0, 1)|0.0
(0, 0, 1, 0, 0, 1, 0, 0, 5, 2, 1, 1, 1, 0, 0)|0.0
(0, 0, 1, 0, 0, 1, 1, 0, 5, 1, 1, 1, 1, 0, 0)|0.07921831899148102
(0, 0, 1, 0, 0, 1, 1, 0, 5, 1, 1, 1, 2, 0, 0)|0.0
(0, 0, 1, 0, 0, 1, 1, 0, 5, 1, 1, 0, 1, 0, 0)|0.989
(0, 0, 1, 0, 0, 1, 1, 0, 5, 1, 1, 0, 0, 0, 0)|0.0
(0, 0, 1, 0, 0, 1, 1, 0, 5, 1, 1, 1, 0, 0, 0)|0.0
(0, 0, 1, 0, 0, 1, 1, 0, 5, 1, 1, 0, 1, 0, 1)|0.0
(0, 0, 1, 0, 0, 1, 1, 0, 5, 0, 1, 0, 1, 0, 0)|0.0
(0, 0, 2, 0, 0, 0, 1, 0, 5, 5, 1, 0, 0, 1, 0)|-0.013426904483771115
(0, 0, 2, 0, 0, 0, 1, 0, 5, 5, 1, 0, 0, 2, 0)|-0.016088400877810518
(0, 0, 2, 0, 0, 0, 1, 0, 5, 5, 1, 0, 1, 2, 0)|-0.011894026099950139
(0, 0, 1, 0, 0, 0, 0, 0, 5, 5, 0, 0, 3, 0, 0)|0.0
(1, 0, 1, 0, 1, 0, 2, 0, 5, 3, 0, 0, 3, 0, 1)|0.0
(1, 0, 1, 0, 1, 0, 2, 0, 5, 5, 0, 0, 3, 1, 1)|0.0012746975203193653
(1, 0, 1, 0, 1, 0, 2, 0, 5, 5, 0, 1, 3, 1, 1)|0.0
(1, 0, 1, 0, 1, 0, 2, 0, 5, 5, 1, 0, 0, 1, 1)|0.0
(1, 0, 1, 0, 1, 0, 0, 0, 5, 5, 0, 1, 3, 0, 0)|0.0
(1, 0, 1, 0, 1, 0, 1, 0, 5, 5, 0, 1, 3, 1, 0)|0.0
(1, 0, 1, 0, 1, 0, 1, 0, 5, 5, 0, 0, 3, 1, 0)|0.20811248760209083
(1, 0, 1, 0, 1, 0, 1, 0, 5, 5, 1, 0, 2, 0, 1)|0.0
(1, 0, 1, 0, 1, 0, 1, 0, 5, 3, 0, 1, 3, 0, 1)|0.0
(1, 0, 1, 0, 1, 0, 0, 0, 5, 5, 0, 0, 3, 0, 0)|0.0
(1, 0, 1, 0, 1, 0, 1, 0, 5, 5, 1, 0, 2, 1, 1)|0.0
(1, 0, 0, 0, 1, 0, 1, 0, 5, 5, 0, 3, 3, 0, 1)|-0.004079508808555249
(0, 0, 1, 0, 1, 0, 1, 0, 5, 5, 0, 2, 3, 0, 1)|-0.004451277312629053
(1, 0, 0, 0, 1, 0, 1, 0, 5, 3, 0, 3, 3, 0, 1)|0.0
(0, 0, 1, 0, 1, 0, 1, 0, 5, 3, 0, 2, 3, 0, 1)|-0.00862376332917006
(0, 0, 1, 0, 1, 0, 1, 0, 5, 5, 0, 1, 3, 0, 1)|0.001843808105403098
(0, 0, 1, 0, 1, 0, 1, 0, 5, 3, 0, 1, 3, 0, 1)|-0.0022811694157068556
(0, 0, 1, 0, 1, 0, 1, 0, 5, 3, 0, 1, 3, 1, 1)|-0.004235215730076174
(0, 0, 1, 0, 1, 0, 1, 0, 5, 3, 0, 2, 3, 1, 1)|-0.006198829742717998
(0, 0, 1, 0, 1, 0, 1, 0, 5, 2, 0, 2, 3, 0, 1)|-0.003172348973778639
(0, 0, 1, 0, 1, 0, 1, 0, 5, 2, 0, 3, 3, 0, 1)|0.0
(0, 0, 1, 0, 1, 0, 1, 0, 5, 2, 0, 1, 3, 0, 1)|0.0
(0, 0, 1, 0, 1, 0, 1, 0, 5, 0, 0, 2, 3, 0, 1)|0.08541710000000001
(0, 0, 1, 0, 1, 0, 1, 0, 5, 0, 0, 3, 3, 0, 1)|1.0
(0, 0, 1, 0, 1, 0, 1, 0, 5, 0, 0, 1, 3, 0, 1)|0.0
(0, 0, 2, 0, 0, 0, 0, 0, 5, 5, 1, 1, 1, 0, 0)|0.0
(0, 0, 2, 0, 0, 0, 0, 0, 5, 5, 1, 1, 2, 0, 0)|0.0
(0, 0, 2, 0, 0, 0, 0, 0, 5, 5, 1, 0, 2, 0, 0)|0.0
(2, 0, 1, 0, 0, 0, 2, 0, 5, 5, 1, 1, 1, 1, 0)|0.01991809452835664
(0, 0, 1, 1, 0, 0, 2, 0, 5, 3, 0, 2, 3, 0, 0)|-0.004043119633467245
(0, 0, 1, 1, 0, 0, 2, 0, 5, 3, 0, 1, 3, 0, 0)|0.0
(0, 0, 1, 1, 0, 0, 2, 0, 5, 3, 0, 2, 3, 0, 1)|0.0
(0, 0, 1, 1, 0, 0, 2, 0, 5, 1, 0, 2, 3, 0, 1)|-0.004040056817992233
(0, 0, 1, 1, 0, 0, 2, 0, 5, 1, 0, 2, 3, 0, 0)|-0.004042869062483108
(0, 0, 1, 1, 0, 0, 2, 0, 5, 1, 0, 1, 3, 0, 0)|-0.0036542539741135378
(0, 0, 1, 1, 0, 0, 2, 0, 5, 0, 0, 2, 3, 0, 1)|0.0
(0, 0, 1, 1, 0, 0, 2, 0, 5, 1, 0, 1, 3, 0, 1)|-0.004008494029093516
(0, 0, 1, 1, 0, 0, 2, 0, 5, 0, 0, 1, 3, 0, 1)|0.0
(0, 0, 1, 1, 0, 0, 0, 0, 5, 1, 0, 2, 3, 0, 1)|0.0
(0, 0, 1, 1, 0, 0, 0, 0, 5, 1, 0, 2, 3, 0, 0)|0.0
(0, 0, 1, 1, 0, 0, 1, 0, 5, 1, 0, 2, 3, 1, 1)|-0.0012428691682166936
(0, 0, 1, 1, 0, 0, 1, 0, 5, 1, 0, 1, 3, 1, 1)|0.0273853067540214
(0, 0, 1, 1, 0, 0, 1, 0, 5, 0, 0, 2, 3, 1, 1)|0.0
(0, 0, 1, 1, 0, 0, 1, 0, 5, 0, 0, 2, 3, 1, 0)|0.0
(0, 0, 1, 1, 0, 0, 0, 0, 5, 1, 0, 1, 3, 0, 1)|0.0
(0, 0, 1, 0, 0, 0, 1, 0, 5, 1, 0, 2, 3, 0, 0)|-0.03956747593720299
(0, 0, 1, 0, 0, 0, 1, 0, 5, 1, 0, 2, 3, 1, 0)|-0.005592521187553556
(0, 0, 1, 0, 0, 0, 1, 0, 5, 1, 0, 1, 3, 1, 0)|-0.011984818346750095
(0, 0, 1, 0, 0, 0, 1, 0, 5, 1, 0, 0, 3, 1, 0)|-0.014121609762066674
(0, 0, 1, 0, 0, 0, 1, 0, 5, 1, 1, 0, 1, 1, 0)|-0.00790219153220276
(0, 0, 1, 0, 0, 0, 1, 0, 5, 1, 1, 0, 0, 1, 0)|-0.003919870631695348
(0, 0, 1, 0, 0, 0, 1, 0, 5, 1, 1, 0, 2, 1, 0)|-0.010949218918144417
(0, 0, 1, 0, 0, 0, 1, 0, 5, 1, 1, 1, 1, 1, 0)|0.0
(0, 0, 1, 0, 0, 0, 1, 0, 5, 1, 1, 1, 2, 1, 0)|-0.008024924759869278
(0, 0, 1, 0, 0, 0, 1, 0, 5, 1, 1, 1, 3, 1, 0)|-0.00612529656393602
(0, 0, 1, 0, 0, 0, 1, 0, 5, 1, 1, 0, 3, 1, 0)|-0.00623650277081007
(0, 0, 1, 0, 0, 0, 1, 0, 5, 1, 1, 0, 3, 0, 0)|-0.007757196850146358
(0, 0, 1, 0, 0, 0, 1, 0, 5, 1, 1, 0, 2, 0, 0)|-0.007735551843917964
(0, 0, 1, 0, 0, 0, 1, 0, 5, 1, 1, 1, 3, 0, 0)|-0.005969999831694036
(0, 0, 1, 0, 0, 0, 1, 0, 5, 1, 1, 1, 2, 0, 0)|-0.00609899944103249
(0, 0, 1, 0, 0, 0, 1, 0, 5, 1, 1, 1, 0, 0, 0)|-0.002565898642635488
(1, 0, 1, 0, 0, 0, 1, 0, 5, 1, 0, 1, 3, 0, 0)|-0.002872869411524722
(0, 0, 1, 0, 0, 0, 1, 0, 5, 1, 1, 1, 0, 1, 0)|-0.007398873807060972
(1, 0, 1, 0, 0, 0, 1, 0, 5, 1, 0, 1, 3, 1, 0)|0.0
(1, 0, 1, 0, 0, 0, 1, 0, 5, 1, 0, 2, 3, 0, 0)|0.0
(1, 0, 1, 0, 0, 0, 1, 0, 5, 1, 0, 0, 3, 0, 0)|0.0
(0, 0, 2, 0, 0, 0, 1, 0, 5, 1, 0, 1, 3, 0, 0)|-0.010809660128052468
(0, 0, 2, 0, 0, 0, 1, 0, 5, 1, 0, 0, 3, 0, 0)|-0.015618192157749795
(0, 0, 2, 0, 0, 0, 1, 0, 5, 1, 1, 0, 0, 0, 0)|-0.01238440098235517
(0, 0, 2, 0, 0, 0, 1, 0, 5, 1, 1, 1, 0, 0, 0)|-0.010278806099371835
(1, 0, 2, 0, 0, 0, 1, 0, 5, 1, 0, 1, 3, 0, 0)|0.0
(0, 0, 2, 0, 0, 0, 1, 0, 5, 1, 2, 0, 0, 0, 0)|0.0
(1, 0, 2, 0, 0, 0, 1, 0, 5, 1, 0, 0, 3, 0, 0)|0.0
(1, 0, 2, 0, 0, 0, 1, 0, 5, 1, 1, 0, 1, 0, 0)|-0.004219001764284126
(1, 0, 2, 0, 0, 0, 1, 0, 5, 1, 1, 0, 0, 0, 0)|-0.006016854818003651
(1, 0, 2, 0, 0, 0, 1, 0, 5, 1, 1, 0, 2, 0, 0)|0.0
(1, 0, 2, 0, 0, 0, 1, 0, 5, 1, 1, 1, 0, 0, 0)|-0.00663018091128627
(1, 0, 2, 0, 0, 0, 1, 0, 5, 1, 1, 1, 1, 0, 0)|0.0
(2, 0, 2, 0, 0, 0, 1, 0, 5, 1, 0, 1, 3, 0, 0)|0.04501672476449053
(2, 0, 2, 0, 0, 0, 1, 0, 5, 1, 0, 2, 3, 0, 0)|-0.003549114462270314
(2, 0, 2, 0, 0, 0, 1, 0, 5, 1, 0, 0, 3, 0, 0)|0.9673289
(2, 0, 2, 0, 0, 0, 1, 0, 5, 1, 1, 0, 1, 0, 0)|0.0
(2, 0, 2, 0, 0, 0, 0, 0, 5, 1, 0, 0, 3, 0, 0)|0.0
(0, 1, 2, 0, 0, 0, 2, 0, 5, 5, 1, 1, 3, 1, 0)|-0.015804565985543313
(0, 1, 2, 0, 0, 0, 2, 0, 5, 5, 1, 0, 3, 1, 0)|-0.015085790850742053
(0, 1, 2, 0, 0, 0, 1, 0, 5, 5, 1, 1, 3, 0, 0)|-0.005182755934097819
(0, 1, 2, 0, 0, 0, 1, 0, 5, 5, 1, 0, 3, 0, 0)|-0.03535159237397852
(1, 1, 1, 0, 0, 0, 2, 0, 5, 5, 1, 0, 0, 0, 0)|-0.01539483808776139
(1, 1, 1, 0, 0, 0, 2, 0, 5, 5, 1, 0, 0, 1, 0)|-0.011383902459224092
(1, 1, 1, 0, 0, 0, 2, 0, 5, 5, 1, 1, 0, 1, 0)|0.0
(1, 2, 2, 0, 0, 0, 2, 0, 5, 5, 1, 0, 1, 0, 0)|-0.018417132899673314
(1, 2, 2, 0, 0, 0, 2, 0, 5, 5, 1, 0, 0, 0, 0)|-0.02428379378680085
(1, 2, 2, 0, 0, 0, 2, 0, 5, 5, 1, 0, 0, 1, 0)|-0.007112980409100278
(1, 2, 2, 0, 0, 0, 2, 0, 5, 5, 1, 1, 0, 1, 0)|-0.01365294114631653
(1, 2, 2, 0, 0, 0, 2, 0, 5, 5, 1, 0, 1, 1, 0)|-0.006882279092304861
(2, 2, 2, 0, 0, 0, 2, 0, 5, 5, 0, 1, 3, 1, 0)|-0.018313892748259085
(1, 2, 2, 0, 0, 0, 1, 0, 5, 5, 1, 0, 0, 0, 0)|-0.006916177389366545
(1, 2, 2, 0, 0, 0, 1, 0, 5, 5, 1, 0, 1, 1, 0)|-0.003042809404669995
(1, 2, 2, 0, 0, 0, 1, 0, 5, 5, 1, 1, 0, 1, 0)|0.0
(1, 2, 2, 0, 0, 0, 1, 0, 5, 5, 1, 0, 0, 1, 0)|0.0
(1, 2, 2, 0, 0, 0, 1, 0, 5, 5, 1, 1, 1, 1, 0)|0.0
(2, 1, 2, 0, 0, 0, 1, 0, 5, 5, 0, 1, 3, 0, 0)|-0.026070821974244544
(0, 0, 1, 0, 1, 0, 2, 0, 5, 5, 0, 2, 3, 1, 0)|-0.029366860110932477
(0, 0, 1, 0, 1, 0, 0, 0, 5, 5, 0, 2, 3, 0, 1)|0.0
(0, 0, 1, 0, 1, 0, 1, 0, 5, 5, 0, 1, 3, 1, 1)|0.0
(0, 0, 1, 0, 1, 0, 0, 0, 5, 5, 0, 1, 3, 0, 1)|0.0
(0, 0, 1, 0, 1, 0, 1, 0, 5, 5, 0, 2, 3, 1, 1)|0.0
(2, 1, 2, 0, 0, 0, 1, 0, 5, 5, 1, 0, 1, 0, 0)|-0.017781830891719808
(2, 1, 2, 0, 0, 0, 1, 0, 5, 5, 1, 0, 2, 0, 0)|-0.014179209660655724
(2, 0, 2, 0, 0, 0, 2, 0, 5, 5, 2, 1, 1, 2, 0)|-0.0007939773433712132
(0, 0, 1, 0, 0, 1, 1, 0, 5, 5, 1, 1, 1, 1, 1)|0.04478324498443623
(0, 0, 1, 0, 0, 1, 1, 0, 5, 5, 1, 0, 1, 1, 0)|-0.002475445142699593
(0, 1, 1, 0, 0, 1, 1, 0, 5, 5, 1, 1, 1, 0, 0)|-0.004891186588504952
(0, 1, 1, 0, 0, 1, 1, 0, 5, 5, 1, 1, 1, 0, 1)|0.0
(0, 1, 1, 0, 0, 1, 1, 0, 5, 5, 1, 2, 2, 0, 0)|0.0
(0, 1, 1, 0, 0, 1, 1, 0, 5, 5, 1, 0, 1, 0, 0)|-0.00596662811063628
(0, 0, 1, 0, 0, 1, 1, 0, 5, 3, 1, 0, 0, 0, 1)|0.159545099282461
(0, 0, 1, 0, 0, 1, 0, 0, 5, 3, 1, 0, 0, 0, 1)|0.0
(1, 0, 1, 0, 0, 1, 1, 0, 5, 3, 0, 0, 3, 0, 1)|0.0
(0, 0, 1, 0, 0, 1, 1, 0, 5, 2, 1, 0, 1, 0, 1)|0.0
(0, 0, 1, 0, 0, 1, 0, 0, 5, 3, 1, 0, 1, 0, 1)|0.0
(0, 0, 1, 0, 1, 0, 2, 0, 5, 5, 1, 1, 2, 1, 0)|-0.008156127297369023
(0, 0, 1, 0, 1, 0, 2, 0, 5, 3, 1, 2, 1, 0, 0)|-0.003911810347382201
(0, 0, 1, 0, 1, 0, 2, 0, 5, 3, 1, 1, 1, 0, 0)|0.0
(0, 0, 1, 0, 1, 0, 2, 0, 5, 3, 1, 1, 2, 0, 0)|-0.0025691397012592683
(0, 0, 1, 0, 1, 0, 2, 0, 5, 2, 1, 2, 1, 0, 1)|-0.0058039705599347916
(0, 0, 1, 0, 1, 0, 2, 0, 5, 2, 1, 1, 2, 0, 1)|-0.007434885569547422
(0, 0, 1, 0, 1, 0, 2, 0, 5, 2, 1, 1, 2, 1, 1)|-0.0039010055331669836
(0, 0, 1, 0, 1, 0, 2, 0, 5, 2, 1, 1, 2, 1, 0)|-0.002447873548450992
(0, 0, 1, 0, 1, 0, 2, 0, 5, 0, 1, 1, 2, 1, 1)|0.0
(0, 0, 1, 0, 1, 0, 2, 0, 5, 2, 1, 1, 1, 1, 1)|0.0
(0, 0, 1, 0, 1, 0, 2, 0, 5, 2, 1, 2, 1, 1, 1)|0.0
(0, 0, 1, 0, 1, 0, 2, 0, 5, 2, 1, 1, 2, 0, 0)|-0.006087483871677683
(0, 0, 1, 0, 1, 0, 2, 0, 5, 2, 1, 1, 1, 0, 0)|0.0
(0, 0, 1, 0, 1, 0, 2, 0, 5, 2, 1, 2, 1, 0, 0)|0.0
(0, 0, 1, 0, 1, 0, 2, 0, 5, 2, 1, 2, 2, 0, 1)|0.0
(0, 0, 1, 0, 1, 0, 1, 0, 5, 2, 1, 1, 1, 0, 1)|-0.005991845766008737
(0, 0, 1, 0, 1, 0, 1, 0, 5, 2, 1, 2, 1, 0, 1)|-0.0042167734577513785
(0, 0, 1, 0, 1, 0, 1, 0, 5, 2, 1, 1, 0, 0, 1)|0.0
(0, 0, 1, 0, 1, 0, 1, 0, 5, 2, 1, 1, 2, 0, 1)|0.0
(0, 0, 1, 0, 1, 0, 1, 0, 5, 2, 1, 2, 1, 0, 0)|0.0
(0, 0, 1, 0, 1, 0, 1, 0, 5, 2, 1, 1, 1, 1, 1)|-0.006346660499594567
(0, 0, 1, 0, 1, 0, 1, 0, 5, 2, 1, 1, 1, 1, 0)|0.0027176797307923335
(0, 0, 1, 0, 1, 0, 1, 0, 5, 2, 1, 2, 1, 1, 1)|-0.0007126169913472338
(0, 0, 1, 0, 1, 0, 1, 0, 5, 2, 1, 1, 2, 1, 1)|-0.0061165472181441746
(0, 0, 1, 0, 1, 0, 1, 0, 5, 2, 1, 2, 1, 1, 0)|0.07183591168117097
(0, 0, 1, 0, 1, 0, 1, 0, 5, 2, 1, 1, 2, 1, 0)|-0.005960298882438212
(0, 0, 1, 0, 1, 0, 0, 0, 5, 2, 1, 1, 1, 0, 0)|0.0
(0, 0, 1, 0, 1, 0, 1, 0, 5, 2, 1, 1, 0, 1, 1)|0.0
(0, 0, 1, 0, 1, 0, 0, 0, 5, 2, 1, 2, 1, 0, 0)|0.0
(0, 0, 1, 0, 1, 0, 0, 0, 5, 2, 1, 2, 1, 0, 1)|0.0
(0, 0, 1, 0, 1, 0, 1, 0, 5, 2, 1, 1, 0, 1, 0)|0.989
(0, 0, 1, 0, 1, 0, 0, 0, 5, 2, 1, 1, 0, 0, 0)|0.0
(0, 0, 1, 0, 1, 0, 0, 0, 5, 2, 1, 1, 0, 0, 1)|0.0
(2, 0, 1, 0, 0, 0, 1, 0, 5, 5, 0, 2, 3, 0, 0)|0.00021317661266752786
(0, 0, 1, 0, 1, 0, 1, 0, 5, 3, 0, 1, 3, 1, 0)|-0.005718302279067833
(0, 0, 1, 0, 1, 0, 1, 0, 5, 3, 0, 2, 3, 1, 0)|0.0
(0, 0, 1, 0, 1, 0, 1, 0, 5, 2, 0, 1, 3, 1, 0)|-0.0032455768580057893
(0, 0, 1, 0, 1, 0, 1, 0, 5, 2, 0, 2, 3, 1, 0)|0.00490822830521
(0, 0, 1, 0, 1, 0, 1, 0, 5, 0, 0, 1, 3, 1, 0)|1.0
(0, 0, 1, 0, 1, 0, 1, 0, 5, 0, 0, 2, 3, 1, 0)|0.075646981169
(0, 0, 1, 0, 1, 0, 1, 0, 5, 0, 0, 2, 3, 0, 0)|0.0057365900000000015
(0, 0, 1, 0, 1, 0, 1, 0, 5, 0, 0, 3, 3, 0, 0)|0.0
(0, 0, 1, 0, 1, 0, 1, 0, 5, 0, 0, 3, 3, 1, 0)|0.0
(0, 1, 2, 0, 0, 0, 1, 0, 5, 5, 1, 1, 0, 1, 0)|-0.01355086734679786
(1, 1, 2, 0, 0, 0, 1, 0, 5, 5, 0, 1, 3, 1, 0)|0.0
(1, 1, 2, 0, 0, 0, 1, 0, 5, 5, 2, 0, 0, 0, 0)|-0.017487292261649752
(2, 1, 2, 0, 0, 0, 1, 0, 5, 5, 1, 0, 0, 0, 0)|-0.012820369542826714
(1, 1, 2, 0, 0, 0, 1, 0, 5, 5, 2, 0, 1, 0, 0)|-0.015247787884282648
(1, 1, 2, 0, 0, 0, 1, 0, 5, 5, 2, 1, 1, 0, 0)|-0.014672390188106664
(1, 0, 2, 0, 0, 0, 2, 0, 5, 5, 2, 0, 2, 1, 0)|0.031620521000836455
(1, 0, 2, 0, 0, 0, 2, 0, 5, 5, 2, 1, 2, 1, 0)|0.00046820038194946446
(1, 0, 2, 0, 0, 0, 1, 0, 5, 5, 2, 1, 2, 1, 0)|0.0
(1, 0, 2, 0, 0, 0, 1, 0, 5, 5, 2, 0, 2, 1, 0)|0.36205337702494994
(1, 0, 2, 0, 0, 0, 1, 0, 5, 5, 2, 1, 1, 1, 0)|0.0
(1, 0, 2, 0, 0, 0, 0, 0, 5, 5, 2, 1, 1, 0, 0)|0.0
(1, 0, 1, 0, 0, 1, 2, 0, 5, 5, 0, 0, 3, 1, 0)|0.0
(1, 0, 1, 0, 0, 1, 1, 0, 5, 5, 0, 0, 3, 1, 0)|-0.0023807665912363536
(0, 0, 1, 0, 0, 1, 0, 0, 5, 5, 1, 0, 0, 0, 0)|0.0
(0, 0, 1, 0, 0, 1, 1, 0, 5, 5, 1, 0, 0, 1, 1)|-0.006549232896027437
(0, 0, 1, 0, 0, 1, 1, 0, 5, 5, 1, 0, 1, 1, 1)|0.0
(1, 0, 1, 0, 0, 1, 1, 0, 5, 5, 0, 0, 3, 1, 1)|0.03275735358414988
(2, 0, 1, 0, 0, 1, 1, 0, 5, 4, 0, 0, 3, 1, 1)|-0.002249614290299274
(2, 0, 1, 0, 0, 1, 1, 0, 5, 4, 0, 0, 3, 1, 0)|0.0
(2, 0, 1, 0, 0, 1, 1, 0, 5, 3, 0, 0, 3, 1, 1)|0.0
(2, 0, 1, 0, 0, 1, 1, 0, 5, 4, 0, 1, 3, 1, 1)|0.0
(2, 0, 1, 0, 0, 1, 1, 0, 5, 4, 1, 0, 0, 1, 1)|0.0
(2, 0, 1, 0, 0, 1, 1, 0, 5, 4, 0, 0, 3, 0, 0)|-0.004030901423208526
(2, 0, 1, 0, 0, 1, 1, 0, 5, 3, 0, 0, 3, 0, 1)|-0.00390573987888357
(2, 0, 1, 0, 0, 1, 1, 0, 5, 4, 0, 1, 3, 0, 1)|-0.0022637847985127095
(2, 0, 1, 0, 0, 1, 1, 0, 5, 4, 1, 0, 0, 0, 1)|0.0
(2, 0, 1, 0, 0, 1, 1, 0, 5, 4, 0, 1, 3, 0, 0)|-0.00404205331680788
(2, 0, 1, 0, 0, 1, 1, 0, 5, 3, 0, 1, 3, 0, 1)|-0.0025010087416786754
(2, 0, 1, 0, 0, 1, 1, 0, 5, 4, 1, 0, 0, 0, 0)|0.0
(2, 0, 1, 0, 0, 1, 1, 0, 5, 3, 1, 0, 0, 0, 1)|0.0
(2, 0, 1, 0, 0, 0, 1, 0, 5, 3, 1, 0, 0, 0, 0)|-0.0034872067434848783
(2, 0, 1, 0, 0, 0, 1, 0, 5, 3, 1, 0, 1, 0, 0)|0.0021963328452875666
(3, 0, 1, 0, 0, 0, 1, 0, 5, 3, 0, 0, 3, 0, 0)|0.0
(0, 0, 1, 0, 0, 1, 1, 0, 5, 3, 1, 0, 0, 0, 0)|0.015212808179177565
(1, 0, 1, 0, 0, 1, 1, 0, 5, 3, 0, 0, 3, 0, 0)|0.0
(0, 0, 1, 0, 0, 1, 1, 0, 5, 3, 1, 1, 0, 0, 0)|0.0
(0, 0, 1, 0, 0, 1, 1, 0, 5, 3, 1, 1, 0, 0, 1)|0.0
(0, 0, 1, 0, 0, 0, 1, 0, 5, 3, 1, 0, 0, 0, 0)|-0.0076946760946636555
(1, 0, 1, 0, 0, 0, 1, 0, 5, 3, 0, 0, 3, 0, 0)|-0.006260167640703826
(1, 0, 1, 0, 0, 0, 1, 0, 5, 3, 1, 0, 0, 0, 0)|-0.009388548228682165
(1, 0, 1, 0, 0, 0, 1, 0, 5, 3, 1, 0, 1, 0, 0)|-0.006260087251007127
(0, 0, 2, 0, 0, 0, 1, 0, 5, 3, 2, 0, 0, 0, 0)|0.0
(2, 0, 2, 0, 0, 0, 1, 0, 5, 3, 0, 0, 3, 0, 0)|-0.006654247671591215
(2, 0, 2, 0, 0, 0, 1, 0, 5, 3, 0, 1, 3, 0, 0)|0.0
(2, 0, 2, 0, 0, 0, 1, 0, 5, 3, 1, 0, 0, 0, 0)|-0.013856119915101796
(3, 0, 2, 0, 0, 0, 1, 0, 5, 3, 0, 0, 3, 0, 0)|-0.00903080128144325
(3, 0, 2, 0, 0, 0, 1, 0, 5, 3, 0, 1, 3, 0, 0)|-0.00622497998094893
(3, 0, 2, 0, 0, 0, 1, 0, 5, 3, 1, 0, 0, 0, 0)|-0.004186255667661872
(3, 0, 2, 0, 0, 0, 1, 0, 5, 3, 1, 0, 1, 0, 0)|0.0
(4, 0, 2, 0, 0, 0, 1, 0, 5, 3, 0, 0, 3, 0, 0)|0.0
(3, 1, 2, 0, 0, 0, 1, 0, 5, 3, 1, 0, 0, 0, 0)|-0.005649334092725833
(3, 1, 2, 0, 0, 0, 1, 0, 5, 3, 1, 0, 1, 0, 0)|0.0
(4, 1, 2, 0, 0, 0, 1, 0, 5, 3, 0, 0, 3, 0, 0)|-0.0024637044148083887
(4, 1, 2, 0, 0, 0, 1, 0, 5, 3, 0, 1, 3, 0, 0)|0.0
(4, 1, 2, 0, 0, 0, 1, 0, 5, 3, 1, 0, 0, 0, 0)|0.0
(4, 0, 2, 0, 0, 0, 2, 0, 5, 3, 0, 0, 3, 0, 0)|-0.006263382386759875
(4, 0, 2, 0, 0, 0, 2, 0, 5, 3, 0, 1, 3, 0, 0)|0.0
(4, 0, 2, 0, 0, 0, 2, 0, 5, 3, 1, 0, 0, 0, 0)|-0.00942499287782283
(4, 0, 2, 0, 0, 0, 2, 0, 5, 3, 1, 0, 1, 0, 0)|-0.006263663723565263
(5, 0, 2, 0, 0, 0, 2, 0, 5, 3, 0, 0, 3, 0, 0)|-0.009157930173549721
(5, 0, 2, 0, 0, 0, 2, 0, 5, 3, 0, 1, 3, 0, 0)|-0.006237455694248031
(5, 0, 2, 0, 0, 0, 2, 0, 5, 3, 1, 0, 0, 0, 0)|-0.005789647210384916
(5, 0, 2, 0, 0, 0, 2, 0, 5, 3, 1, 0, 1, 0, 0)|0.0
(6, 0, 2, 0, 0, 0, 2, 0, 5, 3, 0, 0, 3, 0, 0)|-0.00583225552732498
(6, 0, 2, 0, 0, 0, 2, 0, 5, 3, 0, 0, 3, 1, 0)|-0.004054393773706943
(6, 0, 2, 0, 0, 0, 2, 0, 5, 3, 0, 1, 3, 1, 0)|-0.004169402622973546
(6, 0, 2, 0, 0, 0, 2, 0, 5, 3, 1, 0, 0, 1, 0)|-0.004202528759776756
(6, 0, 2, 0, 0, 0, 2, 0, 5, 3, 0, 1, 3, 0, 0)|-0.004255662001992743
(6, 0, 2, 0, 0, 0, 2, 0, 5, 3, 1, 0, 2, 0, 0)|-0.004537431977745799
(6, 0, 2, 0, 0, 0, 2, 0, 5, 3, 1, 0, 1, 0, 0)|-0.009590706820940502
(6, 0, 2, 0, 0, 0, 2, 0, 5, 3, 1, 1, 1, 0, 0)|-0.011168002412361853
(6, 0, 2, 0, 0, 0, 2, 0, 5, 3, 1, 1, 0, 0, 0)|-0.009368981870201975
(6, 0, 2, 0, 0, 0, 2, 0, 5, 3, 1, 0, 0, 0, 0)|-0.0062171342267148474
(6, 0, 2, 0, 0, 0, 2, 0, 5, 3, 1, 0, 1, 1, 0)|-0.0022639968520609065
(6, 0, 2, 0, 0, 0, 2, 0, 5, 3, 1, 1, 1, 1, 0)|-0.004044409467343404
(6, 0, 2, 0, 0, 0, 2, 0, 5, 3, 1, 1, 0, 1, 0)|-0.004057345312496109
(7, 0, 2, 0, 0, 0, 2, 0, 5, 3, 0, 0, 3, 1, 0)|-0.0058319726125337324
(7, 0, 2, 0, 0, 0, 1, 0, 5, 3, 0, 0, 3, 0, 0)|-0.004534224654329284
(7, 0, 2, 0, 0, 0, 2, 0, 5, 3, 1, 0, 0, 1, 0)|0.0
(7, 0, 2, 0, 0, 0, 1, 0, 5, 3, 1, 0, 0, 0, 0)|-0.009554709925132255
(7, 0, 2, 0, 0, 0, 1, 0, 5, 3, 1, 0, 1, 0, 0)|0.0
(8, 0, 2, 0, 0, 0, 1, 0, 5, 3, 0, 0, 3, 0, 0)|-0.00836543073565089
(8, 0, 2, 0, 0, 0, 1, 0, 5, 3, 1, 0, 0, 0, 0)|-0.013941129225022258
(8, 0, 2, 0, 0, 0, 1, 0, 5, 3, 1, 0, 1, 0, 0)|-0.006706851903323181
(9, 0, 2, 0, 0, 0, 1, 0, 5, 3, 0, 0, 3, 0, 0)|-0.0101357859013968
(8, 0, 2, 0, 0, 0, 1, 0, 5, 3, 1, 1, 0, 0, 0)|0.0
(9, 0, 2, 0, 0, 0, 1, 0, 5, 3, 0, 1, 3, 0, 0)|-0.00765878505285074
(9, 0, 2, 0, 0, 0, 1, 0, 5, 3, 1, 0, 0, 0, 0)|0.0005590063233855953
(9, 0, 2, 0, 0, 0, 1, 0, 5, 3, 0, 1, 3, 1, 0)|-0.006456788994719116
(9, 0, 2, 0, 0, 0, 1, 0, 5, 3, 0, 0, 3, 1, 0)|-0.00827383977047029
(9, 0, 2, 0, 0, 0, 1, 0, 5, 3, 1, 0, 1, 0, 0)|0.0
(10, 0, 2, 0, 0, 0, 1, 0, 5, 3, 0, 0, 3, 0, 0)|0.06791846085303761
(10, 0, 2, 0, 0, 0, 1, 0, 5, 3, 1, 0, 0, 0, 0)|0.8596027942767768
(10, 0, 2, 0, 0, 0, 1, 0, 5, 3, 1, 0, 1, 0, 0)|-0.00333620228084419
(11, 0, 2, 0, 0, 0, 1, 0, 5, 3, 0, 0, 3, 0, 0)|0.0
(10, 0, 2, 0, 0, 0, 1, 0, 5, 3, 1, 0, 1, 1, 0)|0.003891107959100003
(10, 0, 2, 0, 0, 0, 1, 0, 5, 3, 1, 0, 0, 1, 0)|0.08500570100000002
(0, 0, 1, 0, 0, 1, 1, 0, 5, 5, 1, 0, 3, 0, 0)|0.0
(0, 0, 1, 0, 0, 1, 0, 0, 5, 5, 1, 1, 0, 0, 0)|0.0
(1, 0, 1, 0, 0, 1, 1, 0, 5, 5, 0, 1, 3, 1, 0)|0.313093763841616
(1, 1, 1, 0, 0, 1, 1, 0, 5, 5, 1, 0, 1, 0, 0)|-0.004029130268937171
(1, 1, 1, 0, 0, 1, 1, 0, 5, 5, 1, 0, 0, 0, 0)|-0.00388586160423311
(1, 1, 1, 0, 0, 1, 1, 0, 5, 5, 1, 1, 0, 0, 0)|-0.0022779080160842896
(1, 0, 1, 0, 0, 1, 2, 0, 5, 5, 1, 1, 1, 0, 1)|-0.004082435282307777
(1, 0, 1, 0, 0, 1, 2, 0, 5, 5, 1, 1, 0, 0, 1)|-0.004484122135889749
(1, 0, 1, 0, 0, 1, 2, 0, 5, 5, 1, 0, 1, 0, 1)|-0.004028895463105362
(1, 0, 1, 0, 0, 1, 2, 0, 5, 4, 1, 1, 1, 0, 1)|0.0
(1, 0, 1, 0, 0, 1, 2, 0, 5, 4, 1, 1, 0, 0, 1)|-0.0021037611133754765
(1, 0, 1, 0, 0, 1, 1, 0, 5, 5, 1, 1, 0, 1, 1)|-0.002252997043335629
(1, 0, 1, 0, 0, 1, 1, 0, 5, 4, 1, 1, 0, 1, 1)|0.0
(1, 0, 1, 0, 0, 1, 1, 0, 5, 5, 1, 0, 0, 1, 1)|-0.003922189370395872
(1, 0, 1, 0, 0, 1, 1, 0, 5, 5, 1, 1, 1, 1, 1)|0.0
(1, 0, 1, 0, 0, 1, 1, 0, 5, 4, 1, 0, 0, 1, 1)|-0.0026856270527033897
(1, 0, 1, 0, 0, 1, 1, 0, 5, 3, 1, 0, 0, 0, 1)|0.0
(1, 0, 1, 0, 0, 1, 1, 0, 5, 3, 1, 0, 1, 1, 1)|0.0
(1, 0, 1, 0, 0, 1, 1, 0, 5, 4, 1, 1, 1, 1, 1)|0.0
(1, 0, 1, 0, 0, 0, 1, 0, 5, 4, 1, 0, 1, 1, 0)|-0.003137162685617932
(1, 0, 1, 0, 0, 0, 1, 0, 5, 4, 1, 0, 0, 1, 0)|0.0
(1, 0, 1, 0, 0, 0, 1, 0, 5, 4, 1, 1, 1, 1, 0)|0.0
(1, 0, 1, 0, 0, 0, 1, 0, 5, 4, 1, 1, 0, 1, 0)|0.0
(0, 0, 2, 0, 0, 0, 1, 0, 5, 4, 1, 0, 1, 1, 0)|0.08250610499000001
(0, 0, 2, 0, 0, 0, 1, 0, 5, 4, 1, 1, 1, 1, 0)|-0.0037878411785818994
(0, 0, 2, 0, 0, 0, 1, 0, 5, 4, 1, 0, 0, 1, 0)|0.9673289
(0, 0, 2, 0, 0, 0, 1, 0, 5, 4, 1, 1, 0, 1, 0)|-0.0011777910054085222
(0, 0, 2, 0, 0, 0, 1, 0, 5, 4, 1, 1, 2, 1, 0)|0.003668393954609001
(0, 0, 2, 0, 0, 0, 1, 0, 5, 4, 1, 0, 2, 1, 0)|0.0
(0, 0, 2, 0, 0, 0, 0, 0, 5, 4, 1, 0, 1, 0, 0)|0.0
(0, 0, 2, 0, 0, 0, 0, 0, 5, 4, 1, 0, 0, 0, 0)|0.0
(1, 0, 2, 0, 0, 0, 1, 0, 5, 4, 0, 1, 3, 1, 0)|0.0
(0, 0, 2, 0, 0, 0, 2, 0, 5, 5, 1, 2, 1, 1, 0)|-0.009087281006683549
(0, 0, 2, 0, 0, 0, 2, 0, 5, 5, 1, 2, 0, 1, 0)|-0.0062305225830092065
(0, 0, 2, 0, 0, 0, 1, 0, 5, 5, 1, 2, 1, 1, 0)|0.014365127443425427
(0, 0, 2, 0, 0, 0, 1, 0, 5, 5, 1, 2, 0, 1, 0)|0.0007464769280009418
(0, 0, 2, 0, 0, 0, 1, 0, 5, 5, 1, 1, 0, 1, 0)|0.0
(1, 0, 2, 0, 0, 0, 2, 0, 5, 5, 1, 1, 2, 2, 0)|-0.0038832064638561208
(1, 0, 2, 0, 0, 0, 2, 0, 5, 5, 1, 0, 2, 2, 0)|0.0
(1, 0, 2, 0, 0, 0, 2, 0, 5, 5, 1, 1, 3, 2, 0)|0.009027491450730347
(1, 0, 2, 0, 0, 0, 2, 0, 5, 5, 1, 0, 3, 2, 0)|0.08725405554044756
(1, 0, 2, 0, 0, 0, 2, 0, 5, 5, 2, 0, 2, 2, 0)|0.0
(1, 0, 2, 0, 0, 0, 1, 0, 5, 5, 2, 0, 3, 1, 0)|0.0
(0, 2, 2, 0, 0, 0, 2, 0, 5, 5, 2, 1, 0, 0, 0)|-0.013011699889366818
(0, 2, 2, 0, 0, 0, 2, 0, 5, 5, 2, 1, 1, 0, 0)|-0.011556230365767268
(1, 2, 2, 0, 0, 0, 2, 0, 5, 5, 2, 0, 1, 0, 0)|-0.003939060041828915
(1, 2, 2, 0, 0, 0, 2, 0, 5, 5, 2, 0, 0, 0, 0)|-0.002874972411098925
(1, 3, 2, 0, 0, 0, 2, 0, 5, 5, 2, 0, 0, 0, 0)|-0.01083302678998805
(1, 3, 2, 0, 0, 0, 2, 0, 5, 5, 2, 1, 0, 0, 0)|-0.009851945045142281
(1, 3, 2, 0, 0, 0, 2, 0, 5, 5, 2, 0, 1, 0, 0)|-0.0130058929838201
(1, 3, 2, 0, 0, 0, 2, 0, 5, 5, 2, 1, 1, 0, 0)|-0.009955894781945484
(1, 3, 1, 0, 0, 0, 2, 0, 5, 5, 1, 0, 0, 0, 0)|-0.003883462940021116
(1, 3, 1, 0, 0, 0, 2, 0, 5, 5, 1, 0, 1, 0, 0)|0.0
(1, 3, 1, 0, 0, 0, 2, 0, 5, 5, 1, 1, 0, 0, 0)|0.0
(1, 3, 1, 0, 0, 0, 2, 0, 5, 5, 1, 1, 1, 0, 0)|-0.0022509869811573073
(2, 3, 1, 0, 0, 0, 2, 0, 5, 5, 0, 1, 3, 0, 0)|0.0
(0, 3, 2, 0, 0, 0, 2, 0, 5, 5, 1, 0, 0, 0, 0)|-0.011856190741130021
(0, 3, 2, 0, 0, 0, 2, 0, 5, 5, 1, 1, 1, 0, 0)|-0.007581655788933222
(1, 3, 1, 0, 0, 0, 2, 0, 5, 5, 1, 1, 1, 1, 0)|-0.0038998553461923025
(1, 3, 1, 0, 0, 0, 2, 0, 5, 5, 1, 1, 2, 1, 0)|-0.0024349646037295407
(1, 3, 1, 0, 0, 0, 2, 0, 5, 5, 1, 1, 0, 1, 0)|0.0
(1, 3, 1, 0, 0, 0, 2, 0, 5, 5, 1, 0, 0, 1, 0)|0.0
(0, 3, 2, 0, 0, 0, 2, 0, 5, 5, 1, 1, 1, 1, 0)|-0.006100783465486011
(0, 3, 2, 0, 0, 0, 2, 0, 5, 5, 1, 1, 2, 1, 0)|-0.005944051152550452
(0, 3, 2, 0, 0, 0, 2, 0, 5, 5, 1, 0, 2, 1, 0)|-0.005804826747275799
(0, 3, 2, 0, 0, 0, 2, 0, 5, 5, 1, 0, 1, 1, 0)|-0.004226479806774804
(0, 3, 2, 0, 0, 0, 2, 0, 5, 5, 2, 0, 1, 1, 0)|0.0
(0, 3, 2, 0, 0, 0, 2, 0, 5, 5, 1, 0, 1, 0, 0)|-0.009631670247209179
(0, 3, 2, 0, 0, 0, 2, 0, 5, 5, 1, 1, 0, 0, 0)|-0.013854331527947829
(1, 3, 2, 0, 0, 0, 2, 0, 5, 5, 0, 1, 3, 0, 0)|-0.007432115960187441
(1, 3, 2, 0, 0, 0, 2, 0, 5, 5, 0, 0, 3, 0, 0)|-0.012164455123334866
(0, 3, 2, 0, 0, 0, 2, 0, 5, 5, 1, 0, 2, 0, 0)|-0.00597000194275037
(0, 3, 2, 0, 0, 0, 2, 0, 5, 5, 1, 1, 2, 0, 0)|-0.006099023373469473
(0, 3, 2, 0, 0, 0, 2, 0, 5, 5, 1, 0, 0, 1, 0)|-0.006505027611974245
(1, 3, 2, 0, 0, 0, 2, 0, 5, 5, 0, 0, 3, 1, 0)|0.0
(0, 3, 2, 0, 0, 0, 2, 0, 5, 5, 1, 1, 0, 1, 0)|0.0
(0, 3, 2, 0, 0, 0, 2, 0, 5, 5, 2, 0, 0, 1, 0)|0.0
(1, 3, 2, 0, 0, 0, 2, 0, 5, 5, 1, 0, 1, 0, 0)|-0.031489981918926435
(1, 3, 2, 0, 0, 0, 2, 0, 5, 5, 1, 0, 0, 0, 0)|-0.005859208163259054
(1, 3, 2, 0, 0, 0, 2, 0, 5, 5, 1, 1, 0, 0, 0)|-0.02011576136407834
(1, 3, 2, 0, 0, 0, 2, 0, 5, 5, 1, 1, 1, 0, 0)|-0.030139142621102264
(2, 3, 2, 0, 0, 0, 2, 0, 5, 5, 0, 1, 3, 0, 0)|-0.018251454274276643
(2, 3, 2, 0, 0, 0, 2, 0, 5, 5, 0, 2, 3, 0, 0)|-0.0064002368654816795
(2, 3, 2, 0, 0, 0, 2, 0, 5, 5, 0, 0, 3, 0, 0)|-0.016028194668348303
(2, 3, 2, 0, 0, 0, 2, 0, 5, 5, 0, 0, 3, 1, 0)|-0.005943803314520254
(2, 3, 2, 0, 0, 0, 2, 0, 5, 5, 0, 1, 3, 1, 0)|-0.010949311473578275
(2, 3, 2, 0, 0, 0, 2, 0, 5, 5, 1, 0, 1, 1, 0)|0.0
(2, 4, 2, 0, 0, 0, 2, 0, 5, 5, 0, 1, 3, 1, 0)|-0.00419462740747247
(2, 4, 2, 0, 0, 0, 1, 0, 5, 5, 0, 1, 3, 0, 0)|-0.0057432930131590355
(2, 2, 2, 0, 0, 0, 1, 1, 5, 5, 0, 1, 3, 0, 0)|-0.04270325570176706
(2, 2, 2, 0, 0, 0, 1, 1, 5, 5, 0, 2, 3, 0, 0)|-0.042303247290598076
(2, 2, 2, 0, 0, 0, 1, 1, 5, 5, 0, 0, 3, 0, 0)|0.0
(2, 2, 1, 0, 0, 0, 1, 1, 5, 5, 0, 1, 3, 0, 0)|-0.00419530058927116
(2, 2, 1, 0, 0, 0, 1, 1, 5, 5, 0, 2, 3, 0, 0)|0.0
(1, 2, 2, 0, 0, 0, 1, 1, 5, 5, 0, 1, 3, 0, 0)|-0.005750848364435013
(0, 2, 1, 0, 0, 1, 1, 1, 5, 5, 0, 1, 3, 0, 0)|0.0
(0, 2, 1, 1, 0, 0, 1, 1, 5, 5, 0, 1, 3, 0, 0)|0.0
(1, 2, 2, 0, 0, 0, 1, 1, 5, 5, 0, 0, 3, 0, 0)|-0.005775597713068451
(1, 2, 2, 0, 0, 0, 1, 1, 5, 5, 0, 0, 3, 1, 0)|-0.0038951186734738057
(1, 2, 2, 0, 0, 0, 1, 1, 5, 5, 0, 1, 3, 1, 0)|-0.002381803293757638
(1, 2, 2, 0, 0, 0, 1, 1, 5, 5, 1, 0, 1, 1, 0)|0.0
(1, 2, 2, 0, 0, 0, 1, 1, 5, 5, 0, 2, 3, 0, 0)|-0.002270777007115757
(1, 2, 1, 0, 0, 0, 1, 1, 5, 5, 0, 2, 3, 0, 0)|-0.004119744523508412
(1, 2, 1, 0, 0, 0, 1, 1, 5, 5, 0, 1, 3, 0, 0)|0.0
(0, 2, 2, 0, 0, 0, 1, 1, 5, 5, 0, 1, 3, 0, 0)|-0.004902856605032676
(0, 2, 2, 0, 0, 0, 1, 1, 5, 5, 0, 2, 3, 0, 0)|-0.013691993322476713
(0, 2, 2, 0, 0, 0, 1, 1, 5, 5, 0, 0, 3, 0, 0)|0.0
(0, 2, 1, 0, 0, 0, 1, 1, 5, 5, 0, 2, 3, 1, 0)|-0.09364101319000001
(0, 2, 1, 0, 0, 0, 1, 1, 5, 5, 0, 1, 3, 1, 0)|-1.0
(1, 1, 2, 0, 0, 0, 2, 0, 5, 5, 1, 0, 3, 0, 0)|-0.004202363721776674
(1, 1, 2, 0, 0, 0, 2, 0, 5, 5, 1, 1, 3, 0, 0)|-0.005830120334193863
(1, 1, 2, 0, 0, 0, 1, 0, 5, 5, 1, 1, 3, 0, 0)|-0.00451322590885128
(1, 1, 2, 0, 0, 0, 1, 0, 5, 5, 1, 0, 3, 0, 0)|-0.009319033769374634
(0, 0, 2, 0, 0, 0, 0, 0, 5, 5, 0, 0, 3, 0, 0)|0.0
(0, 0, 1, 0, 0, 1, 2, 0, 5, 5, 1, 1, 2, 1, 0)|0.00802416234461575
(0, 0, 1, 0, 0, 1, 2, 0, 5, 5, 1, 2, 2, 1, 0)|0.0
(0, 0, 1, 0, 0, 1, 1, 0, 5, 5, 1, 1, 3, 0, 0)|-0.005726694503794457
(0, 0, 1, 0, 0, 1, 1, 0, 5, 4, 1, 1, 3, 0, 0)|-0.00334071709003
(0, 0, 1, 0, 0, 1, 1, 0, 5, 4, 1, 2, 2, 0, 0)|0.0
(0, 0, 1, 0, 0, 1, 0, 0, 5, 4, 1, 1, 2, 0, 1)|0.0
(0, 0, 1, 0, 0, 1, 1, 0, 5, 4, 1, 1, 3, 0, 1)|0.0
(0, 0, 1, 0, 0, 1, 0, 0, 5, 4, 1, 2, 2, 0, 1)|0.0
(0, 0, 1, 0, 0, 1, 1, 0, 5, 3, 1, 2, 2, 0, 1)|0.0
(1, 1, 0, 0, 0, 0, 2, 0, 5, 5, 0, 3, 3, 1, 0)|-0.007343651385843384
(1, 1, 0, 0, 0, 0, 1, 0, 5, 5, 0, 3, 3, 0, 0)|-0.021671691050157958
(1, 0, 2, 0, 0, 0, 2, 0, 5, 5, 1, 2, 2, 0, 0)|-0.030406700305928437
(1, 0, 2, 0, 0, 0, 2, 0, 5, 5, 1, 2, 2, 1, 0)|-0.008381460254618797
(1, 0, 2, 0, 0, 0, 2, 0, 5, 5, 1, 2, 1, 1, 0)|-0.007855154398058652
(1, 0, 2, 0, 0, 0, 2, 0, 5, 5, 1, 2, 1, 0, 0)|-0.030231566455105618
(1, 0, 2, 0, 0, 0, 1, 0, 5, 5, 1, 2, 2, 0, 0)|-0.008308121266247016
(1, 0, 2, 0, 0, 0, 1, 0, 5, 5, 1, 2, 1, 0, 0)|-0.006173216926121248
(2, 0, 1, 0, 1, 0, 0, 0, 5, 2, 1, 1, 0, 0, 0)|0.0
(5, 0, 2, 0, 0, 0, 2, 0, 5, 5, 2, 0, 2, 0, 0)|-0.005818215867822108
(5, 1, 2, 0, 0, 0, 2, 0, 5, 5, 2, 0, 2, 0, 0)|-0.0043782684059688725
(5, 1, 2, 0, 0, 0, 2, 0, 5, 5, 2, 0, 1, 0, 0)|-0.00780435921401652
(5, 1, 2, 0, 0, 0, 2, 0, 5, 5, 2, 1, 1, 0, 0)|-0.007516173599839039
(5, 1, 2, 0, 0, 0, 2, 0, 5, 5, 2, 1, 0, 0, 0)|-0.004216095603520593
(5, 1, 2, 0, 0, 0, 2, 0, 5, 5, 2, 0, 0, 0, 0)|-0.012951185115636787
(6, 1, 2, 0, 0, 0, 2, 0, 5, 5, 1, 1, 2, 0, 0)|-0.01150083350985786
(6, 1, 2, 0, 0, 0, 2, 0, 5, 5, 1, 0, 1, 0, 0)|-0.006260413159852522
(6, 1, 2, 0, 0, 0, 2, 0, 5, 5, 1, 1, 1, 0, 0)|-0.013886808815212698
(6, 1, 2, 0, 0, 0, 2, 0, 5, 5, 1, 0, 2, 0, 0)|-0.008360687102112286
(6, 1, 2, 0, 0, 0, 2, 0, 5, 5, 1, 2, 1, 0, 0)|-0.007986499391378556
(6, 1, 2, 0, 0, 0, 2, 0, 5, 5, 1, 2, 2, 0, 0)|-0.009733281380636177
(6, 1, 1, 0, 0, 0, 2, 0, 5, 5, 0, 2, 3, 0, 0)|-0.0022638719805983983
(6, 1, 1, 0, 0, 0, 2, 0, 5, 5, 0, 1, 3, 0, 0)|0.0
(4, 1, 1, 0, 0, 1, 2, 0, 5, 5, 0, 2, 3, 0, 0)|-0.00404302200664887
(4, 1, 1, 1, 0, 0, 2, 0, 5, 5, 0, 2, 3, 0, 0)|0.0
(4, 1, 1, 0, 1, 0, 2, 0, 5, 5, 0, 2, 3, 0, 0)|0.0
(4, 1, 1, 0, 0, 1, 2, 0, 5, 5, 0, 1, 3, 0, 0)|-0.004041773363062509
(4, 1, 1, 0, 0, 1, 2, 0, 5, 5, 0, 1, 3, 0, 1)|-0.004027759405864291
(4, 1, 1, 0, 0, 1, 2, 0, 5, 5, 0, 2, 3, 0, 1)|0.0
(4, 1, 1, 0, 0, 1, 2, 0, 5, 4, 0, 1, 3, 0, 1)|-0.0038704759356261494
(4, 1, 1, 0, 0, 1, 2, 0, 5, 4, 0, 2, 3, 0, 1)|0.0
(4, 1, 1, 0, 0, 1, 2, 0, 5, 3, 0, 1, 3, 0, 1)|0.0
(4, 1, 1, 0, 0, 1, 2, 0, 5, 4, 0, 1, 3, 0, 0)|0.0
(4, 1, 1, 0, 0, 1, 1, 0, 5, 4, 0, 1, 3, 0, 1)|-0.0021052293560735033
(4, 1, 1, 0, 0, 1, 1, 0, 5, 4, 0, 2, 3, 0, 1)|-0.002280326178594477
(4, 0, 1, 0, 0, 1, 2, 0, 5, 4, 0, 2, 3, 0, 1)|-0.004225846428827524
(4, 0, 1, 0, 0, 1, 1, 0, 5, 4, 0, 2, 3, 0, 1)|-0.006093674846549091
(4, 0, 1, 0, 0, 1, 2, 0, 5, 3, 0, 2, 3, 0, 1)|0.0
(4, 0, 1, 0, 0, 1, 1, 0, 5, 3, 0, 2, 3, 0, 1)|-0.007501067425649198
(4, 0, 1, 0, 0, 1, 1, 0, 5, 2, 0, 2, 3, 0, 1)|-0.004043111420410943
(4, 0, 1, 0, 0, 1, 1, 0, 5, 3, 0, 2, 3, 0, 0)|0.0
(4, 0, 1, 0, 0, 1, 1, 0, 5, 2, 0, 1, 3, 0, 1)|-0.003996882973942637
(4, 0, 1, 0, 0, 1, 1, 0, 5, 1, 0, 2, 3, 0, 1)|0.0
(4, 0, 1, 0, 0, 1, 1, 0, 5, 2, 0, 2, 3, 0, 0)|-0.004042776884522366
(4, 0, 1, 0, 0, 1, 1, 0, 5, 2, 0, 1, 3, 0, 0)|-0.004039022272978289
(4, 0, 1, 0, 0, 1, 1, 0, 5, 1, 0, 1, 3, 0, 1)|0.0
(4, 0, 0, 0, 0, 1, 1, 0, 5, 2, 0, 3, 3, 0, 1)|-0.0035239391014886233
(3, 0, 1, 0, 0, 1, 1, 0, 5, 2, 0, 0, 3, 0, 1)|0.0
(2, 0, 0, 0, 0, 2, 1, 0, 5, 2, 0, 3, 3, 0, 1)|0.0
(2, 0, 0, 1, 0, 1, 1, 0, 5, 2, 0, 3, 3, 0, 1)|0.0
(2, 0, 0, 0, 1, 1, 1, 0, 5, 2, 0, 3, 3, 0, 1)|0.0017840729350322912
(2, 0, 0, 0, 1, 1, 1, 0, 5, 1, 0, 3, 3, 0, 1)|0.08180668781
(2, 0, 0, 0, 1, 1, 0, 0, 5, 2, 0, 3, 3, 0, 1)|0.0
(2, 0, 0, 0, 1, 1, 1, 0, 5, 0, 0, 3, 3, 0, 1)|0.0
(2, 0, 0, 0, 1, 1, 0, 0, 5, 1, 0, 3, 3, 0, 0)|0.0
(2, 0, 0, 0, 1, 1, 1, 0, 5, 0, 0, 3, 3, 0, 0)|0.0
(2, 0, 0, 0, 1, 1, 1, 0, 5, 1, 0, 3, 3, 0, 0)|0.989
(3, 1, 2, 0, 0, 0, 2, 0, 5, 5, 1, 1, 0, 0, 0)|-0.03625216970419886
(3, 1, 2, 0, 0, 0, 2, 0, 5, 5, 1, 2, 1, 0, 0)|-0.004183481111698639
(3, 1, 1, 0, 0, 0, 2, 0, 5, 5, 0, 2, 3, 0, 0)|-0.0056181942951586804
(1, 1, 1, 0, 0, 1, 2, 0, 5, 5, 0, 2, 3, 0, 0)|0.0
(1, 1, 1, 1, 0, 0, 2, 0, 5, 5, 0, 2, 3, 0, 0)|0.0
(1, 1, 1, 0, 1, 0, 2, 0, 5, 5, 0, 2, 3, 0, 0)|-0.021720474693138946
(1, 1, 0, 0, 1, 0, 2, 0, 5, 5, 0, 3, 3, 0, 0)|-0.00579048974584864
(1, 1, 0, 0, 1, 0, 2, 0, 5, 3, 0, 3, 3, 0, 0)|-0.004063945355333805
(0, 1, 1, 0, 1, 0, 2, 0, 5, 3, 0, 1, 3, 0, 0)|-0.005941708478293771
(0, 1, 1, 0, 1, 0, 2, 0, 5, 2, 0, 1, 3, 0, 0)|-0.006663336864568475
(0, 1, 1, 0, 1, 0, 2, 0, 5, 0, 0, 1, 3, 0, 0)|1.0
(0, 1, 1, 0, 1, 0, 2, 0, 5, 2, 0, 0, 3, 0, 0)|0.005549928812900001
(0, 1, 1, 0, 1, 0, 2, 0, 5, 0, 0, 0, 3, 0, 0)|0.08277698681
(0, 0, 1, 0, 1, 0, 2, 0, 5, 3, 0, 1, 3, 1, 0)|0.0
(0, 0, 1, 0, 1, 0, 1, 0, 5, 3, 0, 0, 3, 0, 0)|0.0
(0, 0, 1, 0, 1, 0, 1, 0, 5, 5, 1, 0, 1, 1, 0)|0.0
(0, 0, 1, 0, 1, 0, 1, 0, 5, 5, 0, 1, 3, 2, 0)|0.006029000000000002
(0, 0, 1, 0, 1, 0, 1, 0, 5, 5, 0, 0, 3, 2, 0)|0.0
(0, 0, 1, 0, 1, 0, 0, 0, 5, 5, 0, 1, 3, 1, 0)|0.0
(0, 0, 1, 0, 1, 0, 1, 0, 5, 3, 0, 1, 3, 2, 0)|0.08810000000000001
(0, 0, 1, 0, 1, 0, 1, 0, 5, 3, 0, 0, 3, 2, 0)|0.0
(0, 0, 1, 0, 1, 0, 0, 0, 5, 3, 0, 1, 3, 1, 0)|0.0
(0, 0, 1, 0, 1, 0, 0, 0, 5, 3, 0, 1, 3, 0, 0)|0.0
(2, 0, 2, 0, 0, 0, 2, 0, 5, 5, 1, 2, 3, 0, 0)|-0.02398410883410951
(3, 0, 2, 0, 0, 0, 2, 0, 5, 5, 2, 0, 2, 0, 0)|-0.026711552763029812
(3, 0, 2, 0, 0, 0, 2, 0, 5, 5, 2, 0, 2, 1, 0)|-0.011162088661488438
(3, 0, 2, 0, 0, 0, 2, 0, 5, 5, 2, 0, 1, 1, 0)|-0.011424385618991317
(3, 0, 2, 0, 0, 0, 2, 0, 5, 5, 2, 1, 1, 1, 0)|0.0
(3, 0, 2, 0, 0, 0, 2, 0, 5, 5, 2, 1, 2, 1, 0)|-0.01147758651915249
(3, 0, 2, 0, 0, 0, 2, 0, 5, 5, 2, 1, 3, 1, 0)|-0.006447461614856759
(3, 0, 2, 0, 0, 0, 2, 0, 5, 5, 2, 1, 2, 0, 0)|-0.0029159919688323283
(3, 0, 2, 0, 0, 0, 1, 0, 5, 5, 2, 1, 2, 0, 0)|-0.014178892084641721
(3, 0, 1, 0, 0, 0, 1, 0, 5, 5, 1, 1, 2, 0, 0)|-0.0057890596193947465
(3, 0, 1, 0, 0, 0, 1, 0, 5, 5, 1, 1, 3, 0, 0)|-0.004047732424069497
(3, 0, 1, 0, 0, 0, 1, 0, 5, 5, 1, 2, 3, 0, 0)|0.0
(1, 0, 1, 0, 0, 1, 1, 0, 5, 5, 1, 1, 3, 0, 0)|0.0
(1, 0, 1, 1, 0, 0, 1, 0, 5, 5, 1, 1, 3, 0, 0)|-0.020440908510433335
(1, 0, 1, 1, 0, 0, 1, 0, 5, 5, 1, 1, 2, 0, 0)|-0.014396898095329236
(1, 0, 1, 1, 0, 0, 1, 0, 5, 5, 1, 2, 3, 0, 0)|-0.0046210998965205245
(1, 0, 1, 1, 0, 0, 1, 0, 5, 5, 1, 0, 2, 0, 0)|-0.008579686737132915
(1, 0, 1, 1, 0, 0, 1, 0, 5, 5, 1, 0, 1, 0, 0)|-0.004190620727212026
(1, 0, 1, 1, 0, 0, 1, 0, 5, 5, 1, 1, 1, 0, 0)|-0.004186252050210684
(1, 0, 1, 1, 0, 0, 1, 0, 5, 5, 1, 0, 2, 1, 0)|-0.0021534853046281752
(1, 0, 1, 1, 0, 0, 1, 0, 5, 5, 1, 1, 2, 1, 0)|-0.0028165033847575025
(1, 0, 1, 1, 0, 0, 1, 0, 5, 5, 1, 0, 1, 1, 0)|0.07880278421069901
(1, 0, 0, 1, 0, 0, 1, 0, 5, 5, 0, 3, 3, 0, 0)|-0.005640355648151258
(1, 0, 0, 1, 0, 0, 1, 0, 5, 5, 0, 3, 3, 0, 1)|-0.0023619183773907096
(0, 0, 1, 1, 0, 0, 1, 0, 5, 5, 0, 0, 3, 0, 1)|-0.005132426415452329
(0, 0, 1, 1, 0, 0, 1, 0, 5, 3, 0, 0, 3, 0, 1)|0.003396328884214442
(0, 0, 1, 1, 0, 0, 1, 0, 5, 1, 0, 0, 3, 0, 1)|0.07945262496312504
(6, 1, 2, 0, 0, 0, 2, 0, 5, 5, 1, 0, 0, 0, 0)|0.0
(7, 1, 2, 0, 0, 0, 2, 0, 5, 5, 0, 0, 3, 0, 0)|-0.014195128337086476
(7, 1, 2, 0, 0, 0, 2, 0, 5, 5, 1, 0, 0, 0, 0)|-0.0059826112897221765
(8, 1, 2, 0, 0, 0, 2, 0, 5, 5, 0, 0, 3, 0, 0)|0.0
(8, 1, 2, 0, 0, 0, 2, 0, 5, 5, 1, 0, 0, 0, 0)|-0.0062419719044788605
(9, 1, 2, 0, 0, 0, 2, 0, 5, 5, 0, 0, 3, 0, 0)|-0.009182268413414277
(8, 1, 2, 0, 0, 0, 2, 0, 5, 5, 1, 0, 1, 0, 0)|0.0
(8, 1, 2, 0, 0, 0, 2, 0, 5, 5, 2, 0, 0, 0, 0)|0.0
(9, 1, 2, 0, 0, 0, 2, 0, 5, 5, 1, 0, 0, 0, 0)|-0.004057439680088792
(9, 1, 2, 0, 0, 0, 2, 0, 5, 5, 2, 0, 0, 0, 0)|-0.00584385948130656
(10, 1, 2, 0, 0, 0, 2, 0, 5, 5, 0, 0, 3, 0, 0)|0.0
(9, 1, 2, 0, 0, 0, 2, 0, 5, 5, 1, 0, 1, 0, 0)|-0.004203587879784415
(9, 1, 2, 0, 0, 0, 2, 0, 5, 5, 2, 0, 1, 0, 0)|0.0
(10, 1, 2, 0, 0, 0, 2, 0, 5, 5, 1, 0, 1, 0, 0)|0.07387487267802563
(10, 1, 2, 0, 0, 0, 2, 0, 5, 5, 1, 0, 0, 0, 0)|0.0
(10, 1, 2, 0, 0, 0, 2, 0, 5, 5, 1, 0, 2, 0, 0)|0.0
(10, 1, 2, 0, 0, 0, 2, 0, 5, 5, 2, 0, 0, 0, 0)|0.9566556110000001
(11, 1, 2, 0, 0, 0, 2, 0, 5, 5, 1, 0, 1, 0, 0)|0.0
(10, 1, 2, 0, 0, 0, 2, 0, 5, 5, 2, 0, 1, 0, 0)|0.0
(4, 0, 2, 0, 0, 0, 1, 0, 5, 5, 0, 0, 3, 1, 0)|-0.013146526619081167
(4, 0, 2, 0, 0, 0, 1, 0, 5, 5, 0, 1, 3, 1, 0)|-0.009975597694390883
(4, 0, 2, 0, 0, 0, 1, 0, 5, 5, 1, 0, 0, 1, 0)|0.00155575550991955
(5, 0, 2, 0, 0, 0, 1, 0, 5, 5, 0, 0, 3, 1, 0)|0.07921831899148102
(5, 0, 2, 0, 0, 0, 1, 0, 5, 5, 1, 0, 0, 1, 0)|0.989
(5, 0, 2, 0, 0, 0, 1, 0, 5, 5, 0, 1, 3, 1, 0)|0.0
(5, 0, 2, 0, 0, 0, 0, 0, 5, 5, 1, 0, 0, 0, 0)|0.0
(6, 0, 2, 0, 0, 0, 1, 0, 5, 5, 0, 0, 3, 1, 0)|0.0
(0, 0, 1, 0, 0, 0, 2, 0, 5, 5, 1, 2, 0, 1, 0)|0.003904508965678555
(0, 0, 1, 0, 0, 0, 1, 0, 5, 5, 1, 2, 0, 1, 0)|0.028866311125909205
(0, 0, 1, 0, 0, 0, 1, 0, 5, 5, 1, 2, 1, 2, 0)|-0.002677728561581455
(0, 0, 1, 0, 0, 0, 1, 0, 5, 5, 1, 2, 0, 2, 0)|0.0
(0, 0, 1, 0, 0, 0, 1, 0, 5, 5, 1, 1, 0, 2, 0)|-0.008254745158547
(0, 0, 1, 0, 0, 0, 1, 0, 5, 5, 1, 1, 1, 2, 0)|0.01986460389080092
(0, 0, 1, 0, 0, 0, 0, 0, 5, 5, 1, 2, 1, 1, 0)|0.0
(0, 0, 1, 0, 0, 0, 0, 0, 5, 5, 1, 2, 0, 1, 0)|0.0
(1, 0, 1, 0, 0, 0, 1, 0, 5, 5, 1, 0, 1, 1, 0)|-0.006190282877161248
(0, 0, 2, 0, 0, 0, 0, 0, 5, 5, 1, 0, 2, 1, 0)|0.0
(2, 1, 1, 0, 0, 0, 2, 0, 5, 5, 0, 0, 3, 1, 0)|-0.003943825536449528
(2, 1, 1, 0, 0, 0, 2, 0, 5, 5, 0, 1, 3, 1, 0)|-0.002928457199209059
(0, 1, 1, 0, 0, 1, 2, 0, 5, 5, 0, 1, 3, 1, 0)|-0.008366042202408282
(0, 1, 1, 0, 1, 0, 2, 0, 5, 5, 0, 1, 3, 1, 0)|0.0
(0, 1, 1, 0, 0, 1, 2, 0, 5, 5, 0, 0, 3, 1, 0)|-0.013639589319823205
(1, 1, 1, 0, 0, 1, 2, 0, 5, 5, 0, 0, 3, 1, 0)|0.0
(0, 1, 1, 0, 0, 1, 2, 0, 5, 5, 1, 0, 1, 1, 0)|0.0
(1, 1, 1, 0, 0, 1, 1, 0, 5, 5, 0, 0, 3, 0, 0)|0.0
(0, 0, 1, 0, 0, 1, 0, 0, 5, 5, 1, 1, 0, 0, 1)|0.0
(1, 0, 1, 1, 0, 0, 2, 0, 5, 5, 0, 0, 3, 1, 0)|-0.00540505484646502
(1, 0, 1, 1, 0, 0, 2, 0, 5, 5, 1, 0, 0, 1, 0)|0.00030561896784885977
(1, 0, 1, 1, 0, 0, 1, 0, 5, 5, 1, 0, 0, 0, 0)|0.07271246264294884
(2, 0, 1, 1, 0, 0, 2, 0, 5, 5, 0, 0, 3, 1, 0)|0.0
(1, 0, 1, 1, 0, 0, 2, 0, 5, 5, 1, 0, 1, 1, 0)|-0.010401102904502434
(1, 0, 1, 1, 0, 0, 1, 0, 5, 5, 1, 0, 0, 1, 0)|0.8574114774741733
(2, 0, 1, 1, 0, 0, 1, 0, 5, 5, 0, 0, 3, 1, 0)|0.0
(1, 0, 1, 1, 0, 0, 0, 0, 5, 5, 1, 0, 0, 0, 0)|0.0
(1, 0, 1, 0, 0, 1, 0, 0, 5, 5, 0, 0, 3, 0, 1)|0.0
(1, 1, 2, 0, 0, 0, 1, 0, 5, 5, 2, 1, 0, 0, 0)|-0.007877447535506257
(2, 0, 2, 0, 0, 0, 1, 0, 5, 5, 1, 1, 0, 1, 0)|0.11306925754205936
(2, 0, 2, 0, 0, 0, 1, 0, 5, 5, 1, 1, 1, 1, 0)|0.10624603999454238
(2, 0, 2, 0, 0, 0, 1, 0, 5, 5, 1, 1, 2, 1, 0)|-0.00040322840387951647
(2, 0, 2, 0, 0, 0, 1, 0, 5, 5, 1, 0, 2, 1, 0)|0.06890281852882596
(2, 0, 2, 0, 0, 0, 1, 0, 5, 5, 1, 1, 0, 0, 0)|0.01192436419076763
(3, 0, 2, 0, 0, 0, 1, 0, 5, 5, 0, 1, 3, 1, 0)|-0.0035585108492720632
(2, 0, 2, 0, 0, 0, 0, 0, 5, 5, 1, 1, 0, 0, 0)|0.0
(3, 0, 2, 0, 0, 0, 1, 0, 5, 5, 0, 0, 3, 1, 0)|0.0013960622977321775
(2, 0, 2, 0, 0, 0, 0, 0, 5, 5, 1, 0, 0, 0, 0)|0.0
(1, 2, 2, 0, 0, 0, 2, 0, 5, 5, 1, 0, 2, 1, 0)|0.0
(1, 2, 2, 0, 0, 0, 2, 0, 5, 5, 2, 0, 1, 1, 0)|-0.009638193987303175
(1, 2, 2, 0, 0, 0, 2, 0, 5, 5, 1, 1, 1, 1, 0)|-0.004054909298176287
(1, 2, 2, 0, 0, 0, 2, 0, 5, 5, 1, 1, 2, 1, 0)|-0.004175188531720398
(2, 2, 2, 0, 0, 0, 2, 0, 5, 5, 0, 0, 3, 1, 0)|-0.004141781988927791
(2, 2, 2, 0, 0, 0, 1, 0, 5, 5, 0, 0, 3, 0, 0)|-0.012190369998887675
(2, 0, 2, 0, 0, 0, 1, 1, 5, 5, 0, 0, 3, 0, 0)|-0.016467908783279965
(2, 0, 2, 0, 0, 0, 1, 1, 5, 5, 0, 1, 3, 0, 0)|-0.020710300477604256
(2, 0, 2, 0, 0, 0, 1, 1, 5, 5, 1, 0, 0, 0, 0)|-0.009113949488699338
(3, 0, 2, 0, 0, 0, 1, 1, 5, 5, 0, 0, 3, 0, 0)|-0.005943956650702272
(2, 0, 2, 0, 0, 0, 1, 1, 5, 5, 1, 0, 1, 0, 0)|-0.00421227031662713
(2, 0, 2, 0, 0, 0, 1, 1, 5, 5, 1, 1, 1, 0, 0)|-0.005941305461583949
(2, 0, 2, 0, 0, 0, 1, 1, 5, 5, 1, 1, 2, 0, 0)|-0.005773699640444275
(2, 0, 2, 0, 0, 0, 1, 1, 5, 5, 1, 0, 2, 0, 0)|-0.0038736007713983207
(0, 0, 1, 1, 0, 0, 1, 1, 5, 5, 0, 2, 3, 0, 0)|-0.0026700051625290905
(0, 0, 1, 0, 1, 0, 1, 1, 5, 5, 0, 2, 3, 0, 0)|-0.024368992138194354
(0, 0, 0, 1, 0, 0, 1, 1, 5, 5, 0, 3, 3, 0, 0)|-0.05468813599315258
(0, 0, 0, 1, 0, 0, 0, 1, 5, 5, 0, 3, 3, 0, 0)|-0.053086568809236775
(0, 0, 0, 1, 0, 0, 0, 1, 5, 3, 0, 3, 3, 0, 0)|0.014923884506460443
(0, 0, 0, 1, 0, 0, 0, 1, 5, 1, 0, 3, 3, 0, 0)|0.23076894303824375
(0, 0, 0, 1, 0, 0, 0, 1, 5, 3, 0, 3, 3, 0, 1)|0.0
(0, 0, 0, 1, 0, 0, 0, 1, 5, 1, 0, 3, 3, 0, 1)|0.5857937677641206
(0, 0, 0, 1, 0, 0, 0, 0, 5, 1, 0, 3, 3, 0, 1)|0.0
(0, 1, 1, 0, 1, 0, 2, 0, 5, 3, 0, 2, 3, 0, 0)|-0.006418442149344439
(0, 1, 1, 0, 0, 0, 2, 0, 5, 3, 0, 2, 3, 1, 0)|-0.030701932091407824
(0, 1, 1, 0, 0, 0, 2, 0, 5, 3, 0, 2, 3, 2, 0)|-0.008576173589691155
(0, 1, 1, 0, 0, 0, 2, 0, 5, 3, 0, 1, 3, 2, 0)|-0.006799844411046884
(0, 1, 1, 0, 0, 0, 2, 0, 5, 3, 0, 2, 3, 0, 0)|-0.0329151343860432
(0, 1, 1, 0, 0, 0, 2, 0, 5, 3, 0, 1, 3, 3, 0)|-0.00505500841638962
(0, 1, 1, 0, 0, 0, 2, 0, 5, 3, 0, 2, 3, 3, 0)|0.0
(0, 0, 1, 0, 0, 0, 2, 0, 5, 3, 0, 2, 3, 1, 0)|-0.004053532463684855
(0, 0, 1, 0, 0, 0, 2, 0, 5, 3, 0, 1, 3, 1, 0)|-0.005069087639453004
(0, 0, 1, 0, 0, 0, 2, 0, 5, 3, 0, 2, 3, 0, 0)|-0.0022659596098795693
(0, 0, 1, 0, 0, 0, 2, 0, 5, 3, 0, 1, 3, 0, 0)|0.0
(0, 2, 1, 0, 0, 0, 2, 0, 5, 3, 0, 2, 3, 0, 0)|-0.0061726417374703465
(0, 2, 1, 0, 0, 0, 2, 0, 5, 3, 0, 1, 3, 0, 0)|-0.007280489496953873
(0, 2, 1, 0, 0, 0, 2, 0, 5, 3, 0, 1, 3, 1, 0)|-0.020197217968179956
(0, 2, 1, 0, 0, 0, 2, 0, 5, 3, 0, 2, 3, 1, 0)|-0.01941466188126074
(0, 2, 1, 0, 0, 0, 2, 0, 5, 3, 0, 1, 3, 2, 0)|-0.023211661211497335
(0, 2, 1, 0, 0, 0, 2, 0, 5, 3, 0, 2, 3, 2, 0)|-0.02148900700060594
(0, 2, 1, 0, 0, 0, 1, 0, 5, 3, 0, 1, 3, 1, 0)|-0.0023412236545930234
(0, 2, 1, 0, 0, 0, 1, 0, 5, 3, 0, 2, 3, 1, 0)|-0.00490248505103359
(0, 2, 1, 0, 0, 0, 2, 0, 5, 3, 0, 0, 3, 2, 0)|-0.009586672190164104
(0, 2, 1, 0, 0, 0, 2, 0, 5, 3, 1, 0, 1, 2, 0)|-0.008735134830228208
(0, 2, 1, 0, 0, 0, 2, 0, 5, 3, 1, 0, 0, 2, 0)|-0.009546627363939046
(0, 2, 1, 0, 0, 0, 2, 0, 5, 3, 1, 1, 1, 2, 0)|-0.010692024454642518
(0, 2, 1, 0, 0, 0, 2, 0, 5, 3, 1, 1, 0, 2, 0)|-0.006275600246812855
(1, 2, 1, 0, 0, 0, 2, 0, 5, 3, 0, 1, 3, 2, 0)|0.0
(0, 2, 1, 0, 0, 0, 2, 0, 5, 3, 1, 1, 1, 1, 0)|-0.006076528666575411
(0, 2, 1, 0, 0, 0, 2, 0, 5, 3, 1, 0, 1, 1, 0)|-0.00627728840198097
(0, 2, 1, 0, 0, 0, 2, 0, 5, 3, 1, 0, 0, 1, 0)|-0.0038849524391731
(0, 2, 1, 0, 0, 0, 2, 0, 5, 3, 1, 1, 0, 1, 0)|-0.00577470095970702
(0, 2, 1, 0, 0, 0, 2, 0, 5, 3, 1, 1, 2, 1, 0)|-0.0065279301066338835
(0, 2, 1, 0, 0, 0, 2, 0, 5, 3, 1, 1, 2, 2, 0)|-0.011662902685057196
(0, 2, 1, 0, 0, 0, 2, 0, 5, 3, 1, 0, 2, 2, 0)|-0.007791210005669773
(0, 2, 1, 0, 0, 0, 2, 0, 5, 3, 1, 0, 2, 0, 0)|-0.0026058829812775335
(0, 2, 1, 0, 0, 0, 2, 0, 5, 3, 1, 0, 1, 0, 0)|0.0
(0, 2, 1, 0, 0, 0, 2, 0, 5, 3, 1, 1, 2, 0, 0)|0.0
(0, 2, 1, 0, 0, 0, 2, 0, 5, 3, 1, 0, 2, 1, 0)|-0.007843144236417039
(0, 2, 1, 0, 0, 0, 2, 0, 5, 3, 1, 1, 2, 3, 0)|-0.0039124311626578655
(0, 2, 1, 0, 0, 0, 2, 0, 5, 3, 1, 0, 2, 3, 0)|0.0
(0, 2, 1, 0, 0, 0, 2, 0, 5, 3, 1, 0, 1, 3, 0)|-0.002576107325004097
(0, 2, 1, 0, 0, 0, 2, 0, 5, 3, 1, 1, 3, 3, 0)|0.0
(0, 2, 1, 0, 0, 0, 2, 0, 5, 3, 1, 2, 1, 2, 0)|-0.009876654237007735
(0, 2, 1, 0, 0, 0, 2, 0, 5, 3, 1, 2, 1, 1, 0)|0.0
(1, 2, 1, 0, 0, 0, 2, 0, 5, 3, 0, 1, 3, 1, 0)|0.0
(0, 2, 1, 0, 0, 0, 1, 0, 5, 3, 1, 0, 0, 0, 0)|-0.0022677041433568973
(0, 2, 1, 0, 0, 0, 1, 0, 5, 3, 1, 0, 1, 0, 0)|-0.004519658730128095
(1, 2, 1, 0, 0, 0, 1, 0, 5, 3, 0, 1, 3, 0, 0)|0.0
(0, 2, 1, 0, 0, 0, 1, 0, 5, 3, 1, 1, 0, 0, 0)|-0.0040856015928544135
(0, 2, 1, 0, 0, 0, 1, 0, 5, 3, 1, 1, 1, 0, 0)|0.0
(0, 2, 1, 0, 0, 0, 1, 0, 5, 3, 1, 1, 2, 0, 0)|-0.00939123153903585
(0, 0, 1, 0, 0, 0, 1, 1, 5, 3, 1, 1, 2, 0, 0)|-0.08323590598928722
(0, 0, 1, 0, 0, 0, 1, 1, 5, 3, 1, 0, 1, 0, 0)|-0.013553518671824636
(0, 0, 1, 0, 0, 0, 1, 1, 5, 3, 1, 1, 1, 0, 0)|-0.008239136722420342
(0, 0, 1, 0, 0, 0, 1, 1, 5, 3, 1, 2, 1, 0, 0)|-0.006147290480916498
(0, 0, 1, 0, 0, 0, 1, 1, 5, 3, 1, 0, 2, 0, 0)|0.0
(0, 0, 1, 0, 0, 0, 1, 1, 5, 3, 1, 1, 3, 0, 0)|-0.95589104491
(1, 0, 1, 0, 0, 1, 2, 0, 5, 5, 1, 1, 0, 1, 0)|-0.0041918430495396924
(2, 0, 1, 0, 0, 1, 2, 0, 5, 5, 0, 0, 3, 1, 0)|-0.004380037811937073
(1, 0, 1, 0, 0, 1, 2, 0, 5, 5, 1, 0, 0, 1, 0)|-0.0057120432047103485
(1, 0, 1, 0, 0, 1, 2, 0, 5, 5, 1, 1, 1, 1, 0)|0.0
(2, 0, 1, 0, 0, 1, 2, 0, 5, 5, 0, 1, 3, 1, 0)|0.0
(2, 0, 1, 0, 0, 1, 1, 0, 5, 5, 0, 1, 3, 0, 0)|-0.007743579480131345
(2, 0, 1, 0, 0, 1, 1, 0, 5, 5, 1, 0, 0, 0, 0)|0.0
(2, 0, 1, 0, 0, 1, 1, 0, 5, 5, 0, 2, 3, 0, 0)|-0.006820171257775449
(2, 0, 1, 0, 0, 1, 1, 0, 5, 5, 0, 2, 3, 0, 1)|0.003753983059100003
(2, 0, 1, 0, 0, 1, 1, 0, 5, 5, 0, 1, 3, 0, 1)|0.08346670100000002
(2, 0, 1, 0, 0, 1, 1, 0, 5, 5, 1, 0, 0, 0, 1)|0.0
(2, 0, 1, 0, 0, 1, 0, 0, 5, 5, 0, 0, 3, 0, 1)|0.0
(1, 0, 1, 0, 0, 0, 1, 0, 5, 5, 1, 0, 2, 1, 0)|0.0
(1, 0, 2, 0, 0, 0, 0, 0, 5, 5, 2, 0, 0, 0, 0)|0.0
(0, 2, 2, 0, 0, 0, 2, 0, 5, 5, 1, 1, 0, 0, 0)|-0.021288752700752457
(0, 2, 2, 0, 0, 0, 2, 0, 5, 5, 1, 1, 1, 1, 0)|-0.004031562398433875
(0, 2, 2, 0, 0, 0, 2, 0, 5, 5, 1, 1, 0, 1, 0)|-0.0039131582315810876
(0, 2, 2, 0, 0, 0, 2, 0, 5, 5, 1, 2, 0, 1, 0)|0.0
(0, 2, 2, 0, 0, 0, 2, 0, 5, 5, 1, 2, 0, 0, 0)|-0.0074114015333940336
(1, 3, 2, 0, 0, 0, 2, 0, 5, 5, 1, 0, 2, 0, 0)|-0.034032921479444575
(1, 3, 2, 0, 0, 0, 2, 0, 5, 5, 1, 1, 2, 0, 0)|-0.03520797411425824
(1, 3, 2, 0, 0, 0, 2, 0, 5, 5, 1, 1, 3, 0, 0)|-0.031503515045047614
(1, 3, 2, 0, 0, 0, 2, 0, 5, 5, 1, 0, 3, 0, 0)|-0.008430325511158337
(1, 3, 2, 0, 0, 0, 2, 0, 5, 5, 1, 2, 0, 0, 0)|-0.023590287469430885
(2, 4, 2, 0, 0, 0, 2, 0, 5, 5, 0, 1, 3, 0, 0)|-0.01280182383891406
(2, 5, 2, 0, 0, 0, 2, 0, 5, 5, 0, 1, 3, 0, 0)|-0.008241266609367063
(2, 5, 2, 0, 0, 0, 2, 0, 5, 5, 0, 0, 3, 0, 0)|-0.012519298013041599
(2, 5, 2, 0, 0, 0, 2, 0, 5, 5, 1, 0, 1, 0, 0)|-0.0049069681166961235
(2, 5, 2, 0, 0, 0, 2, 0, 5, 5, 1, 0, 2, 0, 0)|-0.013738138234524386
(2, 5, 2, 0, 0, 0, 2, 0, 5, 5, 1, 1, 2, 0, 0)|-0.008280285576709023
(2, 5, 2, 0, 0, 0, 2, 0, 5, 5, 1, 1, 1, 0, 0)|-0.006151328597667033
(2, 5, 2, 0, 0, 0, 2, 0, 5, 5, 1, 0, 3, 0, 0)|-0.005635596859169127
(2, 5, 2, 0, 0, 0, 2, 0, 5, 5, 1, 1, 3, 0, 0)|-0.0023079693587856865
(2, 5, 1, 0, 0, 0, 2, 0, 5, 5, 0, 1, 3, 0, 0)|-0.004532992875396514
(2, 5, 1, 0, 0, 0, 2, 0, 5, 5, 0, 2, 3, 0, 0)|0.0
(1, 5, 2, 0, 0, 0, 2, 0, 5, 5, 0, 1, 3, 0, 0)|0.0
(0, 5, 1, 0, 0, 1, 2, 0, 5, 5, 0, 1, 3, 0, 0)|-0.029255476393294608
(0, 5, 1, 1, 0, 0, 2, 0, 5, 5, 0, 1, 3, 0, 0)|0.0
(0, 5, 1, 0, 1, 0, 2, 0, 5, 5, 0, 1, 3, 0, 0)|0.0
(0, 5, 1, 0, 0, 1, 2, 0, 5, 5, 0, 2, 3, 0, 0)|-0.010479977302873615
(0, 5, 1, 0, 0, 1, 2, 0, 5, 5, 0, 1, 3, 0, 1)|-0.03047448045202493
(0, 5, 1, 0, 0, 1, 2, 0, 5, 5, 0, 2, 3, 0, 1)|-0.014721748383353555
(0, 5, 1, 0, 0, 1, 2, 0, 5, 4, 0, 1, 3, 0, 1)|-0.00441044562123055
(0, 5, 1, 0, 0, 1, 2, 0, 5, 4, 0, 1, 3, 0, 0)|0.0
(0, 6, 1, 0, 0, 1, 2, 0, 5, 4, 0, 1, 3, 0, 1)|-0.004043315256539044
(0, 6, 1, 0, 0, 1, 2, 0, 5, 3, 0, 1, 3, 0, 1)|0.0
(0, 6, 1, 0, 0, 1, 2, 0, 5, 4, 0, 1, 3, 0, 0)|-0.004045064607621137
(0, 6, 1, 0, 0, 1, 1, 0, 5, 4, 0, 1, 3, 0, 1)|-0.004064698177566062
(0, 5, 1, 0, 0, 1, 2, 0, 5, 3, 0, 1, 3, 0, 1)|-0.007500583310395511
(0, 5, 1, 0, 0, 1, 1, 0, 5, 4, 0, 1, 3, 0, 1)|0.0
(0, 5, 1, 0, 0, 1, 2, 0, 5, 3, 0, 0, 3, 0, 1)|0.0
(0, 5, 1, 0, 0, 1, 2, 0, 5, 3, 0, 2, 3, 0, 1)|0.0
(0, 5, 1, 0, 0, 1, 1, 0, 5, 3, 0, 1, 3, 0, 1)|0.0
(0, 5, 1, 0, 0, 1, 2, 0, 5, 2, 0, 1, 3, 0, 1)|0.0
(0, 5, 1, 0, 0, 1, 2, 0, 5, 3, 0, 1, 3, 0, 0)|-0.004037567708241501
(0, 5, 1, 0, 0, 1, 2, 0, 5, 3, 0, 0, 3, 0, 0)|-0.0039805578927216735
(0, 5, 1, 0, 0, 1, 2, 0, 5, 3, 0, 2, 3, 0, 0)|0.0
(0, 5, 1, 0, 0, 1, 1, 0, 5, 3, 0, 1, 3, 0, 0)|0.0
(0, 5, 1, 0, 0, 1, 2, 0, 5, 3, 1, 0, 1, 0, 0)|0.0
(0, 5, 1, 0, 0, 1, 2, 0, 5, 2, 0, 0, 3, 0, 1)|-0.00334071709003
(0, 5, 1, 0, 0, 1, 2, 0, 5, 2, 1, 0, 1, 0, 1)|0.0
(0, 5, 1, 0, 0, 1, 2, 0, 5, 1, 0, 0, 3, 0, 1)|0.084437
(0, 5, 1, 0, 0, 1, 2, 0, 5, 2, 0, 0, 3, 0, 0)|0.0038404367000000007
(0, 5, 1, 0, 0, 1, 2, 0, 5, 2, 0, 1, 3, 0, 0)|0.0
(0, 5, 1, 0, 0, 1, 2, 0, 5, 2, 1, 0, 1, 0, 0)|0.0
(0, 5, 1, 0, 0, 1, 2, 0, 5, 1, 0, 1, 3, 0, 1)|0.989
(0, 5, 1, 0, 0, 1, 2, 0, 5, 1, 1, 0, 1, 0, 1)|0.0
(0, 5, 1, 0, 0, 1, 2, 0, 5, 0, 0, 1, 3, 0, 1)|0.0
(0, 5, 1, 0, 0, 1, 2, 0, 5, 1, 0, 1, 3, 0, 0)|0.0
(2, 0, 1, 0, 0, 0, 2, 0, 5, 5, 1, 2, 2, 1, 0)|0.000888048898518006
(2, 0, 1, 0, 0, 0, 2, 0, 5, 5, 1, 2, 1, 1, 0)|0.0
(2, 0, 1, 0, 0, 0, 2, 0, 5, 5, 1, 1, 2, 1, 0)|0.0
(0, 0, 1, 1, 0, 0, 2, 0, 5, 5, 1, 2, 2, 1, 0)|0.0
(0, 0, 1, 0, 0, 1, 2, 0, 5, 5, 1, 1, 1, 1, 1)|0.0
(0, 0, 0, 0, 0, 1, 1, 0, 5, 5, 0, 3, 3, 0, 0)|-0.04717175861113169
(0, 0, 0, 0, 0, 1, 2, 0, 5, 5, 0, 3, 3, 1, 1)|-0.017900104928417135
(0, 0, 0, 0, 0, 1, 1, 0, 5, 5, 0, 3, 3, 0, 1)|0.05472041969350901
(0, 0, 0, 0, 0, 1, 1, 0, 5, 4, 0, 3, 3, 0, 1)|-0.09364101319000001
(2, 1, 1, 0, 0, 1, 1, 0, 5, 5, 0, 1, 3, 0, 0)|-0.0028733237446482984
(2, 1, 1, 0, 0, 1, 1, 0, 5, 5, 0, 0, 3, 0, 0)|-0.010814708273869985
(2, 1, 1, 0, 0, 1, 1, 0, 5, 5, 1, 0, 2, 0, 0)|-0.003874163713303203
(2, 1, 1, 0, 0, 1, 1, 0, 5, 5, 1, 0, 2, 0, 1)|0.0
(2, 1, 1, 0, 0, 1, 1, 0, 5, 5, 1, 0, 1, 0, 0)|-0.0021466185555914993
(2, 1, 1, 0, 0, 1, 1, 0, 5, 5, 1, 0, 1, 0, 1)|-0.002740206173238883
(2, 0, 1, 0, 0, 1, 2, 0, 5, 5, 1, 0, 2, 0, 1)|-0.005774845473009164
(2, 0, 1, 0, 0, 1, 2, 0, 5, 5, 1, 0, 2, 0, 0)|-0.0038865907448124705
(2, 0, 1, 0, 0, 1, 2, 0, 5, 5, 1, 1, 3, 0, 0)|-0.0022860914120367
(2, 0, 1, 0, 0, 1, 2, 0, 5, 5, 1, 1, 3, 0, 1)|-0.004289904578185555
(2, 0, 1, 0, 0, 1, 1, 0, 5, 5, 1, 1, 3, 0, 1)|-0.006812621528457403
(2, 0, 1, 0, 0, 1, 1, 0, 5, 5, 1, 1, 3, 0, 0)|0.0038404367000000007
(2, 0, 1, 0, 0, 1, 1, 0, 5, 5, 1, 1, 2, 0, 0)|0.0
(2, 0, 1, 0, 0, 1, 0, 0, 5, 5, 1, 0, 2, 0, 0)|0.0
(0, 1, 0, 0, 1, 0, 2, 0, 5, 5, 0, 3, 3, 2, 0)|-0.004159479352160711
(0, 1, 0, 0, 1, 0, 1, 0, 5, 5, 0, 3, 3, 1, 0)|0.014426349214244459
(0, 0, 0, 0, 1, 0, 2, 0, 5, 3, 0, 3, 3, 1, 0)|0.0
(1, 0, 2, 0, 0, 0, 2, 0, 5, 5, 1, 0, 0, 2, 0)|-0.00844630826431662
(1, 0, 2, 0, 0, 0, 2, 0, 5, 5, 1, 0, 1, 2, 0)|0.0
(3, 0, 2, 0, 0, 0, 1, 0, 5, 5, 1, 1, 0, 0, 0)|-0.030436442218114923
(3, 0, 1, 0, 0, 0, 1, 0, 5, 5, 1, 0, 0, 0, 0)|0.003267484811303202
(3, 0, 1, 0, 0, 0, 1, 0, 5, 5, 1, 0, 1, 0, 0)|0.057416497903368904
(2, 0, 2, 0, 0, 0, 1, 0, 5, 5, 1, 1, 2, 2, 0)|-0.0031420079651209108
(2, 0, 2, 0, 0, 0, 1, 0, 5, 5, 1, 1, 1, 2, 0)|0.0
(2, 0, 2, 0, 0, 0, 1, 0, 5, 5, 1, 0, 1, 2, 0)|0.0
(2, 0, 2, 0, 0, 0, 1, 0, 5, 5, 1, 0, 2, 2, 0)|0.006070617675410655
(2, 0, 1, 0, 0, 0, 0, 0, 5, 5, 0, 0, 3, 0, 0)|0.0
(2, 1, 2, 0, 0, 0, 1, 0, 5, 5, 1, 1, 0, 0, 0)|-0.0048251949262658606
(3, 1, 2, 0, 0, 0, 1, 0, 5, 5, 0, 1, 3, 0, 0)|0.0
(2, 1, 2, 0, 0, 0, 1, 0, 5, 5, 1, 1, 1, 0, 0)|-0.012050771001540356
(4, 0, 2, 0, 0, 0, 2, 0, 5, 5, 1, 1, 1, 1, 0)|-0.0038619488734807613
(4, 0, 2, 0, 0, 0, 2, 0, 5, 5, 1, 0, 1, 1, 0)|-0.005535951696437298
(4, 0, 2, 0, 0, 0, 2, 0, 5, 5, 1, 0, 2, 1, 0)|-0.002009527199559608
(4, 0, 2, 0, 0, 0, 2, 0, 5, 5, 1, 1, 2, 1, 0)|-0.007075873179374779
(4, 0, 2, 0, 0, 0, 2, 0, 5, 5, 1, 1, 3, 0, 0)|0.07416899384965714
(4, 0, 2, 0, 0, 0, 2, 0, 5, 5, 1, 0, 3, 1, 0)|-0.008160261458484612
(4, 0, 2, 0, 0, 0, 2, 0, 5, 5, 1, 1, 3, 1, 0)|0.005726619948575844
(2, 1, 1, 0, 0, 0, 2, 0, 5, 5, 1, 0, 1, 0, 0)|-0.005842975392302567
(0, 1, 0, 1, 0, 0, 2, 0, 5, 5, 0, 3, 3, 0, 0)|-0.0408502699207802
(0, 1, 0, 1, 0, 0, 1, 0, 5, 5, 0, 3, 3, 0, 0)|-0.01567650761582279
(0, 0, 0, 1, 0, 0, 1, 0, 5, 5, 0, 3, 3, 0, 1)|-0.008406876822144678
(0, 0, 0, 1, 0, 0, 1, 0, 5, 3, 0, 3, 3, 0, 1)|0.0
(0, 0, 0, 1, 0, 0, 1, 0, 5, 3, 0, 3, 3, 1, 1)|0.0
(0, 0, 0, 0, 1, 0, 1, 0, 5, 3, 0, 3, 3, 1, 0)|0.0033857507068104065
(0, 0, 0, 0, 0, 1, 2, 0, 5, 5, 0, 3, 3, 0, 1)|-0.09206119
(3, 3, 2, 0, 0, 0, 2, 0, 5, 5, 0, 1, 3, 1, 0)|-0.011207172666311202
(3, 3, 2, 0, 0, 0, 2, 0, 5, 5, 0, 1, 3, 2, 0)|-0.009426771042342973
(3, 3, 2, 0, 0, 0, 2, 0, 5, 5, 0, 2, 3, 2, 0)|-0.006263838222614098
(3, 3, 2, 0, 0, 0, 2, 0, 5, 5, 0, 0, 3, 2, 0)|-0.009180356971313202
(3, 3, 2, 0, 0, 0, 1, 0, 5, 5, 0, 0, 3, 1, 0)|-0.0040353302341339554
(3, 3, 2, 0, 0, 0, 2, 0, 5, 5, 1, 0, 2, 2, 0)|0.0
(3, 1, 2, 0, 0, 0, 1, 1, 5, 5, 1, 0, 2, 1, 0)|-0.003955445949876034
(3, 1, 2, 0, 0, 0, 1, 1, 5, 5, 1, 0, 1, 1, 0)|-0.003868944314454276
(3, 1, 2, 0, 0, 0, 1, 1, 5, 5, 1, 0, 2, 2, 0)|-0.00225623844894708
(3, 1, 2, 0, 0, 0, 0, 1, 5, 5, 1, 0, 2, 1, 0)|-0.002103635053243575
(3, 1, 2, 0, 0, 0, 1, 1, 5, 5, 1, 0, 1, 2, 0)|0.0
(3, 1, 2, 0, 0, 0, 0, 1, 5, 5, 1, 0, 2, 0, 0)|0.0
(3, 1, 2, 0, 0, 0, 0, 1, 5, 5, 1, 0, 1, 0, 0)|-0.002088039443931273
(3, 1, 2, 0, 0, 0, 0, 1, 5, 5, 1, 0, 1, 1, 0)|-0.0020893271547919217
(3, 1, 2, 0, 0, 0, 0, 1, 5, 5, 1, 1, 1, 1, 0)|0.0
(3, 0, 2, 0, 0, 0, 1, 1, 5, 5, 1, 0, 2, 0, 0)|-0.0022626117027063834
(3, 0, 2, 0, 0, 0, 1, 1, 5, 5, 1, 0, 1, 0, 0)|-0.006218590213525802
(3, 0, 2, 0, 0, 0, 1, 1, 5, 5, 1, 1, 1, 0, 0)|-0.0024383341943538493
(3, 0, 2, 0, 0, 0, 1, 1, 5, 5, 1, 0, 2, 1, 0)|-0.007096023453483676
(3, 0, 2, 0, 0, 0, 1, 1, 5, 5, 1, 0, 1, 1, 0)|-0.005421046228078824
(3, 0, 2, 0, 0, 0, 1, 1, 5, 5, 1, 1, 1, 1, 0)|-0.003943997259781307
(3, 1, 2, 0, 0, 0, 1, 1, 5, 5, 1, 1, 1, 1, 0)|-0.004043133192528317
(3, 1, 2, 0, 0, 0, 1, 1, 5, 5, 1, 1, 0, 1, 0)|-0.004043021240497381
(3, 1, 2, 0, 0, 0, 1, 1, 5, 5, 1, 1, 0, 0, 0)|-0.004041764764280362
(3, 1, 2, 0, 0, 0, 1, 1, 5, 5, 1, 1, 1, 0, 0)|-0.004027662898769492
(4, 1, 2, 0, 0, 0, 1, 1, 5, 5, 0, 1, 3, 0, 0)|0.0
(3, 1, 2, 0, 0, 0, 1, 1, 5, 5, 1, 0, 0, 0, 0)|-0.002093072988205131
(3, 1, 2, 0, 0, 0, 1, 1, 5, 5, 1, 0, 1, 0, 0)|-0.003869392803249077
(3, 1, 2, 0, 0, 0, 1, 1, 5, 5, 2, 0, 1, 0, 0)|0.0
(3, 1, 2, 0, 0, 0, 1, 1, 5, 5, 2, 0, 0, 0, 0)|0.0
(3, 1, 1, 0, 0, 0, 1, 1, 5, 5, 0, 0, 3, 1, 0)|-0.0021452554245014535
(3, 1, 1, 0, 0, 0, 1, 1, 5, 5, 0, 1, 3, 1, 0)|0.0
(3, 1, 1, 0, 0, 0, 1, 1, 5, 5, 1, 0, 2, 1, 0)|0.0
(2, 1, 2, 0, 0, 0, 1, 1, 5, 5, 0, 0, 3, 1, 0)|0.0
(1, 1, 1, 0, 0, 1, 1, 1, 5, 5, 0, 0, 3, 1, 0)|0.0
(1, 1, 1, 1, 0, 0, 1, 1, 5, 5, 0, 0, 3, 1, 0)|-0.0027250602722383686
(1, 1, 1, 0, 1, 0, 1, 1, 5, 5, 0, 0, 3, 1, 0)|0.0
(1, 1, 1, 1, 0, 0, 1, 1, 5, 5, 0, 1, 3, 1, 0)|0.0
(1, 1, 1, 1, 0, 0, 1, 1, 5, 5, 1, 0, 2, 1, 0)|0.0
(1, 1, 1, 1, 0, 0, 1, 1, 5, 5, 0, 0, 3, 2, 0)|-0.009167336358204093
(1, 1, 1, 1, 0, 0, 1, 1, 5, 5, 0, 0, 3, 2, 1)|-0.004056889584421347
(1, 1, 1, 1, 0, 0, 1, 1, 5, 5, 0, 1, 3, 2, 0)|-0.003884722197577475
(1, 1, 1, 1, 0, 0, 1, 1, 5, 5, 1, 0, 2, 2, 0)|0.0
(1, 1, 1, 1, 0, 0, 1, 1, 5, 5, 0, 1, 3, 2, 1)|-0.0022651200625979214
(1, 1, 1, 1, 0, 0, 0, 1, 5, 5, 0, 1, 3, 1, 0)|0.0
(1, 1, 0, 1, 0, 0, 1, 1, 5, 5, 0, 3, 3, 1, 1)|-0.004197413966569549
(1, 1, 0, 1, 0, 0, 1, 1, 5, 5, 0, 3, 3, 1, 0)|0.0
(1, 1, 0, 1, 0, 0, 0, 1, 5, 5, 0, 3, 3, 0, 1)|0.0
(0, 1, 1, 1, 0, 0, 1, 1, 5, 5, 0, 1, 3, 1, 1)|-0.005774567526033099
(0, 1, 1, 1, 0, 0, 1, 1, 5, 5, 0, 1, 3, 1, 0)|0.0
(0, 1, 1, 1, 0, 0, 0, 1, 5, 5, 0, 1, 3, 0, 1)|-0.0038834397400843265
(0, 1, 1, 1, 0, 0, 0, 1, 5, 5, 0, 2, 3, 0, 1)|-0.0022507266002730246
(0, 0, 1, 1, 0, 0, 1, 1, 5, 5, 0, 2, 3, 1, 1)|-0.0038969622252558287
(0, 0, 1, 1, 0, 0, 1, 1, 5, 5, 0, 1, 3, 1, 1)|-0.0024024941106153565
(0, 0, 1, 1, 0, 0, 0, 1, 5, 5, 0, 2, 3, 1, 1)|0.0
(0, 0, 1, 1, 0, 0, 0, 1, 5, 5, 0, 1, 3, 1, 1)|0.0
(0, 0, 1, 1, 0, 0, 1, 1, 5, 5, 0, 1, 3, 2, 1)|-0.0055832678957261845
(0, 0, 1, 1, 0, 0, 1, 1, 5, 5, 0, 0, 3, 2, 1)|0.0
(0, 0, 1, 1, 0, 0, 1, 1, 5, 5, 0, 2, 3, 2, 1)|-0.004044060369700026
(0, 0, 1, 1, 0, 0, 1, 1, 5, 5, 0, 2, 3, 0, 1)|-0.0040534272693605634
(0, 0, 1, 1, 0, 0, 1, 1, 5, 5, 0, 1, 3, 0, 1)|-0.004158555211678592
(0, 0, 1, 1, 0, 0, 1, 1, 5, 5, 0, 1, 3, 2, 0)|-0.002104914787204283
(0, 0, 1, 1, 0, 0, 1, 1, 5, 5, 0, 2, 3, 2, 0)|0.0
(0, 0, 1, 1, 0, 0, 1, 1, 5, 5, 0, 0, 3, 2, 0)|-0.002276830968936475
(0, 0, 1, 1, 0, 0, 1, 1, 5, 5, 0, 0, 3, 1, 0)|-0.00418701076596083
(0, 0, 1, 1, 0, 0, 1, 1, 5, 5, 0, 0, 3, 1, 1)|0.0
(0, 0, 1, 1, 0, 0, 1, 1, 5, 5, 0, 1, 3, 1, 0)|-0.005657808821109199
(0, 0, 1, 1, 0, 0, 1, 1, 5, 5, 1, 0, 1, 1, 0)|0.0
(0, 0, 1, 1, 0, 0, 0, 1, 5, 5, 0, 1, 3, 0, 1)|-0.0025597799670010885
(0, 0, 1, 1, 0, 0, 0, 1, 5, 5, 0, 0, 3, 0, 1)|-0.007330888522234317
(0, 0, 1, 1, 0, 0, 0, 1, 5, 5, 0, 0, 3, 0, 0)|-0.009309182085652942
(0, 0, 1, 1, 0, 0, 0, 1, 5, 5, 1, 0, 1, 0, 1)|0.0
(0, 0, 1, 1, 0, 0, 0, 1, 5, 5, 1, 0, 1, 1, 0)|-0.0021594965801896267
(0, 0, 1, 1, 0, 0, 0, 1, 5, 5, 1, 0, 1, 0, 0)|-0.008745845642359286
(0, 0, 1, 1, 0, 0, 0, 1, 5, 5, 1, 0, 2, 0, 0)|0.04619251637745999
(0, 0, 0, 1, 0, 0, 0, 1, 5, 5, 0, 3, 3, 1, 0)|-0.010925503727114403
(0, 0, 0, 1, 0, 0, 0, 1, 5, 5, 0, 3, 3, 1, 1)|-0.08128623711688443
(0, 0, 0, 1, 0, 0, 0, 1, 5, 5, 0, 3, 3, 0, 1)|-0.020689470131924004
(0, 0, 0, 1, 0, 0, 0, 1, 5, 3, 0, 3, 3, 1, 1)|-1.0
(0, 1, 1, 0, 1, 0, 1, 0, 5, 5, 1, 1, 1, 0, 0)|-0.007809170770920705
(0, 1, 1, 0, 1, 0, 1, 0, 5, 5, 1, 1, 2, 0, 0)|-0.007571271815316779
(0, 1, 1, 0, 1, 0, 1, 0, 5, 5, 1, 0, 2, 0, 0)|-0.01437385318709927
(0, 0, 1, 0, 1, 0, 2, 0, 5, 5, 1, 0, 2, 1, 0)|-0.006556929322269428
(0, 0, 1, 0, 1, 0, 2, 0, 5, 5, 1, 0, 2, 2, 0)|-0.0055412205461338295
(0, 0, 1, 0, 1, 0, 2, 0, 5, 5, 1, 1, 3, 2, 0)|0.0
(0, 0, 1, 0, 1, 0, 2, 0, 5, 5, 1, 1, 1, 2, 0)|0.0
(0, 0, 1, 0, 1, 0, 2, 0, 5, 5, 1, 0, 1, 2, 0)|0.0
(0, 0, 1, 0, 1, 0, 2, 0, 5, 5, 1, 1, 2, 2, 0)|0.0
(0, 0, 1, 0, 1, 0, 1, 0, 5, 5, 1, 0, 2, 1, 0)|-0.0012380523091048375
(0, 0, 1, 0, 1, 0, 1, 0, 5, 5, 1, 1, 3, 1, 0)|0.013584917975739224
(0, 0, 1, 0, 1, 0, 1, 0, 5, 5, 1, 0, 3, 1, 0)|0.0
(0, 0, 1, 0, 1, 0, 1, 0, 5, 5, 1, 0, 3, 0, 0)|-0.01931794714034032
(0, 1, 0, 0, 1, 0, 1, 0, 5, 3, 0, 3, 3, 0, 0)|-0.007923953750008463
(0, 0, 0, 0, 1, 0, 2, 0, 5, 3, 0, 3, 3, 0, 0)|-0.004983291437262105
(0, 0, 0, 0, 1, 0, 0, 0, 5, 3, 0, 3, 3, 0, 1)|0.0
(0, 0, 0, 0, 1, 0, 1, 0, 5, 3, 0, 3, 3, 0, 1)|0.4423767204211359
(0, 0, 0, 0, 1, 0, 1, 0, 5, 3, 0, 3, 3, 1, 1)|0.6512131786647823
(0, 0, 2, 0, 0, 0, 2, 0, 5, 5, 0, 3, 3, 0, 0)|-0.05516165719259169
(0, 0, 2, 0, 0, 0, 2, 0, 5, 5, 0, 3, 3, 1, 0)|-0.004224363919908795
(0, 0, 2, 0, 0, 0, 1, 0, 5, 5, 0, 2, 3, 2, 0)|-0.004320787918347191
(0, 0, 2, 0, 0, 0, 1, 0, 5, 5, 0, 1, 3, 2, 0)|-0.007159235896152532
(0, 0, 1, 0, 0, 1, 1, 0, 5, 4, 1, 1, 1, 1, 0)|0.0
(0, 0, 1, 0, 0, 1, 1, 0, 5, 5, 1, 2, 2, 1, 0)|0.0
(0, 0, 1, 0, 0, 1, 1, 0, 5, 5, 1, 2, 3, 0, 0)|0.989
(0, 0, 1, 0, 0, 1, 0, 0, 5, 5, 1, 2, 2, 0, 0)|0.0
(0, 0, 1, 0, 0, 1, 0, 0, 5, 5, 1, 2, 3, 0, 0)|0.0
(0, 1, 1, 0, 1, 0, 2, 0, 5, 5, 1, 0, 2, 0, 0)|-0.014295472025814063
(0, 1, 1, 0, 1, 0, 2, 0, 5, 5, 1, 1, 1, 0, 0)|-0.015975010046673337
(0, 1, 1, 0, 1, 0, 2, 0, 5, 5, 1, 1, 2, 0, 0)|-0.011839197533111237
(0, 1, 1, 0, 1, 0, 0, 0, 5, 5, 1, 0, 2, 0, 0)|-0.003972891602714888
(0, 1, 1, 0, 1, 0, 0, 0, 5, 5, 1, 1, 1, 0, 0)|-0.0032546756758124323
(0, 0, 1, 0, 1, 0, 1, 0, 5, 5, 1, 1, 1, 0, 1)|-0.0042499891173826574
(0, 0, 1, 0, 1, 0, 1, 0, 5, 5, 1, 0, 2, 0, 1)|-0.007519133415673655
(0, 0, 1, 0, 1, 0, 1, 0, 5, 3, 1, 0, 2, 0, 1)|0.0
(0, 0, 1, 0, 1, 0, 1, 0, 5, 5, 1, 1, 2, 0, 1)|0.0
(0, 0, 1, 0, 1, 0, 1, 0, 5, 5, 1, 0, 1, 0, 1)|-0.006364636558727909
(0, 0, 1, 0, 1, 0, 1, 0, 5, 5, 1, 0, 0, 0, 1)|0.00897041289782372
(1, 0, 1, 0, 1, 0, 0, 0, 5, 3, 0, 0, 3, 0, 1)|0.0
(1, 0, 1, 0, 1, 0, 1, 0, 5, 3, 1, 0, 0, 0, 1)|0.0
(1, 1, 1, 1, 0, 0, 2, 0, 5, 5, 0, 0, 3, 0, 0)|-0.018115725450196074
(1, 1, 1, 1, 0, 0, 2, 0, 5, 5, 1, 0, 2, 0, 0)|-0.007805381359481025
(1, 1, 1, 1, 0, 0, 1, 0, 5, 5, 1, 0, 2, 0, 0)|-0.007527878416424267
(1, 1, 1, 1, 0, 0, 1, 0, 5, 5, 1, 0, 1, 0, 0)|0.0
(1, 1, 1, 1, 0, 0, 1, 0, 5, 5, 1, 1, 2, 0, 0)|-0.004350130079093214
(1, 1, 1, 1, 0, 0, 1, 0, 5, 5, 1, 1, 1, 0, 0)|0.0
(1, 1, 0, 1, 0, 0, 1, 0, 5, 5, 0, 3, 3, 0, 0)|-0.007488553076242577
(1, 0, 0, 1, 0, 0, 2, 0, 5, 5, 0, 3, 3, 0, 0)|-0.0038998068032359795
(1, 2, 0, 1, 0, 0, 2, 0, 5, 5, 0, 3, 3, 0, 0)|-0.002434419789404933
(0, 2, 1, 1, 0, 0, 2, 0, 5, 5, 0, 0, 3, 0, 0)|-0.005937997660054813
(0, 2, 1, 1, 0, 0, 2, 0, 5, 5, 0, 1, 3, 0, 0)|-0.005736200048235585
(0, 2, 1, 1, 0, 0, 1, 0, 5, 5, 0, 1, 3, 0, 0)|-0.0034484787066578837
(0, 2, 1, 1, 0, 0, 1, 0, 5, 5, 0, 0, 3, 0, 0)|0.0
(0, 0, 1, 1, 0, 0, 1, 1, 5, 5, 0, 0, 3, 0, 0)|-0.007502454164585009
(0, 0, 1, 1, 0, 0, 1, 1, 5, 5, 0, 0, 3, 0, 1)|-0.0040589912784731435
(0, 0, 1, 1, 0, 0, 1, 1, 5, 5, 1, 0, 0, 0, 0)|-0.0060393041870435895
(0, 0, 1, 1, 0, 0, 1, 1, 5, 5, 1, 0, 0, 0, 1)|-0.004221002003065584
(0, 0, 1, 1, 0, 0, 1, 1, 5, 5, 1, 0, 1, 0, 1)|0.0
(1, 0, 1, 1, 0, 0, 1, 1, 5, 5, 0, 0, 3, 0, 1)|0.0
(0, 0, 1, 1, 0, 0, 1, 1, 5, 5, 1, 0, 1, 0, 0)|0.0
(1, 0, 1, 1, 0, 0, 1, 1, 5, 5, 0, 0, 3, 0, 0)|-0.015444635057677172
(0, 0, 1, 1, 0, 0, 1, 1, 5, 5, 1, 1, 0, 0, 0)|-0.006884682935342067
(0, 0, 1, 1, 0, 0, 1, 1, 5, 5, 1, 1, 0, 0, 1)|0.0030152453943112618
(1, 0, 1, 1, 0, 0, 1, 1, 5, 5, 0, 1, 3, 0, 0)|-0.013054218517123531
(1, 0, 1, 1, 0, 0, 1, 1, 5, 5, 0, 1, 3, 0, 1)|0.0
(0, 0, 1, 1, 0, 0, 0, 1, 5, 5, 1, 1, 0, 0, 1)|0.07517559365108038
(1, 0, 1, 1, 0, 0, 0, 1, 5, 5, 0, 0, 3, 0, 1)|0.0
(0, 0, 1, 1, 0, 0, 0, 1, 5, 5, 1, 0, 0, 0, 1)|0.0001632950120042903
(1, 0, 1, 1, 0, 0, 0, 1, 5, 5, 0, 1, 3, 0, 1)|1.0
(0, 0, 1, 1, 0, 0, 0, 1, 5, 5, 1, 1, 1, 0, 1)|0.0
(1, 2, 1, 0, 0, 0, 2, 0, 5, 5, 0, 2, 3, 0, 0)|-0.013143475956330017
(0, 2, 2, 0, 0, 0, 2, 0, 5, 5, 1, 0, 0, 0, 0)|-0.03440193140198291
(1, 2, 2, 0, 0, 0, 1, 0, 5, 5, 1, 0, 1, 0, 0)|-0.006706562036002738
(2, 2, 2, 0, 0, 0, 1, 0, 5, 5, 1, 0, 0, 0, 0)|0.0
(3, 0, 2, 0, 0, 0, 1, 1, 5, 5, 1, 0, 0, 0, 0)|-0.005803755407070385
(4, 0, 2, 0, 0, 0, 1, 1, 5, 5, 0, 0, 3, 0, 0)|0.0
(3, 0, 2, 0, 0, 0, 0, 1, 5, 5, 1, 0, 0, 0, 0)|0.0
(3, 0, 2, 0, 0, 0, 1, 1, 5, 5, 1, 0, 0, 1, 0)|-0.004161228901904524
(3, 0, 2, 0, 0, 0, 1, 1, 5, 5, 1, 1, 2, 1, 0)|-0.002336142778288814
(3, 0, 1, 0, 0, 0, 1, 1, 5, 5, 0, 1, 3, 0, 0)|-0.004846030869875707
(3, 0, 1, 0, 0, 0, 1, 1, 5, 5, 0, 0, 3, 0, 0)|0.0
(3, 0, 1, 0, 0, 0, 1, 1, 5, 5, 0, 2, 3, 0, 0)|0.0
(1, 0, 1, 0, 0, 1, 1, 1, 5, 5, 0, 1, 3, 0, 0)|0.0
(1, 0, 1, 1, 0, 0, 1, 1, 5, 5, 0, 2, 3, 0, 0)|-0.00830916668634295
(1, 0, 1, 1, 0, 0, 1, 1, 5, 5, 1, 0, 2, 0, 0)|-0.00230771417582082
(1, 0, 1, 1, 0, 0, 1, 1, 5, 5, 1, 0, 3, 0, 0)|-0.004530157509120221
(1, 0, 0, 1, 0, 0, 1, 1, 5, 5, 0, 3, 3, 0, 0)|-0.009509062953088893
(1, 0, 0, 1, 0, 0, 1, 1, 5, 5, 0, 3, 3, 0, 1)|-0.007837437101511607
(1, 0, 0, 1, 0, 0, 0, 1, 5, 5, 0, 3, 3, 0, 0)|-0.007894955896099003
(1, 0, 0, 1, 0, 0, 0, 1, 5, 5, 0, 3, 3, 0, 1)|-0.004386671347900111
(0, 0, 1, 1, 0, 0, 0, 1, 5, 5, 1, 0, 0, 0, 0)|-0.0064588848801234566
(1, 0, 1, 1, 0, 0, 0, 1, 5, 5, 0, 0, 3, 0, 0)|0.0
(0, 0, 1, 1, 0, 0, 0, 1, 5, 5, 1, 1, 1, 0, 0)|-0.011641348276518911
(0, 0, 1, 1, 0, 0, 0, 1, 5, 5, 1, 1, 2, 0, 0)|-0.0013883086004795177
(0, 0, 1, 1, 0, 0, 0, 1, 5, 5, 1, 1, 3, 0, 0)|0.7850631472909672
(0, 0, 1, 1, 0, 0, 0, 1, 5, 5, 1, 0, 3, 0, 0)|0.1449662152828061
(0, 0, 1, 1, 0, 0, 0, 1, 5, 5, 1, 1, 3, 0, 1)|-0.0074721198861162465
(0, 0, 1, 1, 0, 0, 0, 1, 5, 5, 1, 0, 3, 0, 1)|-0.000322409242447543
(0, 0, 1, 1, 0, 0, 0, 1, 5, 5, 1, 0, 2, 0, 1)|-0.0037116266635020766
(0, 0, 1, 1, 0, 0, 2, 0, 5, 5, 1, 2, 1, 0, 0)|-0.03146690102091301
(0, 0, 1, 1, 0, 0, 1, 0, 5, 5, 1, 2, 1, 0, 0)|-0.03714818386730515
(0, 0, 1, 1, 0, 0, 2, 0, 5, 5, 1, 2, 1, 1, 0)|-0.0052433365480574635
(0, 0, 1, 1, 0, 0, 0, 0, 5, 5, 1, 1, 0, 0, 0)|0.0
(0, 0, 1, 1, 0, 0, 2, 0, 5, 5, 1, 1, 1, 0, 1)|-0.007602476980075523
(0, 0, 1, 1, 0, 0, 2, 0, 5, 5, 1, 1, 2, 0, 1)|-0.0059688386335365095
(0, 0, 1, 1, 0, 0, 2, 0, 5, 5, 1, 0, 2, 0, 1)|-0.006085835272324915
(0, 0, 1, 1, 0, 0, 2, 0, 5, 5, 1, 0, 1, 0, 1)|-0.0057342147365590035
(0, 0, 1, 1, 0, 0, 2, 0, 5, 3, 1, 1, 2, 0, 1)|0.0
(0, 0, 1, 1, 0, 0, 2, 0, 5, 3, 1, 0, 2, 0, 1)|0.0
(0, 0, 1, 1, 0, 0, 2, 0, 5, 3, 1, 0, 1, 0, 1)|0.0
(0, 0, 1, 1, 0, 0, 2, 0, 5, 5, 1, 0, 0, 0, 1)|0.0
(0, 0, 1, 1, 0, 0, 1, 0, 5, 3, 1, 0, 1, 0, 1)|0.0
(0, 0, 1, 1, 0, 0, 1, 0, 5, 5, 1, 2, 0, 0, 0)|0.0
(0, 0, 1, 1, 0, 0, 0, 0, 5, 5, 1, 1, 0, 0, 1)|0.0
(0, 1, 1, 1, 0, 0, 1, 0, 5, 5, 1, 1, 0, 0, 1)|0.0
(0, 1, 1, 1, 0, 0, 1, 0, 5, 5, 1, 2, 0, 0, 0)|-0.0038647879056508657
(0, 1, 1, 1, 0, 0, 1, 0, 5, 5, 1, 2, 0, 0, 1)|-0.002041390635812184
(0, 0, 1, 1, 0, 0, 2, 0, 5, 5, 1, 2, 0, 0, 1)|-0.0015710070645798212
(0, 0, 1, 1, 0, 0, 2, 0, 5, 5, 1, 1, 0, 0, 1)|0.003655477060224211
(0, 0, 1, 1, 0, 0, 2, 0, 5, 5, 1, 2, 0, 0, 0)|0.0
(0, 0, 1, 1, 0, 0, 1, 0, 5, 5, 1, 2, 0, 0, 1)|0.0
(1, 0, 1, 1, 0, 0, 1, 0, 5, 5, 0, 2, 3, 0, 1)|0.0
(1, 0, 1, 1, 0, 0, 1, 0, 5, 3, 1, 0, 3, 0, 1)|0.0
(1, 0, 1, 1, 0, 0, 1, 0, 5, 1, 0, 0, 3, 0, 1)|0.08180668781
(1, 0, 1, 1, 0, 0, 1, 0, 5, 1, 0, 1, 3, 0, 1)|0.0
(1, 0, 1, 1, 0, 0, 1, 0, 5, 1, 1, 0, 3, 0, 1)|0.989
(1, 0, 1, 1, 0, 0, 1, 0, 5, 0, 1, 0, 3, 0, 1)|0.0
(1, 0, 1, 0, 0, 0, 0, 0, 5, 5, 0, 1, 3, 0, 0)|0.0
(3, 0, 1, 0, 0, 0, 2, 0, 5, 5, 1, 1, 0, 0, 0)|-0.0052180076614378665
(1, 0, 1, 1, 0, 0, 2, 0, 5, 5, 1, 1, 0, 0, 0)|-0.017229042215913204
(1, 0, 1, 1, 0, 0, 2, 0, 5, 5, 1, 1, 1, 0, 0)|-0.019196167599813442
(1, 0, 1, 1, 0, 0, 2, 0, 5, 5, 1, 2, 1, 0, 0)|-0.010859354383795001
(1, 0, 1, 1, 0, 0, 2, 0, 5, 5, 1, 1, 2, 0, 0)|-0.012150130140059057
(1, 0, 1, 1, 0, 0, 2, 0, 5, 5, 1, 1, 2, 1, 0)|-0.009472312126555759
(1, 0, 1, 1, 0, 0, 2, 0, 5, 5, 1, 2, 1, 1, 0)|0.0
(1, 0, 1, 1, 0, 0, 2, 0, 5, 5, 1, 1, 1, 1, 0)|-0.005468720258510687
(1, 0, 1, 1, 0, 0, 2, 0, 5, 5, 1, 0, 2, 0, 0)|-0.004394177172472612
(1, 0, 1, 1, 0, 0, 2, 0, 5, 5, 1, 0, 2, 1, 0)|-0.007982908781959718
(1, 0, 1, 1, 0, 0, 2, 0, 5, 5, 1, 1, 3, 1, 0)|-0.010661205006897089
(1, 0, 1, 1, 0, 0, 2, 0, 5, 5, 1, 0, 3, 2, 0)|0.0
(1, 0, 1, 1, 0, 0, 2, 0, 5, 5, 1, 1, 2, 2, 0)|0.0
(1, 0, 1, 1, 0, 0, 2, 0, 5, 5, 1, 1, 3, 0, 0)|-0.0085224597252518
(1, 0, 1, 1, 0, 0, 2, 0, 5, 5, 1, 0, 3, 0, 0)|-0.007847563198158183
(1, 0, 1, 1, 0, 0, 2, 0, 5, 5, 1, 0, 3, 1, 0)|-0.01113987418420807
(1, 0, 1, 1, 0, 0, 1, 0, 5, 5, 1, 0, 3, 0, 0)|-0.025666262393249612
(1, 0, 1, 1, 0, 0, 1, 0, 5, 5, 1, 1, 3, 0, 1)|-0.007655159386106932
(1, 0, 1, 1, 0, 0, 1, 0, 5, 5, 1, 1, 2, 0, 1)|-0.004258519796554732
(1, 0, 1, 1, 0, 0, 1, 0, 5, 5, 1, 0, 3, 0, 1)|-0.005807652962734296
(1, 0, 1, 1, 0, 0, 1, 0, 5, 5, 1, 0, 2, 0, 1)|-0.006460379310378576
(1, 0, 1, 1, 0, 0, 1, 0, 5, 5, 1, 1, 1, 0, 1)|-0.005649293492824732
(1, 0, 1, 1, 0, 0, 1, 0, 5, 3, 1, 1, 1, 0, 1)|-0.0022626104368584617
(1, 0, 1, 1, 0, 0, 1, 0, 5, 3, 1, 1, 2, 0, 1)|0.0
(1, 0, 1, 0, 0, 0, 1, 0, 5, 3, 1, 1, 1, 0, 0)|-0.0040290048539829044
(1, 0, 1, 0, 0, 0, 1, 0, 5, 3, 1, 0, 2, 0, 0)|0.0
(1, 0, 1, 0, 0, 0, 1, 0, 5, 3, 1, 1, 2, 0, 0)|-0.0038844540289888208
(0, 0, 2, 0, 0, 0, 1, 0, 5, 3, 1, 1, 2, 0, 0)|0.003753983059100003
(1, 0, 1, 0, 0, 0, 1, 0, 5, 3, 1, 0, 3, 0, 0)|-0.0022621103141281795
(1, 0, 1, 0, 0, 0, 1, 0, 5, 3, 1, 2, 1, 0, 0)|0.0
(0, 0, 2, 0, 0, 0, 1, 0, 5, 3, 1, 0, 3, 0, 0)|0.97811
(1, 0, 1, 0, 0, 0, 1, 0, 5, 3, 1, 0, 3, 1, 0)|-0.004023447934757553
(1, 0, 1, 0, 0, 0, 1, 0, 5, 3, 1, 1, 3, 1, 0)|0.0
(1, 0, 1, 0, 0, 0, 1, 0, 5, 3, 1, 1, 2, 1, 0)|-0.0038220868098490777
(0, 0, 2, 0, 0, 0, 1, 0, 5, 3, 1, 0, 3, 1, 0)|0.0
(0, 0, 2, 0, 0, 0, 1, 0, 5, 3, 1, 0, 2, 0, 0)|0.08346670100000002
(0, 0, 2, 0, 0, 0, 1, 0, 5, 3, 1, 1, 3, 0, 0)|0.0
(0, 0, 2, 0, 0, 0, 0, 0, 5, 3, 1, 0, 3, 0, 0)|0.0
(2, 1, 1, 1, 0, 0, 2, 0, 5, 5, 1, 0, 0, 0, 0)|-0.008109332196209696
(2, 1, 1, 1, 0, 0, 2, 0, 5, 5, 1, 0, 1, 0, 0)|-0.011500623008456739
(2, 1, 1, 1, 0, 0, 2, 0, 5, 5, 1, 0, 0, 0, 1)|-0.005789552022457432
(2, 1, 1, 1, 0, 0, 2, 0, 5, 5, 1, 0, 1, 0, 1)|0.0
(3, 1, 1, 1, 0, 0, 2, 0, 5, 5, 0, 0, 3, 0, 1)|0.0
(2, 1, 1, 1, 0, 0, 1, 0, 5, 5, 1, 0, 0, 0, 1)|-0.004053314655618258
(2, 0, 1, 1, 0, 0, 2, 0, 5, 5, 1, 0, 0, 0, 1)|-0.004157291308846894
(3, 0, 1, 1, 0, 0, 2, 0, 5, 5, 0, 0, 3, 0, 1)|0.0
(2, 0, 1, 1, 0, 0, 2, 0, 5, 5, 1, 1, 0, 0, 1)|0.0
(2, 0, 1, 1, 0, 0, 2, 0, 5, 5, 1, 1, 1, 0, 1)|-0.005324257113882081
(2, 0, 1, 1, 0, 0, 2, 0, 5, 3, 1, 0, 0, 0, 1)|0.0
(0, 0, 1, 0, 0, 1, 2, 0, 5, 5, 1, 2, 0, 1, 0)|0.0
(0, 0, 1, 0, 0, 1, 1, 0, 5, 4, 1, 1, 1, 1, 1)|0.0
(0, 0, 1, 0, 0, 1, 1, 0, 5, 5, 1, 1, 0, 1, 1)|0.0
(1, 0, 1, 0, 0, 1, 1, 0, 5, 5, 1, 0, 0, 1, 0)|0.0
(1, 0, 1, 0, 0, 1, 1, 0, 5, 5, 0, 1, 3, 1, 1)|0.09412658147573093
(1, 1, 2, 0, 0, 0, 2, 0, 5, 5, 2, 1, 1, 0, 0)|-0.022705057687062977
(1, 2, 2, 0, 0, 0, 2, 0, 5, 5, 2, 1, 1, 1, 0)|-0.004426960956388302
(1, 2, 2, 0, 0, 0, 2, 0, 5, 5, 2, 0, 2, 1, 0)|0.0
(1, 2, 2, 0, 0, 0, 2, 0, 5, 5, 2, 1, 1, 0, 0)|-0.0023029693712971555
(1, 2, 2, 0, 0, 0, 2, 0, 5, 5, 2, 0, 2, 0, 0)|0.0
(1, 2, 2, 0, 0, 0, 2, 0, 5, 5, 2, 0, 0, 1, 0)|-0.009331081936708846
(2, 2, 2, 0, 0, 0, 2, 0, 5, 5, 1, 0, 2, 1, 0)|-0.00577874975732078
(2, 2, 2, 0, 0, 0, 2, 0, 5, 5, 2, 0, 0, 1, 0)|0.0
(2, 2, 2, 0, 0, 0, 2, 0, 5, 5, 1, 0, 3, 1, 0)|-0.005905841964589312
(2, 2, 2, 0, 0, 0, 2, 0, 5, 5, 2, 0, 0, 0, 0)|-0.0024740022231683756
(2, 2, 2, 0, 0, 0, 2, 0, 5, 5, 2, 0, 1, 0, 0)|0.0
(3, 2, 2, 0, 0, 0, 2, 0, 5, 5, 1, 0, 2, 0, 0)|0.0
(2, 2, 2, 0, 0, 0, 1, 0, 5, 5, 2, 0, 0, 0, 0)|-0.006377802479648615
(2, 2, 2, 0, 0, 0, 1, 0, 5, 5, 2, 0, 1, 0, 0)|0.0
(3, 2, 2, 0, 0, 0, 1, 0, 5, 5, 1, 0, 2, 0, 0)|0.0
(3, 0, 2, 0, 0, 0, 1, 1, 5, 5, 2, 0, 0, 1, 0)|-0.005645577388818709
(3, 0, 2, 0, 0, 0, 1, 1, 5, 5, 1, 0, 3, 1, 0)|-0.002408101964993684
(3, 0, 2, 0, 0, 0, 1, 1, 5, 5, 2, 0, 1, 1, 0)|0.0
(4, 0, 2, 0, 0, 0, 1, 1, 5, 5, 1, 0, 2, 1, 0)|0.0
(4, 0, 2, 0, 0, 0, 1, 1, 5, 5, 1, 0, 2, 0, 0)|-0.0024211157457709326
(4, 0, 2, 0, 0, 0, 1, 1, 5, 5, 2, 0, 0, 0, 0)|0.0
(4, 0, 2, 0, 0, 0, 1, 1, 5, 5, 1, 0, 1, 0, 0)|0.0
(4, 0, 2, 0, 0, 0, 1, 1, 5, 5, 1, 0, 3, 0, 0)|0.0
(4, 0, 1, 0, 0, 0, 1, 1, 5, 5, 0, 0, 3, 0, 0)|-0.005790174953010361
(4, 0, 1, 0, 0, 0, 1, 1, 5, 5, 1, 0, 0, 0, 0)|0.0
(2, 0, 1, 0, 0, 1, 1, 1, 5, 5, 0, 0, 3, 0, 0)|-0.004060376639689386
(2, 0, 1, 0, 0, 1, 1, 1, 5, 5, 1, 0, 0, 0, 0)|-0.004236550389330927
(3, 0, 1, 0, 0, 1, 1, 1, 5, 5, 0, 0, 3, 0, 0)|0.0
(2, 0, 1, 0, 0, 1, 1, 1, 5, 5, 1, 1, 0, 0, 0)|0.0
(2, 0, 1, 0, 0, 1, 1, 1, 5, 5, 1, 1, 1, 0, 0)|-0.009288858788963503
(2, 0, 0, 0, 0, 1, 1, 1, 5, 5, 0, 3, 3, 0, 0)|-0.004140450995176495
(0, 0, 0, 0, 0, 2, 1, 1, 5, 5, 0, 3, 3, 0, 0)|0.0
(0, 0, 0, 1, 0, 1, 1, 1, 5, 5, 0, 3, 3, 0, 0)|-0.0051352524711166655
(0, 0, 0, 0, 1, 1, 1, 1, 5, 5, 0, 3, 3, 0, 0)|0.0
(0, 0, 0, 1, 0, 1, 1, 1, 5, 5, 0, 3, 3, 1, 0)|0.003364290705974839
(0, 0, 0, 1, 0, 1, 0, 1, 5, 5, 0, 3, 3, 0, 0)|0.12037853743472474
(0, 0, 0, 1, 0, 1, 0, 1, 5, 5, 0, 3, 3, 1, 0)|0.8377965936922822
(0, 0, 0, 1, 0, 1, 0, 0, 5, 5, 0, 3, 3, 0, 0)|0.0
(0, 1, 1, 0, 0, 1, 2, 0, 5, 5, 1, 1, 0, 0, 0)|-0.007641879989174722
(0, 1, 1, 0, 0, 1, 2, 0, 5, 5, 1, 1, 1, 0, 0)|-0.008209122978547145
(0, 1, 1, 0, 0, 1, 2, 0, 5, 5, 1, 0, 0, 0, 0)|-0.007527967031374429
(0, 1, 1, 0, 0, 1, 2, 0, 5, 5, 1, 0, 1, 0, 0)|-0.007371389469432369
(1, 1, 1, 0, 0, 1, 2, 0, 5, 5, 0, 0, 3, 0, 0)|-0.004351144828729527
(1, 1, 1, 0, 0, 1, 2, 0, 5, 5, 0, 0, 3, 0, 1)|-0.007499941961049679
(1, 1, 1, 0, 0, 1, 2, 0, 5, 4, 0, 0, 3, 0, 0)|0.0
(1, 1, 1, 0, 0, 1, 2, 0, 5, 5, 1, 0, 0, 0, 1)|0.0
(1, 1, 1, 0, 0, 1, 2, 0, 5, 4, 0, 0, 3, 0, 1)|-0.004030223473276206
(1, 1, 1, 0, 0, 1, 2, 0, 5, 4, 1, 0, 0, 0, 1)|0.0
(1, 1, 1, 0, 0, 1, 1, 0, 5, 4, 0, 0, 3, 0, 1)|0.0
(1, 1, 1, 0, 0, 1, 2, 0, 5, 3, 0, 0, 3, 0, 0)|-0.003898131013200963
(1, 1, 1, 0, 0, 1, 1, 0, 5, 4, 0, 0, 3, 0, 0)|0.0
(1, 1, 1, 0, 0, 1, 2, 0, 5, 2, 0, 0, 3, 0, 1)|0.0
(1, 1, 1, 0, 0, 1, 2, 0, 5, 2, 0, 0, 3, 0, 0)|-0.002415611820437295
(1, 1, 1, 0, 0, 1, 1, 0, 5, 3, 0, 0, 3, 0, 1)|0.0
(1, 1, 1, 0, 0, 1, 1, 0, 5, 3, 0, 0, 3, 0, 0)|0.0
(1, 1, 1, 0, 0, 1, 2, 0, 5, 3, 0, 0, 3, 0, 1)|0.0
(1, 1, 1, 0, 0, 0, 2, 0, 5, 2, 0, 0, 3, 0, 0)|-0.0057290202270810575
(1, 1, 1, 0, 0, 0, 2, 0, 5, 2, 1, 0, 0, 0, 0)|0.0
(0, 1, 2, 0, 0, 0, 2, 0, 5, 2, 0, 0, 3, 0, 0)|-0.003367083144362334
(0, 1, 2, 0, 0, 0, 2, 0, 5, 2, 1, 0, 0, 0, 0)|-0.016300923826248155
(0, 1, 2, 0, 0, 0, 2, 0, 5, 2, 2, 0, 0, 0, 0)|-0.012618604835221899
(1, 1, 2, 0, 0, 0, 2, 0, 5, 2, 1, 0, 0, 0, 0)|0.0
(0, 1, 2, 0, 0, 0, 2, 0, 5, 2, 2, 1, 0, 0, 0)|0.0
(2, 1, 2, 0, 0, 0, 2, 0, 5, 2, 0, 0, 3, 0, 0)|-0.006078962168868848
(2, 1, 2, 0, 0, 0, 2, 0, 5, 2, 1, 0, 0, 0, 0)|-0.00733427404084444
(2, 1, 2, 0, 0, 0, 2, 0, 5, 2, 0, 1, 3, 0, 0)|0.0
(3, 1, 2, 0, 0, 0, 2, 0, 5, 2, 0, 0, 3, 0, 0)|-0.00766950912118972
(2, 1, 2, 0, 0, 0, 2, 0, 5, 2, 1, 1, 0, 0, 0)|-0.002133123023881637
(3, 1, 2, 0, 0, 0, 2, 0, 5, 2, 0, 1, 3, 0, 0)|-0.0025902558209070746
(3, 1, 2, 0, 0, 0, 2, 0, 5, 2, 1, 0, 0, 0, 0)|-0.005971974992252903
(4, 1, 2, 0, 0, 0, 2, 0, 5, 2, 0, 0, 3, 0, 0)|-0.006121391266797055
(4, 1, 2, 0, 0, 0, 2, 0, 5, 2, 1, 0, 0, 0, 0)|-0.007815280490619482
(5, 1, 2, 0, 0, 0, 2, 0, 5, 2, 0, 0, 3, 0, 0)|-0.007641235583630305
(5, 1, 2, 0, 0, 0, 2, 0, 5, 2, 1, 0, 0, 0, 0)|-0.005648208382860507
(5, 1, 2, 0, 0, 0, 2, 0, 5, 2, 0, 1, 3, 0, 0)|0.0
(6, 1, 2, 0, 0, 0, 2, 0, 5, 2, 0, 0, 3, 0, 0)|-0.0061215840737474355
(6, 1, 2, 0, 0, 0, 2, 0, 5, 2, 0, 0, 3, 1, 0)|-0.0024509425666372694
(6, 1, 2, 0, 0, 0, 2, 0, 5, 2, 1, 0, 0, 1, 0)|0.0
(6, 1, 2, 0, 0, 0, 2, 0, 5, 2, 0, 1, 3, 1, 0)|0.0
(6, 1, 2, 0, 0, 0, 2, 0, 5, 2, 1, 0, 0, 0, 0)|-0.007817466287424588
(6, 1, 2, 0, 0, 0, 2, 0, 5, 2, 0, 1, 3, 0, 0)|0.0
(7, 1, 2, 0, 0, 0, 2, 0, 5, 2, 0, 0, 3, 0, 0)|-0.007666265632272885
(7, 1, 2, 0, 0, 0, 2, 0, 5, 2, 1, 0, 0, 0, 0)|-0.005934833074408376
(7, 1, 2, 0, 0, 0, 2, 0, 5, 2, 0, 1, 3, 0, 0)|0.0
(8, 1, 2, 0, 0, 0, 2, 0, 5, 2, 0, 0, 3, 0, 0)|-0.005700324053196104
(8, 1, 2, 0, 0, 0, 2, 0, 5, 2, 1, 0, 0, 0, 0)|0.0
(8, 1, 2, 0, 0, 0, 2, 0, 5, 2, 0, 1, 3, 0, 0)|0.0
(8, 1, 2, 0, 0, 0, 2, 0, 5, 2, 0, 0, 3, 1, 0)|-0.002429169876431725
(8, 1, 2, 0, 0, 0, 1, 0, 5, 2, 0, 0, 3, 0, 0)|0.0
(8, 1, 2, 0, 0, 0, 2, 0, 5, 2, 1, 0, 0, 1, 0)|-0.005644043700177687
(8, 1, 2, 0, 0, 0, 2, 0, 5, 2, 0, 1, 3, 1, 0)|0.0
(8, 1, 2, 0, 0, 0, 1, 0, 5, 2, 1, 0, 0, 0, 0)|-0.0024037287598508857
(9, 1, 2, 0, 0, 0, 2, 0, 5, 2, 0, 0, 3, 1, 0)|0.0
(9, 0, 2, 0, 0, 0, 2, 0, 5, 2, 0, 0, 3, 0, 0)|-0.005596986220565394
(9, 0, 2, 0, 0, 0, 2, 0, 5, 2, 1, 0, 0, 0, 0)|-0.0018702516814088567
(9, 0, 2, 0, 0, 0, 2, 0, 5, 2, 0, 1, 3, 0, 0)|0.0
(10, 0, 2, 0, 0, 0, 2, 0, 5, 2, 0, 0, 3, 0, 0)|0.06043662047712605
(10, 0, 2, 0, 0, 0, 2, 0, 5, 2, 1, 0, 0, 0, 0)|0.9566556110000001
(10, 0, 2, 0, 0, 0, 2, 0, 5, 2, 0, 1, 3, 0, 0)|0.0005921614502985405
(11, 0, 2, 0, 0, 0, 2, 0, 5, 2, 0, 0, 3, 0, 0)|0.0
(0, 0, 1, 0, 1, 0, 0, 0, 5, 5, 0, 0, 3, 0, 0)|0.0
(0, 0, 1, 0, 1, 0, 1, 0, 5, 5, 0, 0, 3, 0, 1)|0.0
(0, 0, 1, 0, 1, 0, 1, 0, 5, 5, 1, 1, 3, 0, 1)|0.0
(0, 0, 1, 0, 1, 0, 1, 0, 5, 5, 1, 0, 3, 0, 1)|0.0
(0, 0, 1, 0, 1, 0, 1, 0, 5, 3, 1, 1, 3, 0, 1)|0.0
(0, 1, 1, 0, 1, 0, 1, 0, 5, 5, 1, 0, 3, 0, 0)|-0.0023201837175667248
(0, 1, 1, 0, 1, 0, 1, 0, 5, 5, 1, 1, 3, 0, 0)|0.0
(0, 0, 0, 0, 1, 0, 1, 0, 5, 5, 0, 3, 3, 0, 1)|-0.00030240628911102035
(0, 0, 0, 0, 1, 0, 1, 0, 5, 5, 0, 3, 3, 1, 1)|0.037940445688989674
(0, 0, 0, 0, 1, 0, 0, 0, 5, 5, 0, 3, 3, 0, 1)|0.0
(0, 0, 0, 0, 1, 0, 1, 0, 5, 2, 0, 3, 3, 0, 1)|0.0
(0, 0, 0, 0, 1, 0, 1, 0, 5, 2, 0, 3, 3, 1, 1)|0.0
(2, 2, 2, 0, 0, 0, 2, 0, 5, 5, 0, 2, 3, 1, 0)|-0.01861732601720017
(2, 0, 2, 0, 0, 0, 1, 1, 5, 5, 0, 2, 3, 0, 0)|-0.0301865735061059
(0, 0, 1, 0, 1, 0, 0, 1, 5, 5, 0, 2, 3, 0, 0)|-0.00405575509867692
(0, 0, 1, 0, 1, 0, 0, 1, 5, 5, 0, 1, 3, 0, 0)|-0.0041846812421652
(0, 0, 1, 0, 1, 0, 0, 1, 5, 5, 0, 2, 3, 0, 1)|-0.002263381093741735
(0, 0, 1, 0, 1, 0, 0, 1, 5, 5, 0, 1, 3, 0, 1)|-0.005631663772897865
(0, 0, 1, 0, 1, 0, 0, 1, 5, 3, 0, 1, 3, 0, 1)|-0.0039805578927216735
(0, 0, 1, 0, 1, 0, 0, 1, 5, 3, 0, 2, 3, 0, 1)|-0.004037567708241501
(0, 0, 1, 0, 1, 0, 0, 1, 5, 2, 0, 2, 3, 0, 1)|0.0038404367000000007
(0, 0, 1, 0, 1, 0, 0, 1, 5, 3, 0, 2, 3, 0, 0)|0.0
(0, 0, 1, 0, 1, 0, 0, 1, 5, 2, 0, 1, 3, 0, 1)|-0.00334071709003
(0, 0, 1, 0, 1, 0, 0, 1, 5, 3, 0, 1, 3, 0, 0)|0.0
(0, 0, 1, 0, 1, 0, 0, 1, 5, 0, 0, 1, 3, 0, 1)|0.989
(0, 0, 1, 0, 1, 0, 0, 1, 5, 0, 0, 2, 3, 0, 1)|0.084437
(0, 0, 1, 0, 1, 0, 0, 0, 5, 2, 0, 2, 3, 0, 1)|0.0
(0, 0, 1, 0, 1, 0, 0, 1, 5, 0, 0, 1, 3, 0, 0)|0.0
(0, 1, 1, 0, 0, 1, 1, 0, 5, 5, 1, 1, 0, 0, 0)|-0.006060775211557545
(0, 0, 1, 0, 0, 1, 0, 0, 5, 5, 1, 0, 0, 0, 1)|0.0
(1, 0, 1, 0, 0, 1, 0, 0, 5, 5, 0, 1, 3, 0, 0)|0.0
(0, 1, 1, 0, 0, 1, 2, 0, 5, 5, 1, 0, 2, 0, 0)|-0.005928787622191749
(0, 1, 1, 0, 0, 1, 1, 0, 5, 5, 1, 0, 2, 0, 0)|0.0
(0, 1, 1, 0, 0, 1, 2, 0, 5, 5, 1, 1, 2, 0, 0)|-0.010234645146769198
(0, 1, 1, 0, 0, 1, 1, 0, 5, 5, 1, 1, 2, 0, 0)|0.0
(0, 1, 1, 0, 0, 1, 2, 0, 5, 5, 1, 1, 2, 0, 1)|0.0
(0, 1, 1, 0, 0, 1, 2, 0, 5, 5, 1, 1, 3, 0, 0)|-0.0022647951397342272
(0, 1, 1, 0, 0, 1, 1, 0, 5, 5, 1, 1, 3, 0, 0)|0.0
(0, 1, 1, 0, 0, 1, 2, 0, 5, 5, 1, 1, 3, 0, 1)|0.0
(0, 1, 0, 0, 0, 1, 2, 0, 5, 5, 0, 3, 3, 0, 0)|-0.004053279330380301
(0, 1, 0, 0, 0, 1, 1, 0, 5, 5, 0, 3, 3, 0, 0)|0.0
(0, 1, 0, 0, 0, 1, 2, 0, 5, 5, 0, 3, 3, 0, 1)|-0.00415689484152975
(0, 1, 0, 0, 0, 1, 2, 0, 5, 5, 0, 3, 3, 1, 1)|-0.0040396294905506395
(0, 1, 0, 0, 0, 1, 2, 0, 5, 5, 0, 3, 3, 1, 0)|0.0
(0, 1, 0, 0, 0, 1, 2, 0, 5, 4, 0, 3, 3, 1, 1)|-0.005791046157677773
(0, 1, 0, 0, 0, 1, 2, 0, 5, 4, 0, 3, 3, 0, 1)|-0.004374422066422129
(0, 1, 0, 0, 0, 1, 1, 0, 5, 4, 0, 3, 3, 0, 0)|0.0
(0, 1, 0, 0, 0, 1, 2, 0, 5, 4, 0, 3, 3, 1, 0)|0.0
(0, 1, 0, 0, 0, 1, 2, 0, 5, 3, 0, 3, 3, 1, 1)|0.0
(0, 1, 0, 0, 0, 1, 2, 0, 5, 3, 0, 3, 3, 0, 1)|-0.005113924842359623
(0, 1, 0, 0, 0, 1, 2, 0, 5, 4, 0, 3, 3, 0, 0)|0.0
(0, 1, 0, 0, 0, 1, 1, 0, 5, 4, 0, 3, 3, 0, 1)|0.0
(0, 1, 0, 0, 0, 1, 2, 0, 5, 2, 0, 3, 3, 0, 1)|0.0
(0, 1, 0, 0, 0, 1, 2, 0, 5, 2, 0, 3, 3, 0, 0)|0.0036060758838710005
(0, 1, 0, 0, 0, 1, 2, 0, 5, 3, 0, 3, 3, 0, 0)|0.0
(0, 1, 0, 0, 0, 1, 1, 0, 5, 3, 0, 3, 3, 0, 1)|0.0
(0, 1, 0, 0, 0, 1, 2, 0, 5, 1, 0, 3, 3, 0, 1)|0.989
(0, 1, 0, 0, 0, 1, 2, 0, 5, 1, 0, 3, 3, 0, 0)|0.08180668781
(0, 1, 0, 0, 0, 1, 1, 0, 5, 1, 0, 3, 3, 0, 0)|0.0
(0, 1, 0, 0, 0, 1, 2, 0, 5, 0, 0, 3, 3, 0, 1)|0.0
(0, 1, 0, 0, 0, 1, 1, 0, 5, 1, 0, 3, 3, 0, 1)|0.0
(0, 0, 1, 0, 0, 1, 2, 0, 5, 5, 1, 0, 2, 0, 0)|-0.005648586355417321
(0, 0, 1, 0, 0, 1, 2, 0, 5, 5, 1, 0, 2, 1, 0)|-0.0024552275325343304
(0, 0, 1, 0, 0, 1, 1, 0, 5, 4, 1, 0, 2, 0, 0)|0.0
(0, 0, 0, 0, 0, 1, 0, 0, 5, 4, 0, 3, 3, 0, 0)|0.0
(0, 1, 2, 0, 0, 0, 2, 0, 5, 5, 0, 3, 3, 0, 0)|-0.048587906034841755
(0, 1, 2, 0, 0, 0, 1, 0, 5, 5, 0, 3, 3, 0, 0)|-0.02009420196850457
(1, 0, 1, 0, 1, 0, 2, 0, 5, 3, 1, 0, 0, 0, 1)|-0.004248287790879616
(2, 0, 1, 0, 1, 0, 2, 0, 5, 3, 0, 0, 3, 0, 1)|0.0
(1, 0, 1, 0, 1, 0, 2, 0, 5, 2, 1, 0, 0, 1, 1)|-0.002263892595574045
(1, 0, 1, 0, 1, 0, 2, 0, 5, 2, 1, 0, 0, 0, 1)|-0.004043251061933835
(2, 0, 1, 0, 1, 0, 2, 0, 5, 2, 0, 0, 3, 0, 1)|0.0
(1, 0, 1, 0, 1, 0, 2, 0, 5, 2, 1, 0, 1, 0, 1)|0.0
(1, 0, 1, 0, 1, 0, 2, 0, 5, 2, 1, 1, 1, 0, 1)|0.0
(1, 0, 1, 0, 1, 0, 2, 0, 5, 2, 1, 0, 0, 0, 0)|0.0
(2, 0, 1, 0, 1, 0, 2, 0, 5, 0, 0, 0, 3, 0, 1)|0.0
(1, 0, 1, 0, 1, 0, 2, 0, 5, 0, 1, 1, 1, 0, 1)|0.0
(1, 0, 1, 0, 1, 0, 2, 0, 5, 0, 1, 0, 1, 0, 0)|-0.00419429857222937
(1, 0, 1, 0, 1, 0, 2, 0, 5, 0, 1, 1, 1, 0, 0)|0.0
(1, 0, 1, 0, 1, 0, 2, 0, 5, 0, 1, 0, 0, 0, 0)|-0.005739602381923334
(1, 0, 1, 0, 1, 0, 1, 0, 5, 0, 1, 0, 0, 0, 0)|-0.0034870499826926294
(2, 0, 1, 0, 1, 0, 1, 0, 5, 0, 0, 0, 3, 0, 0)|0.0021980922256719516
(2, 0, 1, 0, 1, 0, 1, 0, 5, 0, 1, 0, 0, 0, 0)|0.0753187384324079
(2, 0, 1, 0, 1, 0, 1, 0, 5, 0, 0, 0, 3, 0, 1)|-0.005152506526145417
(2, 0, 1, 0, 1, 0, 1, 0, 5, 0, 1, 0, 0, 0, 1)|0.0020526086690000013
(3, 0, 1, 0, 1, 0, 1, 0, 5, 0, 0, 0, 3, 0, 0)|1.0
(3, 0, 1, 0, 1, 0, 1, 0, 5, 0, 0, 0, 3, 0, 1)|0.0
(3, 0, 1, 0, 1, 0, 1, 0, 5, 0, 1, 0, 0, 0, 0)|0.0
(3, 0, 1, 0, 1, 0, 0, 0, 5, 0, 0, 0, 3, 0, 1)|0.0
(1, 0, 1, 0, 0, 1, 2, 0, 5, 4, 1, 0, 1, 0, 1)|-0.003870345115201755
(1, 0, 1, 0, 0, 1, 2, 0, 5, 5, 1, 0, 2, 0, 1)|-0.003883226297478803
(1, 0, 1, 0, 0, 1, 2, 0, 5, 5, 1, 0, 2, 0, 0)|0.0
(1, 0, 1, 0, 0, 1, 2, 0, 5, 4, 1, 0, 2, 0, 1)|-0.0022483310603681585
(1, 0, 1, 0, 0, 0, 2, 0, 5, 4, 1, 1, 0, 1, 0)|-0.0022640123708386247
(1, 0, 1, 0, 0, 0, 2, 0, 5, 4, 1, 1, 1, 1, 0)|0.0
(1, 0, 1, 0, 0, 0, 2, 0, 5, 4, 1, 2, 1, 1, 0)|0.0
(2, 0, 1, 0, 0, 0, 2, 0, 5, 4, 0, 1, 3, 1, 0)|0.0
(0, 0, 2, 0, 0, 0, 2, 0, 5, 4, 1, 0, 0, 1, 0)|0.0
(1, 0, 1, 0, 0, 0, 2, 0, 5, 4, 1, 1, 0, 0, 0)|-0.004044581898206939
(1, 0, 1, 0, 0, 0, 2, 0, 5, 4, 1, 1, 1, 0, 0)|-0.004059280563489766
(2, 0, 1, 0, 0, 0, 2, 0, 5, 4, 0, 1, 3, 0, 0)|0.0
(0, 0, 2, 0, 0, 0, 2, 0, 5, 4, 1, 0, 0, 0, 0)|-0.002817085097910954
(1, 0, 1, 0, 0, 0, 2, 0, 5, 4, 1, 2, 1, 0, 0)|-0.004224248748482226
(1, 0, 1, 0, 0, 0, 2, 0, 5, 4, 1, 0, 1, 0, 0)|0.0
(0, 0, 2, 0, 0, 0, 2, 0, 5, 4, 1, 0, 1, 0, 0)|-0.007074889917741306
(1, 0, 1, 0, 0, 0, 2, 0, 5, 4, 1, 1, 2, 0, 0)|0.0
(0, 0, 2, 0, 0, 0, 2, 0, 5, 4, 2, 0, 0, 0, 0)|-0.006145244602189945
(0, 0, 2, 0, 0, 0, 2, 0, 5, 4, 1, 1, 1, 0, 0)|0.0
(0, 0, 2, 0, 0, 0, 2, 0, 5, 4, 1, 0, 2, 0, 0)|-0.005934987260300312
(0, 0, 2, 0, 0, 0, 2, 0, 5, 4, 1, 1, 2, 0, 0)|0.0
(1, 0, 2, 0, 0, 0, 2, 0, 5, 4, 1, 0, 1, 0, 0)|0.0
(0, 0, 2, 0, 0, 0, 2, 0, 5, 4, 2, 0, 1, 0, 0)|0.0
(1, 0, 2, 0, 0, 0, 2, 0, 5, 4, 1, 0, 1, 1, 0)|-0.008085698876417859
(1, 0, 2, 0, 0, 0, 2, 0, 5, 4, 2, 0, 0, 1, 0)|0.0
(1, 0, 2, 0, 0, 0, 2, 0, 5, 4, 1, 1, 1, 1, 0)|-0.009813283238730803
(1, 0, 2, 0, 0, 0, 2, 0, 5, 4, 1, 0, 2, 1, 0)|-0.007419753152298456
(1, 0, 2, 0, 0, 0, 2, 0, 5, 4, 1, 1, 2, 1, 0)|-0.012259983687081843
(1, 0, 2, 0, 0, 0, 2, 0, 5, 4, 1, 0, 2, 0, 0)|-0.0022501434561758684
(1, 0, 2, 0, 0, 0, 2, 0, 5, 4, 2, 0, 0, 0, 0)|-0.007643570911531005
(1, 0, 2, 0, 0, 0, 2, 0, 5, 4, 1, 1, 2, 0, 0)|0.0
(1, 0, 2, 0, 0, 0, 2, 0, 5, 4, 1, 0, 3, 0, 0)|-0.003890482846398536
(1, 0, 2, 0, 0, 0, 2, 0, 5, 4, 1, 1, 3, 0, 0)|-0.0023297738091867092
(1, 0, 2, 0, 0, 0, 2, 0, 5, 4, 1, 1, 3, 1, 0)|-0.004775264546518993
(1, 0, 2, 0, 0, 0, 2, 0, 5, 4, 1, 0, 3, 1, 0)|-0.0031369067456255484
(1, 0, 2, 0, 0, 0, 1, 0, 5, 4, 1, 0, 3, 0, 0)|-0.013743408284728318
(1, 0, 2, 0, 0, 0, 1, 0, 5, 4, 1, 1, 3, 0, 0)|-0.011911548793751175
(1, 0, 2, 0, 0, 0, 1, 0, 5, 4, 2, 0, 0, 0, 0)|0.0
(1, 1, 2, 0, 0, 0, 1, 0, 5, 4, 2, 0, 0, 0, 0)|-0.0025879213820377903
(2, 1, 2, 0, 0, 0, 1, 0, 5, 4, 1, 0, 3, 0, 0)|0.0
(1, 1, 2, 0, 0, 0, 1, 0, 5, 4, 2, 0, 1, 0, 0)|0.0
(2, 0, 2, 0, 0, 0, 2, 0, 5, 4, 1, 0, 3, 0, 0)|-0.0056749507455606096
(1, 0, 2, 0, 0, 0, 2, 0, 5, 4, 2, 0, 1, 0, 0)|0.0
(2, 0, 2, 0, 0, 0, 2, 0, 5, 4, 2, 0, 0, 0, 0)|-0.00275411302203414
(2, 0, 2, 0, 0, 0, 2, 0, 5, 4, 1, 1, 3, 0, 0)|0.0
(2, 0, 2, 0, 0, 0, 2, 0, 5, 4, 1, 0, 2, 0, 0)|0.0
(3, 0, 2, 0, 0, 0, 2, 0, 5, 4, 1, 0, 3, 0, 0)|0.0
(2, 0, 2, 0, 0, 0, 2, 0, 5, 4, 2, 0, 1, 0, 0)|0.0
(2, 1, 2, 0, 0, 0, 2, 0, 5, 4, 2, 0, 0, 0, 0)|-0.009490144689268225
(3, 1, 2, 0, 0, 0, 2, 0, 5, 4, 1, 0, 3, 0, 0)|-0.00761861157116117
(2, 1, 2, 0, 0, 0, 2, 0, 5, 4, 2, 0, 1, 0, 0)|0.0
(3, 1, 2, 0, 0, 0, 2, 0, 5, 4, 2, 0, 0, 0, 0)|-0.005805513356438245
(3, 1, 2, 0, 0, 0, 2, 0, 5, 4, 1, 1, 3, 0, 0)|0.0
(3, 1, 2, 0, 0, 0, 2, 0, 5, 4, 1, 0, 2, 0, 0)|-0.006086395638259434
(4, 1, 2, 0, 0, 0, 2, 0, 5, 4, 1, 0, 3, 0, 0)|-0.0025875929190161628
(3, 1, 2, 0, 0, 0, 2, 0, 5, 4, 2, 0, 1, 0, 0)|-0.006103987432798417
(3, 1, 2, 0, 0, 0, 2, 0, 5, 4, 2, 1, 1, 0, 0)|0.0
(3, 1, 2, 0, 0, 0, 2, 0, 5, 4, 2, 1, 0, 0, 0)|-0.007617978242565
(4, 1, 2, 0, 0, 0, 2, 0, 5, 4, 2, 0, 0, 0, 0)|0.0
(4, 1, 2, 0, 0, 0, 2, 0, 5, 4, 1, 1, 3, 0, 0)|0.0
(4, 1, 2, 0, 0, 0, 2, 0, 5, 4, 1, 0, 2, 0, 0)|-0.007639921322401806
(4, 1, 2, 0, 0, 0, 2, 0, 5, 4, 1, 1, 2, 0, 0)|-0.005633158483253402
(4, 1, 2, 0, 0, 0, 2, 0, 5, 4, 1, 0, 1, 0, 0)|-0.0022803261940777175
(4, 1, 1, 0, 0, 0, 2, 0, 5, 4, 0, 1, 3, 0, 0)|-0.004225846600863523
(4, 1, 1, 0, 0, 0, 2, 0, 5, 4, 0, 0, 3, 0, 0)|0.0
(3, 1, 2, 0, 0, 0, 2, 0, 5, 4, 0, 0, 3, 0, 0)|0.0
(2, 1, 1, 0, 0, 1, 2, 0, 5, 4, 0, 1, 3, 0, 0)|0.0
(2, 1, 1, 1, 0, 0, 2, 0, 5, 4, 0, 1, 3, 0, 0)|0.0
(2, 1, 1, 0, 1, 0, 2, 0, 5, 4, 0, 1, 3, 0, 0)|-0.00609367677736838
(2, 1, 1, 0, 1, 0, 2, 0, 5, 4, 0, 0, 3, 0, 0)|-0.007501089314790769
(2, 1, 1, 0, 1, 0, 2, 0, 5, 4, 1, 0, 0, 0, 0)|-0.004043362077872318
(2, 1, 1, 0, 1, 0, 2, 0, 5, 4, 1, 0, 1, 0, 0)|-0.004045590099577075
(2, 1, 1, 0, 1, 0, 2, 0, 5, 4, 1, 1, 1, 0, 0)|-0.004351245284504177
(2, 1, 1, 0, 1, 0, 2, 0, 5, 4, 1, 1, 0, 0, 0)|-0.004070595954849323
(2, 1, 1, 0, 1, 0, 2, 0, 5, 4, 1, 2, 1, 0, 0)|-0.007501069410821291
(2, 1, 1, 0, 1, 0, 2, 0, 5, 4, 1, 2, 1, 0, 1)|0.0
(2, 1, 1, 0, 1, 0, 2, 0, 5, 4, 1, 1, 2, 0, 0)|-0.0040431341530610745
(2, 1, 1, 0, 1, 0, 2, 0, 5, 4, 1, 1, 2, 0, 1)|-0.00404303202088748
(2, 1, 1, 0, 1, 0, 1, 0, 5, 4, 1, 1, 2, 0, 1)|0.0
(2, 1, 1, 0, 1, 0, 2, 0, 5, 4, 1, 2, 2, 0, 1)|-0.004041885756312908
(2, 1, 1, 0, 1, 0, 2, 0, 5, 4, 1, 1, 1, 0, 1)|0.0
(2, 1, 1, 0, 1, 0, 2, 0, 5, 4, 1, 2, 2, 0, 0)|-0.004029020834039377
(2, 1, 1, 0, 1, 0, 1, 0, 5, 4, 1, 2, 2, 0, 1)|0.0
(2, 1, 1, 0, 1, 0, 2, 0, 5, 4, 1, 2, 3, 0, 0)|-0.0038846333786686444
(2, 1, 1, 0, 1, 0, 1, 0, 5, 4, 1, 2, 3, 0, 1)|-0.002264123217380969
(2, 0, 1, 0, 1, 0, 2, 0, 5, 4, 1, 2, 3, 0, 1)|-0.004045813526455209
(2, 0, 1, 0, 1, 0, 2, 0, 5, 4, 1, 2, 3, 0, 0)|-0.007816934992253069
(2, 0, 1, 0, 1, 0, 1, 0, 5, 4, 1, 2, 3, 0, 1)|0.0
(2, 0, 1, 0, 1, 0, 2, 0, 5, 4, 1, 3, 2, 0, 1)|0.0
(2, 0, 1, 0, 1, 0, 2, 0, 5, 4, 1, 2, 2, 0, 1)|-0.004073103551685849
(2, 0, 1, 0, 1, 0, 2, 0, 5, 4, 1, 3, 3, 0, 1)|0.0
(2, 0, 1, 0, 1, 0, 2, 0, 5, 4, 1, 2, 2, 0, 0)|-0.004379388907809749
(2, 0, 1, 0, 1, 0, 2, 0, 5, 4, 1, 1, 2, 0, 0)|-0.007660181652300172
(2, 0, 1, 0, 1, 0, 2, 0, 5, 4, 1, 3, 2, 0, 0)|0.0
(2, 0, 1, 0, 1, 0, 2, 0, 5, 4, 1, 1, 2, 0, 1)|-0.008838308501033947
(2, 0, 1, 0, 1, 0, 2, 0, 5, 4, 1, 1, 1, 0, 0)|-0.003923064395869791
(2, 0, 1, 0, 1, 0, 2, 0, 5, 4, 1, 1, 1, 0, 1)|-0.002695447765093055
(2, 0, 1, 0, 1, 0, 2, 0, 5, 4, 1, 2, 1, 0, 0)|0.0
(2, 0, 1, 0, 1, 0, 2, 0, 5, 4, 1, 0, 1, 0, 0)|-0.007921156785978165
(2, 0, 1, 0, 1, 0, 2, 0, 5, 4, 1, 2, 1, 0, 1)|0.0
(2, 0, 1, 0, 1, 0, 2, 0, 5, 4, 1, 0, 1, 0, 1)|-0.004388675069630655
(2, 0, 1, 0, 1, 0, 2, 0, 5, 4, 1, 0, 2, 0, 1)|-0.004073930948704092
(2, 0, 1, 0, 1, 0, 2, 0, 5, 4, 1, 0, 2, 0, 0)|-0.007810430614082994
(2, 0, 1, 0, 1, 0, 2, 0, 5, 4, 1, 0, 3, 0, 1)|-0.00389005404824134
(2, 0, 1, 0, 1, 0, 2, 0, 5, 4, 1, 1, 3, 0, 1)|-0.002324961259723232
(2, 0, 1, 0, 1, 0, 2, 0, 5, 4, 1, 0, 3, 0, 0)|0.0
(2, 0, 1, 0, 1, 0, 2, 0, 5, 4, 1, 1, 3, 0, 0)|0.0
(2, 0, 0, 0, 1, 0, 2, 0, 5, 4, 0, 3, 3, 0, 1)|-0.004721791774702575
(1, 0, 1, 0, 1, 0, 2, 0, 5, 4, 0, 0, 3, 0, 1)|0.0
(0, 0, 0, 0, 1, 1, 2, 0, 5, 4, 0, 3, 3, 0, 1)|-0.011659840344585573
(0, 0, 0, 1, 1, 0, 2, 0, 5, 4, 0, 3, 3, 0, 1)|0.0
(0, 0, 0, 0, 2, 0, 2, 0, 5, 4, 0, 3, 3, 0, 1)|0.0
(0, 0, 0, 0, 1, 1, 2, 0, 5, 4, 0, 3, 3, 0, 2)|-0.011991757798289406
(0, 0, 0, 0, 1, 1, 1, 0, 5, 4, 0, 3, 3, 0, 2)|-0.017466517162828932
(0, 0, 0, 0, 1, 1, 1, 0, 5, 4, 0, 3, 3, 0, 1)|-0.015356435592662702
(0, 0, 0, 0, 1, 1, 1, 0, 5, 4, 0, 3, 3, 0, 0)|-0.01627969428796794
(0, 0, 0, 0, 1, 1, 1, 0, 5, 4, 0, 3, 3, 1, 1)|-0.002940546763720636
(0, 0, 0, 0, 1, 1, 1, 0, 5, 4, 0, 3, 3, 1, 2)|0.0
(0, 0, 0, 0, 1, 1, 1, 0, 5, 4, 0, 3, 3, 1, 0)|0.0
(0, 0, 0, 0, 1, 1, 1, 0, 5, 2, 0, 3, 3, 0, 0)|0.084437
(0, 0, 0, 0, 1, 1, 1, 0, 5, 2, 0, 3, 3, 0, 1)|0.0
(0, 0, 0, 0, 1, 1, 1, 0, 5, 1, 0, 3, 3, 0, 1)|0.989
(0, 0, 0, 0, 1, 1, 1, 0, 5, 1, 0, 3, 3, 0, 0)|0.0
(0, 0, 0, 0, 1, 1, 1, 0, 5, 1, 0, 3, 3, 0, 2)|0.0
(0, 0, 0, 0, 1, 1, 1, 0, 5, 0, 0, 3, 3, 0, 0)|0.0
(0, 0, 0, 0, 1, 1, 1, 0, 5, 0, 0, 3, 3, 0, 1)|0.0
(0, 0, 1, 0, 1, 0, 2, 0, 5, 3, 0, 1, 3, 2, 1)|-0.007486728818197518
(0, 0, 1, 0, 1, 0, 2, 0, 5, 3, 0, 0, 3, 2, 1)|-0.003878916815887777
(0, 0, 1, 0, 1, 0, 1, 0, 5, 3, 0, 0, 3, 1, 1)|-0.00219996426361141
(0, 0, 1, 0, 1, 0, 1, 0, 5, 3, 0, 0, 3, 1, 0)|0.0
(0, 0, 1, 0, 1, 0, 2, 0, 5, 2, 0, 0, 3, 2, 0)|0.0
(0, 0, 1, 0, 1, 0, 2, 0, 5, 3, 1, 0, 1, 2, 1)|0.0
(0, 0, 1, 0, 1, 0, 1, 0, 5, 3, 1, 0, 1, 1, 1)|0.0
(0, 0, 1, 0, 1, 0, 1, 0, 5, 2, 0, 0, 3, 0, 1)|0.003927763610000001
(0, 0, 1, 0, 1, 0, 1, 0, 5, 3, 1, 0, 1, 0, 1)|0.0
(0, 0, 1, 0, 1, 0, 1, 0, 5, 0, 1, 0, 1, 0, 1)|0.0
(0, 0, 1, 0, 1, 0, 1, 0, 5, 2, 1, 0, 2, 0, 1)|1.0
(0, 0, 1, 0, 1, 0, 0, 0, 5, 2, 1, 0, 1, 0, 1)|0.0
(0, 0, 1, 0, 1, 0, 1, 0, 5, 0, 1, 0, 2, 0, 1)|0.0
(0, 0, 1, 0, 1, 0, 0, 0, 5, 2, 1, 0, 2, 0, 1)|0.0
(2, 1, 1, 0, 0, 0, 2, 0, 5, 5, 1, 1, 1, 0, 0)|-0.0042035091074541595
(0, 1, 1, 0, 1, 0, 2, 0, 5, 3, 1, 0, 0, 0, 0)|-0.0040705950861582955
(0, 1, 1, 0, 1, 0, 2, 0, 5, 3, 1, 1, 1, 0, 0)|-0.004351235534885474
(0, 1, 1, 0, 1, 0, 2, 0, 5, 3, 1, 0, 1, 0, 0)|0.0
(0, 1, 1, 0, 1, 0, 2, 0, 5, 2, 1, 1, 1, 0, 0)|-0.007500959987491285
(0, 1, 1, 0, 1, 0, 2, 0, 5, 2, 1, 0, 1, 0, 0)|0.0
(0, 1, 1, 0, 1, 0, 2, 0, 5, 2, 1, 0, 0, 0, 0)|0.0
(0, 1, 1, 0, 1, 0, 2, 0, 5, 2, 1, 1, 0, 0, 0)|0.0
(0, 1, 1, 0, 1, 0, 1, 0, 5, 2, 1, 1, 1, 0, 0)|0.0
(0, 1, 1, 0, 1, 0, 2, 0, 5, 0, 1, 1, 1, 0, 0)|-0.004041881122007906
(0, 1, 1, 0, 1, 0, 2, 0, 5, 0, 1, 0, 0, 0, 0)|-0.0040289688216375505
(0, 1, 1, 0, 1, 0, 2, 0, 5, 0, 1, 1, 0, 0, 0)|0.0
(0, 1, 1, 0, 1, 0, 2, 0, 5, 0, 1, 0, 1, 0, 0)|-0.0038840496255617223
(0, 1, 1, 0, 1, 0, 1, 0, 5, 0, 1, 0, 0, 0, 0)|0.0
(0, 1, 1, 0, 1, 0, 1, 0, 5, 0, 1, 0, 1, 0, 0)|-0.0022575715551259477
(0, 1, 1, 0, 1, 0, 1, 0, 5, 0, 1, 1, 1, 0, 0)|0.0
(0, 0, 1, 0, 1, 0, 2, 0, 5, 0, 1, 0, 1, 0, 0)|-0.0039730172791771975
(0, 0, 1, 0, 1, 0, 2, 0, 5, 0, 1, 1, 1, 0, 0)|0.0
(0, 0, 1, 0, 1, 0, 2, 0, 5, 0, 1, 0, 1, 0, 1)|0.0
(0, 0, 1, 0, 1, 0, 2, 0, 5, 0, 1, 1, 1, 0, 1)|0.0
(0, 0, 1, 0, 1, 0, 1, 0, 5, 0, 1, 0, 0, 0, 1)|0.0
(1, 0, 1, 0, 1, 0, 1, 0, 5, 0, 1, 0, 1, 0, 1)|0.0
(1, 0, 1, 0, 1, 0, 0, 0, 5, 0, 0, 0, 3, 0, 0)|0.0
(1, 0, 1, 0, 1, 0, 1, 0, 5, 0, 1, 0, 1, 1, 1)|0.0
(1, 0, 1, 0, 1, 0, 1, 0, 5, 0, 0, 0, 3, 1, 0)|0.0
(1, 0, 1, 0, 1, 0, 0, 0, 5, 0, 0, 0, 3, 1, 0)|0.0
(0, 0, 0, 0, 1, 0, 2, 0, 5, 2, 0, 3, 3, 0, 0)|0.08346670100000002
(0, 0, 0, 0, 1, 0, 2, 0, 5, 0, 0, 3, 3, 0, 0)|0.97811
(0, 3, 2, 0, 0, 0, 2, 0, 5, 5, 0, 1, 3, 0, 0)|-0.018793294435860648
(0, 3, 2, 0, 0, 0, 2, 0, 5, 5, 0, 0, 3, 0, 0)|-0.01954728422672506
(1, 3, 2, 0, 0, 0, 2, 0, 5, 5, 0, 1, 3, 1, 0)|-0.003098022864793426
(1, 3, 2, 0, 0, 0, 1, 0, 5, 5, 0, 1, 3, 0, 0)|-0.0026754630713542804
(1, 3, 2, 0, 0, 0, 1, 0, 5, 5, 0, 0, 3, 0, 0)|-0.00861625634838089
(1, 3, 2, 0, 0, 0, 1, 0, 5, 5, 1, 0, 1, 0, 0)|0.0
(3, 1, 2, 0, 0, 0, 2, 0, 5, 5, 1, 1, 3, 0, 0)|-0.02673710379824002
(3, 1, 2, 0, 0, 0, 2, 0, 5, 5, 1, 2, 3, 0, 0)|-0.011178500950069895
(3, 1, 2, 0, 0, 0, 2, 0, 5, 5, 2, 0, 2, 0, 0)|-0.004111731549144792
(3, 1, 2, 0, 0, 0, 1, 0, 5, 5, 2, 0, 2, 0, 0)|-0.004812924232825946
(3, 1, 2, 0, 0, 0, 1, 0, 5, 5, 2, 1, 1, 0, 0)|-0.00409960840563488
(3, 1, 2, 0, 0, 0, 1, 0, 5, 5, 2, 0, 0, 0, 0)|-0.006396000325041341
(3, 1, 2, 0, 0, 0, 1, 0, 5, 5, 2, 1, 0, 0, 0)|-0.011155578182987033
(4, 1, 2, 0, 0, 0, 1, 0, 5, 5, 1, 1, 3, 0, 0)|0.007565191962705135
(4, 1, 2, 0, 0, 0, 1, 0, 5, 5, 1, 0, 3, 0, 0)|0.126241211702639
(4, 1, 1, 0, 0, 0, 2, 0, 5, 5, 1, 0, 1, 0, 0)|-0.004707605510053496
(4, 1, 1, 0, 0, 0, 2, 0, 5, 5, 1, 0, 0, 0, 0)|-0.004213809439746154
(2, 1, 1, 0, 0, 1, 2, 0, 5, 5, 1, 0, 1, 0, 0)|-0.005969531234498787
(2, 1, 1, 1, 0, 0, 2, 0, 5, 5, 1, 1, 0, 0, 0)|-0.012268519345693313
(2, 1, 1, 1, 0, 0, 2, 0, 5, 5, 1, 1, 1, 0, 0)|-0.00654271139230327
(3, 1, 1, 1, 0, 0, 2, 0, 5, 5, 0, 1, 3, 0, 0)|-0.007287989309264307
(3, 2, 1, 1, 0, 0, 2, 0, 5, 5, 0, 0, 3, 0, 0)|-0.022488187783001292
(3, 2, 1, 1, 0, 0, 2, 0, 5, 5, 1, 0, 1, 0, 0)|-0.004043362920920296
(3, 2, 1, 1, 0, 0, 2, 0, 5, 5, 1, 0, 0, 0, 0)|-0.00404559956139501
(3, 2, 1, 1, 0, 0, 2, 0, 5, 5, 1, 1, 0, 0, 0)|-0.004070702148092135
(4, 2, 1, 1, 0, 0, 2, 0, 5, 5, 0, 1, 3, 0, 0)|-0.004352437127857846
(3, 2, 1, 1, 0, 0, 2, 0, 5, 3, 1, 0, 0, 0, 0)|0.0
(3, 2, 1, 1, 0, 0, 2, 0, 5, 3, 1, 1, 0, 0, 0)|0.0
(4, 2, 1, 1, 0, 0, 2, 0, 5, 5, 0, 0, 3, 0, 0)|-0.007514445879437098
(4, 2, 1, 1, 0, 0, 2, 0, 5, 3, 0, 1, 3, 0, 0)|0.0
(4, 2, 1, 1, 0, 0, 1, 0, 5, 5, 0, 0, 3, 0, 0)|-0.004196311090339694
(4, 2, 1, 1, 0, 0, 2, 0, 5, 5, 1, 0, 1, 0, 0)|0.0
(4, 1, 1, 1, 0, 0, 2, 0, 5, 5, 1, 0, 1, 0, 0)|-0.005762189566102064
(4, 1, 1, 1, 0, 0, 2, 0, 5, 5, 1, 0, 0, 0, 0)|-0.0037431143772411347
(5, 1, 1, 1, 0, 0, 2, 0, 5, 5, 0, 1, 3, 0, 0)|0.0
(4, 1, 1, 1, 0, 0, 2, 0, 5, 5, 1, 1, 0, 0, 0)|0.01914655888581511
(4, 1, 1, 1, 0, 0, 2, 0, 5, 5, 1, 1, 0, 0, 1)|0.0
(4, 1, 1, 1, 0, 0, 2, 0, 5, 1, 1, 1, 0, 0, 1)|0.0
(5, 1, 1, 1, 0, 0, 2, 0, 5, 3, 0, 1, 3, 0, 0)|0.0
(5, 1, 1, 1, 0, 0, 2, 0, 5, 1, 0, 1, 3, 0, 0)|0.0
(4, 1, 1, 1, 0, 0, 1, 0, 5, 1, 1, 1, 0, 0, 0)|0.0
(4, 1, 1, 1, 0, 0, 2, 0, 5, 1, 1, 0, 1, 0, 0)|0.0
(4, 1, 1, 0, 0, 0, 2, 0, 5, 1, 1, 1, 0, 0, 0)|-0.0022639690517561335
(4, 1, 1, 0, 0, 0, 2, 0, 5, 1, 1, 0, 0, 0, 0)|0.0
(4, 1, 1, 0, 0, 0, 2, 0, 5, 1, 1, 1, 1, 0, 0)|0.0
(4, 1, 1, 0, 0, 0, 2, 0, 5, 1, 1, 0, 1, 0, 0)|0.0
(5, 1, 1, 0, 0, 0, 2, 0, 5, 1, 0, 1, 3, 0, 0)|0.0
(3, 1, 2, 0, 0, 0, 2, 0, 5, 1, 1, 1, 0, 0, 0)|0.0
(2, 1, 1, 0, 0, 1, 2, 0, 5, 1, 1, 1, 0, 0, 0)|0.0
(2, 1, 1, 1, 0, 0, 2, 0, 5, 1, 1, 1, 0, 0, 0)|0.0
(2, 1, 1, 0, 1, 0, 2, 0, 5, 1, 1, 1, 0, 0, 0)|-0.004044100575068146
(2, 1, 1, 0, 1, 0, 2, 0, 5, 1, 1, 0, 0, 0, 0)|-0.004053878508059995
(2, 1, 1, 0, 1, 0, 2, 0, 5, 1, 1, 1, 1, 0, 0)|0.0
(2, 1, 1, 0, 1, 0, 2, 0, 5, 1, 1, 0, 1, 0, 0)|-0.0041636196190796195
(2, 1, 1, 0, 1, 0, 2, 0, 5, 1, 1, 1, 2, 0, 0)|-0.0053952819200855096
(2, 1, 1, 0, 1, 0, 2, 0, 5, 1, 1, 0, 2, 0, 0)|-0.005868210591283811
(2, 1, 0, 0, 1, 0, 2, 0, 5, 1, 0, 3, 3, 1, 0)|0.002266175877264971
(1, 1, 1, 0, 1, 0, 2, 0, 5, 1, 0, 1, 3, 1, 0)|0.0
(0, 1, 0, 0, 1, 1, 2, 0, 5, 1, 0, 3, 3, 1, 0)|0.0
(0, 1, 0, 1, 1, 0, 2, 0, 5, 1, 0, 3, 3, 1, 0)|0.06676852836436556
(0, 1, 0, 0, 2, 0, 2, 0, 5, 1, 0, 3, 3, 1, 0)|0.0
(0, 1, 0, 1, 1, 0, 2, 0, 5, 1, 0, 3, 3, 0, 0)|0.7907006550433845
(0, 1, 0, 1, 1, 0, 2, 0, 5, 0, 0, 3, 3, 0, 0)|0.0
(1, 0, 1, 0, 1, 0, 1, 0, 5, 5, 1, 0, 1, 1, 0)|0.0
(3, 1, 1, 0, 0, 0, 2, 0, 5, 5, 1, 0, 0, 0, 0)|-0.008068912063853618
(4, 1, 1, 0, 0, 0, 2, 0, 5, 5, 0, 0, 3, 0, 0)|-0.01054562752002352
(4, 1, 1, 0, 0, 0, 2, 0, 5, 5, 0, 1, 3, 0, 0)|-0.006373636494329498
(2, 1, 1, 0, 0, 1, 2, 0, 5, 5, 1, 0, 2, 0, 0)|-0.006093687089738994
(2, 1, 1, 0, 0, 1, 2, 0, 5, 5, 1, 1, 1, 0, 0)|-0.007501206223163096
(2, 1, 1, 0, 0, 1, 2, 0, 5, 5, 1, 1, 3, 0, 0)|-0.004060615284187228
(2, 1, 1, 0, 0, 1, 1, 0, 5, 5, 1, 1, 3, 0, 0)|-0.004239228778756761
(2, 1, 1, 0, 0, 1, 1, 0, 5, 5, 1, 1, 2, 0, 0)|-0.006243869570782947
(2, 1, 1, 0, 0, 1, 1, 0, 5, 5, 1, 2, 3, 0, 0)|0.0
(2, 1, 1, 0, 0, 1, 1, 0, 5, 5, 1, 1, 3, 0, 1)|0.0
(2, 0, 1, 0, 0, 1, 2, 0, 5, 5, 1, 0, 3, 0, 0)|-0.0038118053789413455
(2, 0, 1, 0, 0, 1, 2, 0, 5, 5, 1, 0, 3, 0, 1)|-0.0014467494830678464
(2, 0, 0, 0, 0, 1, 2, 0, 5, 5, 0, 3, 3, 0, 1)|0.005036116854801709
(2, 0, 0, 0, 0, 1, 2, 0, 5, 5, 0, 3, 3, 0, 0)|0.0
(2, 0, 0, 0, 0, 1, 1, 0, 5, 5, 0, 3, 3, 0, 1)|0.0
(2, 0, 0, 0, 0, 1, 1, 0, 5, 5, 0, 3, 3, 0, 0)|0.0
(0, 0, 0, 0, 0, 2, 2, 0, 5, 5, 0, 3, 3, 0, 1)|0.0
(0, 0, 0, 1, 0, 1, 2, 0, 5, 5, 0, 3, 3, 0, 1)|0.0
(0, 0, 0, 0, 1, 1, 2, 0, 5, 5, 0, 3, 3, 0, 1)|0.0
(1, 0, 1, 0, 0, 1, 0, 0, 5, 5, 0, 1, 3, 0, 1)|0.0
(1, 0, 1, 0, 0, 1, 0, 0, 5, 4, 0, 1, 3, 0, 0)|0.0
(1, 0, 1, 0, 0, 1, 1, 0, 5, 3, 0, 1, 3, 0, 1)|0.0
(1, 1, 1, 0, 0, 0, 1, 0, 5, 4, 0, 1, 3, 0, 0)|-0.0023659569961789854
(1, 1, 1, 0, 0, 0, 1, 0, 5, 4, 0, 0, 3, 0, 0)|0.0
(0, 1, 2, 0, 0, 0, 1, 0, 5, 4, 0, 1, 3, 0, 0)|0.0
(1, 0, 1, 0, 0, 0, 2, 0, 5, 4, 0, 1, 3, 0, 0)|-0.005177299957544285
(1, 0, 1, 0, 0, 0, 2, 0, 5, 4, 0, 0, 3, 0, 0)|0.0
(0, 0, 2, 0, 0, 0, 2, 0, 5, 4, 0, 1, 3, 0, 0)|-0.01677216562900432
(0, 0, 2, 0, 0, 0, 2, 0, 5, 4, 0, 0, 3, 0, 0)|-0.021231726288547477
(0, 0, 2, 0, 0, 0, 1, 0, 5, 4, 1, 1, 3, 0, 0)|0.0
(0, 0, 1, 0, 0, 0, 0, 0, 5, 4, 0, 2, 3, 0, 0)|0.0
(1, 0, 2, 0, 0, 0, 1, 0, 5, 5, 2, 1, 0, 1, 0)|0.0
(1, 0, 1, 0, 0, 0, 1, 0, 5, 5, 1, 1, 0, 1, 0)|0.00027305190348611303
(1, 0, 1, 0, 0, 0, 1, 0, 5, 5, 1, 1, 1, 1, 0)|0.0
(0, 0, 1, 0, 0, 1, 1, 0, 5, 5, 0, 1, 3, 1, 0)|0.0
(0, 0, 1, 0, 1, 0, 1, 0, 5, 5, 1, 0, 0, 1, 0)|0.989
(0, 0, 1, 0, 1, 0, 0, 0, 5, 5, 1, 0, 0, 0, 0)|0.0
(1, 2, 1, 0, 0, 0, 2, 0, 5, 5, 1, 1, 1, 0, 0)|-0.003420935799076749
(1, 2, 1, 0, 0, 0, 2, 0, 5, 5, 1, 1, 2, 0, 0)|-0.00404547952112007
(1, 2, 1, 0, 0, 0, 2, 0, 5, 5, 1, 1, 3, 0, 0)|0.0
(1, 2, 1, 0, 0, 0, 2, 0, 5, 5, 1, 0, 3, 0, 0)|-0.004337316439122375
(0, 2, 2, 0, 0, 0, 2, 0, 5, 5, 1, 0, 3, 0, 0)|-0.007344741179824624
(0, 3, 2, 0, 0, 0, 2, 0, 5, 5, 1, 0, 3, 0, 0)|-0.0022529845760673748
(0, 3, 2, 0, 0, 0, 2, 0, 5, 5, 1, 1, 3, 0, 0)|0.0
(0, 3, 2, 0, 0, 0, 2, 0, 5, 5, 1, 0, 3, 1, 0)|-0.0039220508451930525
(0, 3, 2, 0, 0, 0, 2, 0, 5, 5, 1, 1, 3, 1, 0)|-0.002684072336622363
(0, 4, 2, 0, 0, 0, 2, 0, 5, 5, 1, 1, 3, 1, 0)|-0.008711914851359592
(0, 4, 2, 0, 0, 0, 2, 0, 5, 5, 1, 0, 2, 1, 0)|-0.008331745556612521
(0, 4, 2, 0, 0, 0, 2, 0, 5, 5, 1, 1, 2, 1, 0)|-0.012368875367421525
(0, 4, 2, 0, 0, 0, 2, 0, 5, 5, 1, 0, 3, 1, 0)|-0.012454092590797782
(0, 4, 2, 0, 0, 0, 2, 0, 5, 5, 1, 1, 1, 1, 0)|-0.009079746951275698
(0, 4, 2, 0, 0, 0, 2, 0, 5, 5, 1, 0, 1, 1, 0)|-0.007837381282190189
(0, 4, 2, 0, 0, 0, 2, 0, 5, 5, 1, 1, 0, 1, 0)|0.0
(0, 4, 2, 0, 0, 0, 2, 0, 5, 5, 1, 0, 1, 0, 0)|-0.002620955970226566
(0, 4, 2, 0, 0, 0, 2, 0, 5, 5, 1, 0, 2, 0, 0)|-0.007563838225472532
(0, 4, 2, 0, 0, 0, 2, 0, 5, 5, 1, 1, 1, 0, 0)|0.0
(0, 4, 2, 0, 0, 0, 2, 0, 5, 5, 1, 1, 2, 0, 0)|-0.004761913904356983
(0, 4, 2, 0, 0, 0, 2, 0, 5, 5, 1, 1, 3, 0, 0)|0.0
(0, 4, 2, 0, 0, 0, 2, 0, 5, 5, 1, 0, 3, 0, 0)|0.0
(0, 4, 2, 0, 0, 0, 1, 0, 5, 5, 1, 1, 1, 0, 0)|-0.0029810870520395644
(0, 4, 2, 0, 0, 0, 1, 0, 5, 5, 1, 0, 1, 0, 0)|0.0
(0, 4, 2, 0, 0, 0, 1, 0, 5, 5, 1, 1, 2, 0, 0)|0.0
(0, 4, 2, 0, 0, 0, 1, 0, 5, 5, 1, 0, 2, 0, 0)|0.0
(0, 2, 2, 0, 0, 0, 1, 1, 5, 5, 1, 1, 1, 0, 0)|-0.012012078355995163
(0, 2, 2, 0, 0, 0, 1, 1, 5, 5, 1, 0, 1, 0, 0)|-0.014126170802265744
(0, 2, 2, 0, 0, 0, 1, 1, 5, 5, 1, 1, 2, 0, 0)|-0.011251998218620716
(0, 2, 2, 0, 0, 0, 1, 1, 5, 5, 1, 0, 2, 0, 0)|-0.009760295765791216
(0, 2, 2, 0, 0, 0, 1, 1, 5, 5, 1, 0, 3, 0, 0)|-0.007898933495028954
(0, 2, 2, 0, 0, 0, 1, 1, 5, 5, 1, 1, 3, 0, 0)|-0.00611390485269275
(0, 2, 2, 0, 0, 0, 1, 1, 5, 5, 2, 0, 1, 0, 0)|-0.006322596402787465
(0, 2, 2, 0, 0, 0, 1, 1, 5, 5, 2, 0, 2, 0, 0)|-0.004246243339488363
(0, 2, 2, 0, 0, 0, 1, 1, 5, 5, 2, 1, 1, 0, 0)|-0.012118753969114129
(0, 2, 2, 0, 0, 0, 1, 1, 5, 5, 2, 1, 0, 0, 0)|0.0
(0, 2, 2, 0, 0, 0, 1, 1, 5, 5, 2, 1, 2, 0, 0)|-0.00652801426193916
(0, 3, 2, 0, 0, 0, 1, 1, 5, 5, 2, 0, 1, 0, 0)|-0.0023527425382141873
(0, 3, 2, 0, 0, 0, 1, 1, 5, 5, 2, 1, 1, 0, 0)|0.0
(0, 3, 2, 0, 0, 0, 1, 1, 5, 5, 2, 0, 2, 0, 0)|0.0
(0, 3, 1, 0, 0, 0, 1, 1, 5, 5, 1, 1, 1, 0, 0)|-0.0050304726468243
(0, 3, 1, 0, 0, 0, 1, 1, 5, 5, 1, 1, 2, 0, 0)|0.0
(0, 4, 1, 0, 0, 0, 1, 1, 5, 5, 1, 1, 1, 0, 0)|-0.015124272130463513
(0, 4, 1, 0, 0, 0, 1, 1, 5, 5, 1, 1, 0, 0, 0)|-0.011696805659816633
(0, 4, 1, 0, 0, 0, 1, 1, 5, 5, 1, 0, 1, 0, 0)|-0.01418035152999434
(1, 4, 1, 0, 0, 0, 1, 1, 5, 5, 0, 1, 3, 0, 0)|0.0
(0, 4, 1, 0, 0, 0, 1, 1, 5, 5, 1, 0, 2, 0, 0)|-0.011709068160131127
(0, 4, 1, 0, 0, 0, 1, 1, 5, 5, 1, 1, 2, 0, 0)|-0.005014321654319795
(0, 4, 1, 0, 0, 0, 0, 1, 5, 5, 1, 1, 1, 0, 0)|-0.002263759524588435
(0, 4, 1, 0, 0, 0, 0, 1, 5, 5, 1, 0, 1, 0, 0)|-0.004041772495427051
(0, 4, 1, 0, 0, 0, 0, 1, 5, 5, 1, 0, 2, 0, 0)|-0.0040277496680925975
(0, 4, 1, 0, 0, 0, 0, 1, 5, 5, 1, 1, 0, 0, 0)|0.0
(0, 2, 1, 0, 0, 0, 0, 2, 3, 5, 1, 0, 2, 0, 0)|-0.0038703666452592337
(0, 2, 1, 0, 0, 0, 0, 2, 3, 5, 1, 0, 1, 0, 0)|-0.0021040027526288843
(0, 2, 1, 0, 0, 0, 0, 2, 3, 5, 1, 1, 1, 0, 0)|0.0
(0, 2, 1, 0, 0, 0, 0, 2, 1, 5, 1, 0, 1, 0, 0)|-0.0022666972514320434
(0, 2, 1, 0, 0, 0, 0, 2, 1, 5, 1, 0, 2, 0, 0)|0.0
(0, 2, 1, 0, 0, 0, 0, 1, 1, 5, 1, 0, 1, 0, 0)|-0.004074413904800478
(0, 0, 1, 0, 0, 0, 0, 2, 1, 5, 1, 0, 1, 0, 0)|-0.00439409545230615
(0, 0, 1, 0, 0, 0, 0, 2, 1, 5, 1, 1, 0, 0, 0)|0.0
(0, 0, 1, 0, 0, 0, 0, 2, 1, 5, 1, 1, 1, 0, 0)|-0.007981991608374294
(0, 0, 1, 0, 0, 0, 0, 2, 1, 5, 1, 0, 2, 0, 0)|-0.16443636164678693
(0, 0, 1, 0, 0, 0, 0, 2, 1, 5, 1, 1, 2, 0, 0)|-0.028908370102532544
(0, 0, 1, 0, 0, 0, 0, 2, 1, 5, 1, 1, 3, 0, 0)|-0.00679729251770058
(0, 0, 1, 0, 0, 0, 0, 2, 1, 5, 1, 0, 3, 0, 0)|-0.8777208723756939
(0, 2, 1, 0, 0, 1, 2, 0, 5, 5, 0, 1, 3, 0, 0)|-0.004200008829295257
(0, 2, 1, 0, 0, 1, 2, 0, 5, 5, 0, 0, 3, 0, 0)|-0.005803690564481003
(0, 2, 1, 0, 0, 1, 2, 0, 5, 5, 1, 0, 1, 0, 0)|-0.00421359923002191
(0, 2, 1, 0, 0, 1, 2, 0, 5, 5, 1, 0, 0, 0, 0)|-0.0059562203144995505
(0, 2, 1, 0, 0, 1, 2, 0, 5, 5, 1, 1, 1, 0, 0)|-0.0059427850275997965
(0, 2, 1, 0, 0, 1, 2, 0, 5, 5, 1, 1, 0, 0, 0)|0.0
(1, 2, 1, 0, 0, 1, 2, 0, 5, 5, 0, 1, 3, 0, 0)|0.0
(0, 2, 1, 0, 0, 1, 2, 0, 5, 5, 1, 0, 2, 0, 0)|-0.005790473053767705
(0, 2, 1, 0, 0, 1, 2, 0, 5, 5, 1, 1, 2, 0, 0)|0.0
(0, 2, 1, 0, 0, 1, 1, 0, 5, 5, 1, 0, 2, 0, 0)|-0.004063756122025003
(0, 2, 1, 0, 0, 1, 1, 0, 5, 5, 1, 1, 1, 0, 0)|-0.006639500381669678
(0, 2, 1, 0, 0, 1, 1, 0, 5, 5, 1, 0, 1, 0, 0)|0.0
(0, 2, 1, 0, 0, 1, 1, 0, 5, 5, 1, 1, 2, 0, 0)|-0.004274479484006768
(0, 1, 1, 0, 0, 1, 2, 0, 5, 4, 1, 1, 2, 0, 0)|-0.004768610548232076
(0, 1, 1, 0, 0, 1, 2, 0, 5, 4, 1, 1, 1, 0, 0)|0.0
(0, 1, 1, 0, 0, 1, 2, 0, 5, 4, 1, 0, 2, 0, 0)|0.0
(0, 1, 1, 0, 0, 1, 2, 0, 5, 4, 1, 0, 1, 0, 0)|0.0
(0, 1, 1, 0, 0, 0, 2, 0, 5, 4, 1, 0, 2, 0, 0)|0.0
(0, 1, 1, 0, 0, 0, 2, 0, 5, 4, 1, 0, 1, 0, 0)|-0.006229396314639071
(0, 1, 1, 0, 0, 0, 2, 0, 5, 4, 1, 0, 0, 0, 0)|-0.00903970257727749
(1, 1, 1, 0, 0, 0, 2, 0, 5, 4, 0, 0, 3, 0, 0)|-0.002408395930714559
(1, 1, 1, 0, 0, 0, 2, 0, 5, 4, 0, 1, 3, 0, 0)|0.0
(1, 1, 1, 0, 0, 0, 2, 0, 5, 4, 1, 0, 0, 0, 0)|0.0
(1, 2, 1, 0, 0, 0, 2, 0, 5, 4, 0, 0, 3, 0, 0)|-0.005648843674606212
(1, 2, 1, 0, 0, 0, 2, 0, 5, 4, 0, 1, 3, 0, 0)|0.0
(1, 2, 1, 0, 0, 0, 2, 0, 5, 4, 1, 0, 0, 0, 0)|0.0
(0, 2, 2, 0, 0, 0, 2, 0, 5, 4, 0, 0, 3, 0, 0)|-0.002458144685986827
(0, 2, 2, 0, 0, 0, 2, 0, 5, 4, 1, 0, 0, 0, 0)|-0.0062016076220758574
(0, 2, 2, 0, 0, 0, 2, 0, 5, 4, 1, 0, 1, 0, 0)|-0.005947338853294485
(0, 2, 2, 0, 0, 0, 2, 0, 5, 4, 2, 0, 0, 0, 0)|-0.00770109402977077
(1, 2, 2, 0, 0, 0, 2, 0, 5, 4, 1, 0, 0, 0, 0)|-0.006333660852671525
(1, 2, 2, 0, 0, 0, 2, 0, 5, 4, 1, 0, 1, 0, 0)|-0.005960297813431979
(1, 2, 2, 0, 0, 0, 2, 0, 5, 4, 2, 0, 0, 0, 0)|-0.009333449526059797
(2, 2, 2, 0, 0, 0, 2, 0, 5, 4, 1, 0, 0, 0, 0)|-0.004241315734614564
(2, 2, 2, 0, 0, 0, 2, 0, 5, 4, 1, 0, 1, 0, 0)|-0.005806135409634617
(2, 2, 2, 0, 0, 0, 2, 0, 5, 4, 2, 0, 0, 0, 0)|0.0
(2, 3, 2, 0, 0, 0, 2, 0, 5, 4, 2, 0, 0, 1, 0)|-0.006267292195449653
(3, 3, 2, 0, 0, 0, 2, 0, 5, 4, 1, 0, 0, 1, 0)|0.0
(3, 3, 2, 0, 0, 0, 2, 0, 5, 4, 1, 0, 0, 0, 0)|-0.009469317251637051
(3, 3, 2, 0, 0, 0, 2, 0, 5, 4, 1, 0, 1, 0, 0)|0.0
(3, 3, 2, 0, 0, 0, 2, 0, 5, 4, 2, 0, 0, 0, 0)|0.0
(4, 3, 2, 0, 0, 0, 2, 0, 5, 4, 0, 0, 3, 0, 0)|0.0
(4, 3, 2, 0, 0, 0, 2, 0, 5, 4, 1, 0, 0, 0, 0)|-0.007377702831929863
(4, 3, 2, 0, 0, 0, 2, 0, 5, 4, 1, 0, 1, 0, 0)|-0.0058584520829625016
(4, 3, 2, 0, 0, 0, 2, 0, 5, 4, 1, 0, 0, 1, 0)|-0.0025954115789821467
(4, 3, 2, 0, 0, 0, 2, 0, 5, 4, 1, 0, 1, 1, 0)|-0.0024448416335939053
(4, 3, 2, 0, 0, 0, 2, 0, 5, 4, 2, 0, 0, 0, 0)|0.0
(4, 3, 2, 0, 0, 0, 2, 0, 5, 4, 2, 0, 0, 1, 0)|-0.007823770102970813
(5, 3, 2, 0, 0, 0, 2, 0, 5, 4, 1, 0, 0, 1, 0)|0.0
(5, 3, 2, 0, 0, 0, 2, 0, 5, 4, 1, 0, 0, 0, 0)|-0.007738452035596033
(5, 3, 2, 0, 0, 0, 2, 0, 5, 4, 2, 0, 0, 0, 0)|-0.007301866169141359
(5, 3, 2, 0, 0, 0, 2, 0, 5, 4, 1, 0, 1, 0, 0)|-0.0060981561063257195
(5, 3, 2, 0, 0, 0, 2, 0, 5, 4, 1, 1, 1, 0, 0)|0.0
(5, 3, 2, 0, 0, 0, 2, 0, 5, 4, 2, 0, 1, 0, 0)|-0.004027955087152802
(6, 3, 2, 0, 0, 0, 2, 0, 5, 4, 1, 0, 1, 0, 0)|-0.0022731355141639158
(5, 3, 2, 0, 0, 0, 2, 0, 5, 4, 2, 0, 1, 2, 0)|-0.00387267213415041
(5, 3, 2, 0, 0, 0, 2, 0, 5, 4, 2, 0, 0, 2, 0)|-0.002129878048826146
(5, 3, 2, 0, 0, 0, 2, 0, 5, 4, 2, 0, 0, 1, 0)|-0.0025542005425127317
(5, 3, 2, 0, 0, 0, 2, 0, 5, 4, 2, 0, 1, 1, 0)|0.0
(6, 3, 2, 0, 0, 0, 2, 0, 5, 4, 1, 0, 1, 1, 0)|-0.004125937337913911
(6, 3, 2, 0, 0, 0, 2, 0, 5, 4, 1, 1, 1, 1, 0)|0.0
(6, 3, 2, 0, 0, 0, 2, 0, 5, 4, 2, 0, 0, 1, 0)|0.0
(6, 3, 2, 0, 0, 0, 2, 0, 5, 4, 1, 0, 0, 1, 0)|-0.005955001748631578
(6, 3, 2, 0, 0, 0, 2, 0, 5, 4, 1, 1, 1, 0, 0)|0.0
(6, 3, 2, 0, 0, 0, 2, 0, 5, 4, 2, 0, 0, 0, 0)|-0.005928970497699526
(6, 3, 2, 0, 0, 0, 2, 0, 5, 4, 1, 0, 0, 0, 0)|0.0
(7, 3, 2, 0, 0, 0, 2, 0, 5, 4, 1, 0, 0, 0, 0)|0.0
(7, 3, 2, 0, 0, 0, 2, 0, 5, 4, 1, 0, 0, 1, 0)|-0.005633861711384627
(7, 3, 2, 0, 0, 0, 2, 0, 5, 4, 1, 0, 1, 1, 0)|0.0
(7, 3, 2, 0, 0, 0, 1, 0, 5, 4, 1, 0, 0, 0, 0)|-0.002288298488642048
(8, 3, 2, 0, 0, 0, 2, 0, 5, 4, 0, 0, 3, 1, 0)|0.0
(7, 3, 2, 0, 0, 0, 1, 0, 5, 4, 1, 0, 1, 0, 0)|0.0
(8, 3, 2, 0, 0, 0, 1, 0, 5, 4, 0, 0, 3, 0, 0)|0.0
(7, 2, 2, 0, 0, 0, 2, 0, 5, 4, 1, 0, 0, 0, 0)|-0.004314427651578315
(7, 2, 2, 0, 0, 0, 2, 0, 5, 4, 1, 0, 1, 0, 0)|-0.005945460943406675
(8, 2, 2, 0, 0, 0, 2, 0, 5, 4, 0, 0, 3, 0, 0)|0.0
(7, 2, 2, 0, 0, 0, 2, 0, 5, 4, 1, 0, 0, 1, 0)|-0.004376059057359708
(7, 2, 2, 0, 0, 0, 2, 0, 5, 4, 1, 0, 1, 1, 0)|-0.005820809139732613
(8, 2, 2, 0, 0, 0, 2, 0, 5, 4, 0, 0, 3, 1, 0)|0.0
(7, 2, 2, 0, 0, 0, 2, 0, 5, 4, 2, 0, 0, 0, 0)|-0.0025731390616771446
(7, 2, 2, 0, 0, 0, 2, 0, 5, 4, 2, 0, 0, 1, 0)|-0.007152973132322389
(8, 2, 2, 0, 0, 0, 2, 0, 5, 4, 1, 0, 0, 1, 0)|0.0
(8, 2, 2, 0, 0, 0, 2, 0, 5, 4, 1, 0, 0, 0, 0)|-0.0041858194676714176
(8, 2, 2, 0, 0, 0, 2, 0, 5, 4, 2, 0, 0, 0, 0)|0.0
(8, 2, 2, 0, 0, 0, 2, 0, 5, 4, 1, 0, 1, 0, 0)|-0.00564443846993734
(8, 2, 2, 0, 0, 0, 2, 0, 5, 4, 1, 1, 1, 0, 0)|0.0
(8, 2, 2, 0, 0, 0, 2, 0, 5, 4, 1, 0, 2, 0, 0)|-0.0024082041507934577
(8, 2, 2, 0, 0, 0, 2, 0, 5, 4, 1, 1, 2, 0, 0)|0.0
(8, 3, 2, 0, 0, 0, 2, 0, 5, 4, 1, 0, 2, 0, 0)|-0.005646712786593975
(8, 3, 2, 0, 0, 0, 2, 0, 5, 4, 1, 0, 1, 0, 0)|-0.0024339874229837646
(8, 3, 2, 0, 0, 0, 2, 0, 5, 4, 1, 1, 2, 0, 0)|0.0
(8, 3, 2, 0, 0, 0, 2, 0, 5, 4, 2, 0, 0, 0, 0)|-0.005933193588708495
(8, 3, 2, 0, 0, 0, 2, 0, 5, 4, 2, 0, 1, 0, 0)|0.0
(9, 3, 2, 0, 0, 0, 2, 0, 5, 4, 1, 0, 1, 0, 0)|-0.00568173767652387
(9, 3, 2, 0, 0, 0, 2, 0, 5, 4, 1, 0, 2, 0, 0)|-0.0028310545015119756
(9, 3, 2, 0, 0, 0, 2, 0, 5, 4, 1, 1, 1, 0, 0)|0.0
(9, 3, 2, 0, 0, 0, 2, 0, 5, 4, 2, 0, 0, 0, 0)|-0.010345050016799733
(9, 3, 2, 0, 0, 0, 2, 0, 5, 4, 2, 0, 1, 0, 0)|-0.008027370965229453
(10, 3, 2, 0, 0, 0, 2, 0, 5, 4, 1, 0, 2, 0, 0)|0.0005170798632983123
(10, 3, 2, 0, 0, 0, 2, 0, 5, 4, 1, 0, 1, 0, 0)|0.06744315266354127
(10, 3, 2, 0, 0, 0, 2, 0, 5, 4, 2, 0, 0, 0, 0)|0.7704794740393475
(10, 3, 2, 0, 0, 0, 2, 0, 5, 4, 2, 0, 1, 0, 0)|0.07370852225394833
(11, 3, 2, 0, 0, 0, 2, 0, 5, 4, 1, 0, 1, 0, 0)|0.0
(10, 3, 2, 0, 0, 0, 2, 0, 5, 4, 2, 1, 1, 0, 0)|0.07024145184594555
(10, 3, 2, 0, 0, 0, 2, 0, 5, 4, 2, 0, 0, 1, 0)|-0.003387154427166718
(11, 3, 2, 0, 0, 0, 2, 0, 5, 4, 1, 0, 2, 1, 0)|0.0
(10, 3, 2, 0, 0, 0, 2, 0, 5, 4, 2, 0, 1, 1, 0)|0.003319254465020002
(11, 3, 2, 0, 0, 0, 2, 0, 5, 4, 1, 0, 2, 0, 0)|0.0
(1, 0, 1, 0, 0, 0, 1, 0, 5, 5, 0, 1, 3, 2, 0)|-0.004761592021022659
(1, 0, 1, 0, 0, 0, 1, 0, 5, 5, 0, 0, 3, 2, 0)|0.0
(0, 0, 2, 0, 0, 0, 1, 0, 5, 5, 0, 0, 3, 2, 0)|-0.012106532222476521
(0, 0, 1, 0, 0, 1, 0, 0, 5, 5, 1, 0, 1, 0, 1)|0.0
(1, 0, 1, 0, 0, 1, 1, 0, 5, 5, 0, 2, 3, 1, 0)|0.0
(1, 0, 1, 0, 0, 1, 1, 0, 5, 4, 0, 2, 3, 0, 1)|0.0
(1, 0, 0, 0, 0, 0, 1, 0, 5, 4, 0, 3, 3, 0, 0)|-0.04136049833163681
(0, 0, 1, 0, 0, 0, 1, 0, 5, 4, 0, 1, 3, 1, 0)|-0.13622272609373073
(0, 0, 1, 0, 0, 0, 1, 0, 5, 4, 0, 0, 3, 1, 0)|0.0
(0, 0, 1, 0, 0, 0, 1, 0, 5, 4, 0, 2, 3, 1, 0)|0.0
(3, 1, 1, 0, 0, 1, 2, 0, 5, 5, 0, 1, 3, 0, 0)|0.0
(3, 1, 1, 0, 0, 1, 2, 0, 5, 5, 1, 0, 0, 0, 0)|-0.012636357565724888
(4, 1, 1, 0, 0, 1, 2, 0, 5, 5, 0, 0, 3, 0, 0)|-0.006288475413805352
(3, 1, 1, 0, 0, 1, 2, 0, 5, 5, 1, 0, 1, 0, 0)|0.0
(4, 1, 1, 0, 0, 1, 2, 0, 5, 5, 1, 0, 0, 0, 0)|0.0
(4, 2, 1, 0, 0, 1, 2, 0, 5, 5, 0, 0, 3, 0, 0)|-0.009709465290450539
(4, 2, 1, 0, 0, 1, 2, 0, 5, 5, 0, 1, 3, 0, 0)|0.0
(4, 2, 1, 0, 0, 1, 2, 0, 5, 5, 1, 0, 0, 0, 0)|-0.010155469462849048
(5, 2, 1, 0, 0, 1, 2, 0, 5, 5, 0, 0, 3, 0, 0)|-0.015314351931597773
(4, 2, 1, 0, 0, 1, 2, 0, 5, 5, 1, 0, 1, 0, 0)|0.0
(5, 2, 1, 0, 0, 1, 2, 0, 5, 5, 1, 0, 0, 0, 0)|-0.007480439187934711
(5, 2, 1, 0, 0, 1, 2, 0, 5, 5, 0, 1, 3, 0, 0)|-0.008528764680865188
(6, 2, 1, 0, 0, 1, 2, 0, 5, 5, 0, 0, 3, 0, 0)|0.0
(5, 2, 1, 0, 0, 1, 2, 0, 5, 5, 1, 1, 0, 0, 0)|-0.004323775269313519
(5, 2, 1, 0, 0, 1, 2, 0, 5, 5, 1, 0, 1, 0, 0)|0.0
(6, 2, 1, 0, 0, 1, 2, 0, 5, 5, 0, 0, 3, 1, 0)|-0.005779488503992854
(6, 2, 1, 0, 0, 1, 1, 0, 5, 5, 0, 0, 3, 0, 0)|0.0
(6, 2, 1, 0, 0, 1, 2, 0, 5, 5, 0, 1, 3, 1, 0)|0.0
(6, 2, 1, 0, 0, 1, 2, 0, 5, 5, 1, 0, 0, 1, 0)|-0.003939227448365279
(6, 2, 1, 0, 0, 1, 1, 0, 5, 5, 1, 0, 0, 0, 0)|-0.002876851272337581
(7, 2, 1, 0, 0, 1, 2, 0, 5, 5, 0, 0, 3, 1, 0)|0.0
(6, 1, 1, 0, 0, 1, 2, 0, 5, 5, 1, 0, 0, 0, 0)|-0.010853903025973126
(7, 1, 1, 0, 0, 1, 2, 0, 5, 5, 0, 0, 3, 0, 0)|-0.00433210461987342
(7, 1, 1, 0, 0, 1, 2, 0, 5, 5, 1, 0, 0, 0, 0)|0.0
(7, 1, 1, 0, 0, 1, 2, 0, 5, 5, 0, 1, 3, 0, 0)|-0.00728624713662648
(7, 1, 1, 0, 0, 1, 1, 0, 5, 5, 0, 1, 3, 0, 0)|-0.0015831561898558
(7, 1, 1, 0, 0, 1, 1, 0, 5, 5, 0, 0, 3, 0, 0)|0.0
(7, 0, 1, 0, 0, 1, 2, 0, 5, 5, 0, 1, 3, 0, 0)|0.003520486779380002
(7, 0, 1, 0, 0, 1, 2, 0, 5, 5, 0, 0, 3, 0, 0)|0.0
(7, 0, 1, 0, 0, 1, 2, 0, 5, 5, 0, 1, 3, 0, 1)|0.0808460918
(7, 0, 1, 0, 0, 1, 2, 0, 5, 5, 0, 0, 3, 0, 1)|0.0
(7, 0, 1, 0, 0, 1, 1, 0, 5, 5, 0, 1, 3, 0, 1)|0.97811
(7, 0, 1, 0, 0, 1, 1, 0, 5, 5, 0, 0, 3, 0, 1)|0.0
(7, 0, 1, 0, 0, 1, 0, 0, 5, 5, 0, 1, 3, 0, 1)|0.0
(7, 0, 1, 0, 0, 1, 1, 0, 5, 4, 0, 1, 3, 0, 1)|0.0
(7, 0, 1, 0, 0, 1, 1, 0, 5, 5, 0, 1, 3, 0, 0)|0.0
